<?xml version="1.0" encoding="UTF-8" standalone="yes" ?>
<MarketActConfig_Client_Tab>
<TResHeadAll version="5">
    <resHead type="TResHead">
        <Magic>1397052237 </Magic>
        <Version>6 </Version>
        <Unit>152 </Unit>
        <Count>91 </Count>
        <MetalibHash>aaaaaaaaaaaaaaaaaaaaaaaaaaaaaaaa</MetalibHash>
        <ResVersion>0 </ResVersion>
        <CreateTime>   0-00-00 00:00:00</CreateTime>
        <ResEncording>UTF-8</ResEncording>
        <ContentHash>c0e019fe96111a1a9404bc7e1fbc0533</ContentHash>
    </resHead>
    <resHeadExt type="TResHeadExt">
        <DataOffset>136 </DataOffset>
    </resHeadExt>
</TResHeadAll>
<MarketActConfig_Client version="1">
    <m_ushMarketActID>0 </m_ushMarketActID>
    <m_szDescription>0运营活动描述</m_szDescription>
    <m_ucRewardNumber>0x0 </m_ucRewardNumber>
</MarketActConfig_Client>
<MarketActConfig_Client version="1">
    <m_ushMarketActID>88 </m_ushMarketActID>
    <m_szDescription>沃卡用户奖励</m_szDescription>
    <m_ucRewardNumber>0x2 </m_ucRewardNumber>
    <m_astReward type="MarketActReward">
        <m_ucRewardType>0x1 </m_ucRewardType>
        <m_ushRewardID>0 </m_ushRewardID>
        <m_iRewardValue>500 </m_iRewardValue>
    </m_astReward>
    <m_astReward type="MarketActReward">
        <m_ucRewardType>0x2 </m_ucRewardType>
        <m_ushRewardID>0 </m_ushRewardID>
        <m_iRewardValue>5 </m_iRewardValue>
    </m_astReward>
</MarketActConfig_Client>
<MarketActConfig_Client version="1">
    <m_ushMarketActID>89 </m_ushMarketActID>
    <m_szDescription>三星用户首次登录豪华礼包1</m_szDescription>
    <m_ucRewardNumber>0x2 </m_ucRewardNumber>
    <m_astReward type="MarketActReward">
        <m_ucRewardType>0x7 </m_ucRewardType>
        <m_ushRewardID>0 </m_ushRewardID>
        <m_iRewardValue>160 </m_iRewardValue>
    </m_astReward>
    <m_astReward type="MarketActReward">
        <m_ucRewardType>0x1 </m_ucRewardType>
        <m_ushRewardID>0 </m_ushRewardID>
        <m_iRewardValue>800 </m_iRewardValue>
    </m_astReward>
</MarketActConfig_Client>
<MarketActConfig_Client version="1">
    <m_ushMarketActID>90 </m_ushMarketActID>
    <m_szDescription>三星用户首次登录豪华礼包2</m_szDescription>
    <m_ucRewardNumber>0x2 </m_ucRewardNumber>
    <m_astReward type="MarketActReward">
        <m_ucRewardType>0x5 </m_ucRewardType>
        <m_ushRewardID>406 </m_ushRewardID>
        <m_iRewardValue>406 </m_iRewardValue>
    </m_astReward>
    <m_astReward type="MarketActReward">
        <m_ucRewardType>0x5 </m_ucRewardType>
        <m_ushRewardID>403 </m_ushRewardID>
        <m_iRewardValue>403 </m_iRewardValue>
    </m_astReward>
</MarketActConfig_Client>
<MarketActConfig_Client version="1">
    <m_ushMarketActID>999 </m_ushMarketActID>
    <m_szDescription>更新版本送奖励</m_szDescription>
    <m_ucRewardNumber>0x1 </m_ucRewardNumber>
    <m_astReward type="MarketActReward">
        <m_ucRewardType>0x7 </m_ucRewardType>
        <m_ushRewardID>0 </m_ushRewardID>
        <m_iRewardValue>68 </m_iRewardValue>
    </m_astReward>
</MarketActConfig_Client>
<MarketActConfig_Client version="1">
    <m_ushMarketActID>1000 </m_ushMarketActID>
    <m_szDescription>更新版本送奖励</m_szDescription>
    <m_ucRewardNumber>0x1 </m_ucRewardNumber>
    <m_astReward type="MarketActReward">
        <m_ucRewardType>0x7 </m_ucRewardType>
        <m_ushRewardID>0 </m_ushRewardID>
        <m_iRewardValue>68 </m_iRewardValue>
    </m_astReward>
</MarketActConfig_Client>
<MarketActConfig_Client version="1">
    <m_ushMarketActID>1006 </m_ushMarketActID>
    <m_szDescription>更新版本送奖励</m_szDescription>
    <m_ucRewardNumber>0x1 </m_ucRewardNumber>
    <m_astReward type="MarketActReward">
        <m_ucRewardType>0x7 </m_ucRewardType>
        <m_ushRewardID>0 </m_ushRewardID>
        <m_iRewardValue>88 </m_iRewardValue>
    </m_astReward>
</MarketActConfig_Client>
<MarketActConfig_Client version="1">
    <m_ushMarketActID>3810 </m_ushMarketActID>
    <m_szDescription>12月18日登录活动奖励</m_szDescription>
    <m_ucRewardNumber>0x1 </m_ucRewardNumber>
    <m_astReward type="MarketActReward">
        <m_ucRewardType>0x5 </m_ucRewardType>
        <m_ushRewardID>1 </m_ushRewardID>
        <m_iRewardValue>1 </m_iRewardValue>
    </m_astReward>
</MarketActConfig_Client>
<MarketActConfig_Client version="1">
    <m_ushMarketActID>3811 </m_ushMarketActID>
    <m_szDescription>12月19日登录活动奖励</m_szDescription>
    <m_ucRewardNumber>0x1 </m_ucRewardNumber>
    <m_astReward type="MarketActReward">
        <m_ucRewardType>0x5 </m_ucRewardType>
        <m_ushRewardID>2 </m_ushRewardID>
        <m_iRewardValue>2 </m_iRewardValue>
    </m_astReward>
</MarketActConfig_Client>
<MarketActConfig_Client version="1">
    <m_ushMarketActID>3812 </m_ushMarketActID>
    <m_szDescription>12月20日登录活动奖励</m_szDescription>
    <m_ucRewardNumber>0x1 </m_ucRewardNumber>
    <m_astReward type="MarketActReward">
        <m_ucRewardType>0xa </m_ucRewardType>
        <m_ushRewardID>11601 </m_ushRewardID>
        <m_iRewardValue>1 </m_iRewardValue>
    </m_astReward>
</MarketActConfig_Client>
<MarketActConfig_Client version="1">
    <m_ushMarketActID>3813 </m_ushMarketActID>
    <m_szDescription>完成任意3首歌曲获赠奖励</m_szDescription>
    <m_ucRewardNumber>0x2 </m_ucRewardNumber>
    <m_astReward type="MarketActReward">
        <m_ucRewardType>0x5 </m_ucRewardType>
        <m_ushRewardID>403 </m_ushRewardID>
        <m_iRewardValue>403 </m_iRewardValue>
    </m_astReward>
    <m_astReward type="MarketActReward">
        <m_ucRewardType>0x2 </m_ucRewardType>
        <m_ushRewardID>0 </m_ushRewardID>
        <m_iRewardValue>5 </m_iRewardValue>
    </m_astReward>
</MarketActConfig_Client>
<MarketActConfig_Client version="1">
    <m_ushMarketActID>3814 </m_ushMarketActID>
    <m_szDescription>完成任意5首歌曲获赠奖励</m_szDescription>
    <m_ucRewardNumber>0x1 </m_ucRewardNumber>
    <m_astReward type="MarketActReward">
        <m_ucRewardType>0xb </m_ucRewardType>
        <m_ushRewardID>0 </m_ushRewardID>
        <m_iRewardValue>128 </m_iRewardValue>
    </m_astReward>
</MarketActConfig_Client>
<MarketActConfig_Client version="1">
    <m_ushMarketActID>3815 </m_ushMarketActID>
    <m_szDescription>好友齐闯关3首歌达到A获赠奖励</m_szDescription>
    <m_ucRewardNumber>0x1 </m_ucRewardNumber>
    <m_astReward type="MarketActReward">
        <m_ucRewardType>0x5 </m_ucRewardType>
        <m_ushRewardID>2 </m_ushRewardID>
        <m_iRewardValue>2 </m_iRewardValue>
    </m_astReward>
</MarketActConfig_Client>
<MarketActConfig_Client version="1">
    <m_ushMarketActID>3816 </m_ushMarketActID>
    <m_szDescription>好友齐闯关8首歌达到A获赠奖励</m_szDescription>
    <m_ucRewardNumber>0x1 </m_ucRewardNumber>
    <m_astReward type="MarketActReward">
        <m_ucRewardType>0x5 </m_ucRewardType>
        <m_ushRewardID>406 </m_ushRewardID>
        <m_iRewardValue>406 </m_iRewardValue>
    </m_astReward>
</MarketActConfig_Client>
<MarketActConfig_Client version="1">
    <m_ushMarketActID>3817 </m_ushMarketActID>
    <m_szDescription>好友齐闯关15首歌达到A获赠奖励</m_szDescription>
    <m_ucRewardNumber>0x1 </m_ucRewardNumber>
    <m_astReward type="MarketActReward">
        <m_ucRewardType>0x7 </m_ucRewardType>
        <m_ushRewardID>0 </m_ushRewardID>
        <m_iRewardValue>20 </m_iRewardValue>
    </m_astReward>
</MarketActConfig_Client>
<MarketActConfig_Client version="1">
    <m_ushMarketActID>3818 </m_ushMarketActID>
    <m_szDescription>打1次极限模式送奖励</m_szDescription>
    <m_ucRewardNumber>0x1 </m_ucRewardNumber>
    <m_astReward type="MarketActReward">
        <m_ucRewardType>0x5 </m_ucRewardType>
        <m_ushRewardID>1 </m_ushRewardID>
        <m_iRewardValue>1 </m_iRewardValue>
    </m_astReward>
</MarketActConfig_Client>
<MarketActConfig_Client version="1">
    <m_ushMarketActID>3819 </m_ushMarketActID>
    <m_szDescription>打3次极限模式送奖励</m_szDescription>
    <m_ucRewardNumber>0x1 </m_ucRewardNumber>
    <m_astReward type="MarketActReward">
        <m_ucRewardType>0x5 </m_ucRewardType>
        <m_ushRewardID>10 </m_ushRewardID>
        <m_iRewardValue>10 </m_iRewardValue>
    </m_astReward>
</MarketActConfig_Client>
<MarketActConfig_Client version="1">
    <m_ushMarketActID>3820 </m_ushMarketActID>
    <m_szDescription>12月25日登录活动奖励</m_szDescription>
    <m_ucRewardNumber>0x1 </m_ucRewardNumber>
    <m_astReward type="MarketActReward">
        <m_ucRewardType>0x2 </m_ucRewardType>
        <m_ushRewardID>0 </m_ushRewardID>
        <m_iRewardValue>20 </m_iRewardValue>
    </m_astReward>
</MarketActConfig_Client>
<MarketActConfig_Client version="1">
    <m_ushMarketActID>3821 </m_ushMarketActID>
    <m_szDescription>12月26日登录活动奖励</m_szDescription>
    <m_ucRewardNumber>0x1 </m_ucRewardNumber>
    <m_astReward type="MarketActReward">
        <m_ucRewardType>0x5 </m_ucRewardType>
        <m_ushRewardID>10 </m_ushRewardID>
        <m_iRewardValue>10 </m_iRewardValue>
    </m_astReward>
</MarketActConfig_Client>
<MarketActConfig_Client version="1">
    <m_ushMarketActID>3822 </m_ushMarketActID>
    <m_szDescription>12月27日登录活动奖励</m_szDescription>
    <m_ucRewardNumber>0x1 </m_ucRewardNumber>
    <m_astReward type="MarketActReward">
        <m_ucRewardType>0xa </m_ucRewardType>
        <m_ushRewardID>11201 </m_ushRewardID>
        <m_iRewardValue>1 </m_iRewardValue>
    </m_astReward>
</MarketActConfig_Client>
<MarketActConfig_Client version="1">
    <m_ushMarketActID>3823 </m_ushMarketActID>
    <m_szDescription>累计闯过1关获赠奖励</m_szDescription>
    <m_ucRewardNumber>0x2 </m_ucRewardNumber>
    <m_astReward type="MarketActReward">
        <m_ucRewardType>0x2 </m_ucRewardType>
        <m_ushRewardID>0 </m_ushRewardID>
        <m_iRewardValue>3 </m_iRewardValue>
    </m_astReward>
    <m_astReward type="MarketActReward">
        <m_ucRewardType>0x5 </m_ucRewardType>
        <m_ushRewardID>1 </m_ushRewardID>
        <m_iRewardValue>1 </m_iRewardValue>
    </m_astReward>
</MarketActConfig_Client>
<MarketActConfig_Client version="1">
    <m_ushMarketActID>3824 </m_ushMarketActID>
    <m_szDescription>累计闯过3关获赠奖励</m_szDescription>
    <m_ucRewardNumber>0x1 </m_ucRewardNumber>
    <m_astReward type="MarketActReward">
        <m_ucRewardType>0xb </m_ucRewardType>
        <m_ushRewardID>0 </m_ushRewardID>
        <m_iRewardValue>128 </m_iRewardValue>
    </m_astReward>
</MarketActConfig_Client>
<MarketActConfig_Client version="1">
    <m_ushMarketActID>3825 </m_ushMarketActID>
    <m_szDescription>累计闯过5关获赠奖励</m_szDescription>
    <m_ucRewardNumber>0x1 </m_ucRewardNumber>
    <m_astReward type="MarketActReward">
        <m_ucRewardType>0x5 </m_ucRewardType>
        <m_ushRewardID>6 </m_ushRewardID>
        <m_iRewardValue>6 </m_iRewardValue>
    </m_astReward>
</MarketActConfig_Client>
<MarketActConfig_Client version="1">
    <m_ushMarketActID>3826 </m_ushMarketActID>
    <m_szDescription>好友齐闯关完成第6关获赠奖励</m_szDescription>
    <m_ucRewardNumber>0x1 </m_ucRewardNumber>
    <m_astReward type="MarketActReward">
        <m_ucRewardType>0x5 </m_ucRewardType>
        <m_ushRewardID>10 </m_ushRewardID>
        <m_iRewardValue>10 </m_iRewardValue>
    </m_astReward>
</MarketActConfig_Client>
<MarketActConfig_Client version="1">
    <m_ushMarketActID>3827 </m_ushMarketActID>
    <m_szDescription>好友齐闯关完成第12关获赠奖励</m_szDescription>
    <m_ucRewardNumber>0x1 </m_ucRewardNumber>
    <m_astReward type="MarketActReward">
        <m_ucRewardType>0x5 </m_ucRewardType>
        <m_ushRewardID>403 </m_ushRewardID>
        <m_iRewardValue>403 </m_iRewardValue>
    </m_astReward>
</MarketActConfig_Client>
<MarketActConfig_Client version="1">
    <m_ushMarketActID>3828 </m_ushMarketActID>
    <m_szDescription>好友齐闯关完成第20关获赠奖励</m_szDescription>
    <m_ucRewardNumber>0x1 </m_ucRewardNumber>
    <m_astReward type="MarketActReward">
        <m_ucRewardType>0x7 </m_ucRewardType>
        <m_ushRewardID>0 </m_ushRewardID>
        <m_iRewardValue>20 </m_iRewardValue>
    </m_astReward>
</MarketActConfig_Client>
<MarketActConfig_Client version="1">
    <m_ushMarketActID>3829 </m_ushMarketActID>
    <m_szDescription>PK任意房间参与3次获赠</m_szDescription>
    <m_ucRewardNumber>0x1 </m_ucRewardNumber>
    <m_astReward type="MarketActReward">
        <m_ucRewardType>0x1 </m_ucRewardType>
        <m_ushRewardID>0 </m_ushRewardID>
        <m_iRewardValue>88 </m_iRewardValue>
    </m_astReward>
</MarketActConfig_Client>
<MarketActConfig_Client version="1">
    <m_ushMarketActID>3830 </m_ushMarketActID>
    <m_szDescription>PK任意房间胜利3次获赠奖励</m_szDescription>
    <m_ucRewardNumber>0x2 </m_ucRewardNumber>
    <m_astReward type="MarketActReward">
        <m_ucRewardType>0x1 </m_ucRewardType>
        <m_ushRewardID>0 </m_ushRewardID>
        <m_iRewardValue>188 </m_iRewardValue>
    </m_astReward>
    <m_astReward type="MarketActReward">
        <m_ucRewardType>0x5 </m_ucRewardType>
        <m_ushRewardID>1 </m_ushRewardID>
        <m_iRewardValue>1 </m_iRewardValue>
    </m_astReward>
</MarketActConfig_Client>
<MarketActConfig_Client version="1">
    <m_ushMarketActID>3831 </m_ushMarketActID>
    <m_szDescription>1月1日登录活动奖励</m_szDescription>
    <m_ucRewardNumber>0x2 </m_ucRewardNumber>
    <m_astReward type="MarketActReward">
        <m_ucRewardType>0x7 </m_ucRewardType>
        <m_ushRewardID>0 </m_ushRewardID>
        <m_iRewardValue>88 </m_iRewardValue>
    </m_astReward>
    <m_astReward type="MarketActReward">
        <m_ucRewardType>0x2 </m_ucRewardType>
        <m_ushRewardID>0 </m_ushRewardID>
        <m_iRewardValue>20 </m_iRewardValue>
    </m_astReward>
</MarketActConfig_Client>
<MarketActConfig_Client version="1">
    <m_ushMarketActID>3832 </m_ushMarketActID>
    <m_szDescription>1月2日登录活动奖励</m_szDescription>
    <m_ucRewardNumber>0x1 </m_ucRewardNumber>
    <m_astReward type="MarketActReward">
        <m_ucRewardType>0x5 </m_ucRewardType>
        <m_ushRewardID>1 </m_ushRewardID>
        <m_iRewardValue>1 </m_iRewardValue>
    </m_astReward>
</MarketActConfig_Client>
<MarketActConfig_Client version="1">
    <m_ushMarketActID>3833 </m_ushMarketActID>
    <m_szDescription>1月3日登录活动奖励</m_szDescription>
    <m_ucRewardNumber>0x1 </m_ucRewardNumber>
    <m_astReward type="MarketActReward">
        <m_ucRewardType>0x5 </m_ucRewardType>
        <m_ushRewardID>2 </m_ushRewardID>
        <m_iRewardValue>2 </m_iRewardValue>
    </m_astReward>
</MarketActConfig_Client>
<MarketActConfig_Client version="1">
    <m_ushMarketActID>3834 </m_ushMarketActID>
    <m_szDescription>完成任意3首歌曲获赠奖励</m_szDescription>
    <m_ucRewardNumber>0x2 </m_ucRewardNumber>
    <m_astReward type="MarketActReward">
        <m_ucRewardType>0x5 </m_ucRewardType>
        <m_ushRewardID>6 </m_ushRewardID>
        <m_iRewardValue>6 </m_iRewardValue>
    </m_astReward>
    <m_astReward type="MarketActReward">
        <m_ucRewardType>0x2 </m_ucRewardType>
        <m_ushRewardID>0 </m_ushRewardID>
        <m_iRewardValue>5 </m_iRewardValue>
    </m_astReward>
</MarketActConfig_Client>
<MarketActConfig_Client version="1">
    <m_ushMarketActID>3835 </m_ushMarketActID>
    <m_szDescription>完成任意5首歌曲获赠奖励</m_szDescription>
    <m_ucRewardNumber>0x1 </m_ucRewardNumber>
    <m_astReward type="MarketActReward">
        <m_ucRewardType>0xb </m_ucRewardType>
        <m_ushRewardID>0 </m_ushRewardID>
        <m_iRewardValue>188 </m_iRewardValue>
    </m_astReward>
</MarketActConfig_Client>
<MarketActConfig_Client version="1">
    <m_ushMarketActID>3836 </m_ushMarketActID>
    <m_szDescription>好友齐闯关3首歌达到A获赠奖励</m_szDescription>
    <m_ucRewardNumber>0x1 </m_ucRewardNumber>
    <m_astReward type="MarketActReward">
        <m_ucRewardType>0x5 </m_ucRewardType>
        <m_ushRewardID>6 </m_ushRewardID>
        <m_iRewardValue>6 </m_iRewardValue>
    </m_astReward>
</MarketActConfig_Client>
<MarketActConfig_Client version="1">
    <m_ushMarketActID>3837 </m_ushMarketActID>
    <m_szDescription>好友齐闯关8首歌达到A获赠奖励</m_szDescription>
    <m_ucRewardNumber>0x1 </m_ucRewardNumber>
    <m_astReward type="MarketActReward">
        <m_ucRewardType>0x5 </m_ucRewardType>
        <m_ushRewardID>2 </m_ushRewardID>
        <m_iRewardValue>2 </m_iRewardValue>
    </m_astReward>
</MarketActConfig_Client>
<MarketActConfig_Client version="1">
    <m_ushMarketActID>3838 </m_ushMarketActID>
    <m_szDescription>好友齐闯关15首歌达到A获赠奖励</m_szDescription>
    <m_ucRewardNumber>0x1 </m_ucRewardNumber>
    <m_astReward type="MarketActReward">
        <m_ucRewardType>0x7 </m_ucRewardType>
        <m_ushRewardID>0 </m_ushRewardID>
        <m_iRewardValue>20 </m_iRewardValue>
    </m_astReward>
</MarketActConfig_Client>
<MarketActConfig_Client version="1">
    <m_ushMarketActID>3839 </m_ushMarketActID>
    <m_szDescription>打1次极限模式送奖励</m_szDescription>
    <m_ucRewardNumber>0x1 </m_ucRewardNumber>
    <m_astReward type="MarketActReward">
        <m_ucRewardType>0x5 </m_ucRewardType>
        <m_ushRewardID>2 </m_ushRewardID>
        <m_iRewardValue>2 </m_iRewardValue>
    </m_astReward>
</MarketActConfig_Client>
<MarketActConfig_Client version="1">
    <m_ushMarketActID>3840 </m_ushMarketActID>
    <m_szDescription>打3次极限模式送奖励</m_szDescription>
    <m_ucRewardNumber>0x1 </m_ucRewardNumber>
    <m_astReward type="MarketActReward">
        <m_ucRewardType>0x5 </m_ucRewardType>
        <m_ushRewardID>8 </m_ushRewardID>
        <m_iRewardValue>8 </m_iRewardValue>
    </m_astReward>
</MarketActConfig_Client>
<MarketActConfig_Client version="1">
    <m_ushMarketActID>3841 </m_ushMarketActID>
    <m_szDescription>1月8日登录活动奖励</m_szDescription>
    <m_ucRewardNumber>0x1 </m_ucRewardNumber>
    <m_astReward type="MarketActReward">
        <m_ucRewardType>0x1 </m_ucRewardType>
        <m_ushRewardID>0 </m_ushRewardID>
        <m_iRewardValue>88 </m_iRewardValue>
    </m_astReward>
</MarketActConfig_Client>
<MarketActConfig_Client version="1">
    <m_ushMarketActID>3842 </m_ushMarketActID>
    <m_szDescription>1月9日登录活动奖励</m_szDescription>
    <m_ucRewardNumber>0x1 </m_ucRewardNumber>
    <m_astReward type="MarketActReward">
        <m_ucRewardType>0x5 </m_ucRewardType>
        <m_ushRewardID>6 </m_ushRewardID>
        <m_iRewardValue>6 </m_iRewardValue>
    </m_astReward>
</MarketActConfig_Client>
<MarketActConfig_Client version="1">
    <m_ushMarketActID>3843 </m_ushMarketActID>
    <m_szDescription>1月10日登录活动奖励</m_szDescription>
    <m_ucRewardNumber>0x1 </m_ucRewardNumber>
    <m_astReward type="MarketActReward">
        <m_ucRewardType>0xa </m_ucRewardType>
        <m_ushRewardID>10701 </m_ushRewardID>
        <m_iRewardValue>1 </m_iRewardValue>
    </m_astReward>
</MarketActConfig_Client>
<MarketActConfig_Client version="1">
    <m_ushMarketActID>3844 </m_ushMarketActID>
    <m_szDescription>累计闯过1关获赠奖励</m_szDescription>
    <m_ucRewardNumber>0x2 </m_ucRewardNumber>
    <m_astReward type="MarketActReward">
        <m_ucRewardType>0x5 </m_ucRewardType>
        <m_ushRewardID>6 </m_ushRewardID>
        <m_iRewardValue>6 </m_iRewardValue>
    </m_astReward>
    <m_astReward type="MarketActReward">
        <m_ucRewardType>0x2 </m_ucRewardType>
        <m_ushRewardID>0 </m_ushRewardID>
        <m_iRewardValue>3 </m_iRewardValue>
    </m_astReward>
</MarketActConfig_Client>
<MarketActConfig_Client version="1">
    <m_ushMarketActID>3845 </m_ushMarketActID>
    <m_szDescription>累计闯过3关获赠奖励</m_szDescription>
    <m_ucRewardNumber>0x1 </m_ucRewardNumber>
    <m_astReward type="MarketActReward">
        <m_ucRewardType>0xb </m_ucRewardType>
        <m_ushRewardID>0 </m_ushRewardID>
        <m_iRewardValue>128 </m_iRewardValue>
    </m_astReward>
</MarketActConfig_Client>
<MarketActConfig_Client version="1">
    <m_ushMarketActID>3846 </m_ushMarketActID>
    <m_szDescription>累计闯过5关获赠奖励</m_szDescription>
    <m_ucRewardNumber>0x1 </m_ucRewardNumber>
    <m_astReward type="MarketActReward">
        <m_ucRewardType>0x5 </m_ucRewardType>
        <m_ushRewardID>8 </m_ushRewardID>
        <m_iRewardValue>8 </m_iRewardValue>
    </m_astReward>
</MarketActConfig_Client>
<MarketActConfig_Client version="1">
    <m_ushMarketActID>3847 </m_ushMarketActID>
    <m_szDescription>好友齐闯关完成第6关获赠奖励</m_szDescription>
    <m_ucRewardNumber>0x1 </m_ucRewardNumber>
    <m_astReward type="MarketActReward">
        <m_ucRewardType>0x5 </m_ucRewardType>
        <m_ushRewardID>2 </m_ushRewardID>
        <m_iRewardValue>2 </m_iRewardValue>
    </m_astReward>
</MarketActConfig_Client>
<MarketActConfig_Client version="1">
    <m_ushMarketActID>3848 </m_ushMarketActID>
    <m_szDescription>好友齐闯关完成第12关获赠奖励</m_szDescription>
    <m_ucRewardNumber>0x1 </m_ucRewardNumber>
    <m_astReward type="MarketActReward">
        <m_ucRewardType>0x5 </m_ucRewardType>
        <m_ushRewardID>403 </m_ushRewardID>
        <m_iRewardValue>403 </m_iRewardValue>
    </m_astReward>
</MarketActConfig_Client>
<MarketActConfig_Client version="1">
    <m_ushMarketActID>3849 </m_ushMarketActID>
    <m_szDescription>好友齐闯关完成第20关获赠奖励</m_szDescription>
    <m_ucRewardNumber>0x1 </m_ucRewardNumber>
    <m_astReward type="MarketActReward">
        <m_ucRewardType>0x7 </m_ucRewardType>
        <m_ushRewardID>0 </m_ushRewardID>
        <m_iRewardValue>20 </m_iRewardValue>
    </m_astReward>
</MarketActConfig_Client>
<MarketActConfig_Client version="1">
    <m_ushMarketActID>3850 </m_ushMarketActID>
    <m_szDescription>PK任意房间参与3次获赠</m_szDescription>
    <m_ucRewardNumber>0x1 </m_ucRewardNumber>
    <m_astReward type="MarketActReward">
        <m_ucRewardType>0x1 </m_ucRewardType>
        <m_ushRewardID>0 </m_ushRewardID>
        <m_iRewardValue>88 </m_iRewardValue>
    </m_astReward>
</MarketActConfig_Client>
<MarketActConfig_Client version="1">
    <m_ushMarketActID>3851 </m_ushMarketActID>
    <m_szDescription>PK任意房间胜利3次获赠奖励</m_szDescription>
    <m_ucRewardNumber>0x2 </m_ucRewardNumber>
    <m_astReward type="MarketActReward">
        <m_ucRewardType>0x1 </m_ucRewardType>
        <m_ushRewardID>0 </m_ushRewardID>
        <m_iRewardValue>166 </m_iRewardValue>
    </m_astReward>
    <m_astReward type="MarketActReward">
        <m_ucRewardType>0x5 </m_ucRewardType>
        <m_ushRewardID>8 </m_ushRewardID>
        <m_iRewardValue>8 </m_iRewardValue>
    </m_astReward>
</MarketActConfig_Client>
<MarketActConfig_Client version="1">
    <m_ushMarketActID>3852 </m_ushMarketActID>
    <m_szDescription>1月15日登录活动奖励</m_szDescription>
    <m_ucRewardNumber>0x1 </m_ucRewardNumber>
    <m_astReward type="MarketActReward">
        <m_ucRewardType>0x5 </m_ucRewardType>
        <m_ushRewardID>1 </m_ushRewardID>
        <m_iRewardValue>1 </m_iRewardValue>
    </m_astReward>
</MarketActConfig_Client>
<MarketActConfig_Client version="1">
    <m_ushMarketActID>3853 </m_ushMarketActID>
    <m_szDescription>1月16日登录活动奖励</m_szDescription>
    <m_ucRewardNumber>0x1 </m_ucRewardNumber>
    <m_astReward type="MarketActReward">
        <m_ucRewardType>0x5 </m_ucRewardType>
        <m_ushRewardID>2 </m_ushRewardID>
        <m_iRewardValue>2 </m_iRewardValue>
    </m_astReward>
</MarketActConfig_Client>
<MarketActConfig_Client version="1">
    <m_ushMarketActID>3854 </m_ushMarketActID>
    <m_szDescription>1月17日登录活动奖励</m_szDescription>
    <m_ucRewardNumber>0x1 </m_ucRewardNumber>
    <m_astReward type="MarketActReward">
        <m_ucRewardType>0xa </m_ucRewardType>
        <m_ushRewardID>11601 </m_ushRewardID>
        <m_iRewardValue>1 </m_iRewardValue>
    </m_astReward>
</MarketActConfig_Client>
<MarketActConfig_Client version="1">
    <m_ushMarketActID>3855 </m_ushMarketActID>
    <m_szDescription>完成任意3首歌曲获赠奖励</m_szDescription>
    <m_ucRewardNumber>0x2 </m_ucRewardNumber>
    <m_astReward type="MarketActReward">
        <m_ucRewardType>0x5 </m_ucRewardType>
        <m_ushRewardID>403 </m_ushRewardID>
        <m_iRewardValue>403 </m_iRewardValue>
    </m_astReward>
    <m_astReward type="MarketActReward">
        <m_ucRewardType>0x2 </m_ucRewardType>
        <m_ushRewardID>0 </m_ushRewardID>
        <m_iRewardValue>5 </m_iRewardValue>
    </m_astReward>
</MarketActConfig_Client>
<MarketActConfig_Client version="1">
    <m_ushMarketActID>3856 </m_ushMarketActID>
    <m_szDescription>完成任意5首歌曲获赠奖励</m_szDescription>
    <m_ucRewardNumber>0x1 </m_ucRewardNumber>
    <m_astReward type="MarketActReward">
        <m_ucRewardType>0xb </m_ucRewardType>
        <m_ushRewardID>0 </m_ushRewardID>
        <m_iRewardValue>128 </m_iRewardValue>
    </m_astReward>
</MarketActConfig_Client>
<MarketActConfig_Client version="1">
    <m_ushMarketActID>3857 </m_ushMarketActID>
    <m_szDescription>好友齐闯关3首歌达到A获赠奖励</m_szDescription>
    <m_ucRewardNumber>0x1 </m_ucRewardNumber>
    <m_astReward type="MarketActReward">
        <m_ucRewardType>0x5 </m_ucRewardType>
        <m_ushRewardID>2 </m_ushRewardID>
        <m_iRewardValue>2 </m_iRewardValue>
    </m_astReward>
</MarketActConfig_Client>
<MarketActConfig_Client version="1">
    <m_ushMarketActID>3858 </m_ushMarketActID>
    <m_szDescription>好友齐闯关8首歌达到A获赠奖励</m_szDescription>
    <m_ucRewardNumber>0x1 </m_ucRewardNumber>
    <m_astReward type="MarketActReward">
        <m_ucRewardType>0x5 </m_ucRewardType>
        <m_ushRewardID>406 </m_ushRewardID>
        <m_iRewardValue>406 </m_iRewardValue>
    </m_astReward>
</MarketActConfig_Client>
<MarketActConfig_Client version="1">
    <m_ushMarketActID>3859 </m_ushMarketActID>
    <m_szDescription>好友齐闯关15首歌达到A获赠奖励</m_szDescription>
    <m_ucRewardNumber>0x1 </m_ucRewardNumber>
    <m_astReward type="MarketActReward">
        <m_ucRewardType>0x7 </m_ucRewardType>
        <m_ushRewardID>0 </m_ushRewardID>
        <m_iRewardValue>20 </m_iRewardValue>
    </m_astReward>
</MarketActConfig_Client>
<MarketActConfig_Client version="1">
    <m_ushMarketActID>3860 </m_ushMarketActID>
    <m_szDescription>打1次极限模式送奖励</m_szDescription>
    <m_ucRewardNumber>0x1 </m_ucRewardNumber>
    <m_astReward type="MarketActReward">
        <m_ucRewardType>0x5 </m_ucRewardType>
        <m_ushRewardID>1 </m_ushRewardID>
        <m_iRewardValue>1 </m_iRewardValue>
    </m_astReward>
</MarketActConfig_Client>
<MarketActConfig_Client version="1">
    <m_ushMarketActID>3861 </m_ushMarketActID>
    <m_szDescription>打3次极限模式送奖励</m_szDescription>
    <m_ucRewardNumber>0x1 </m_ucRewardNumber>
    <m_astReward type="MarketActReward">
        <m_ucRewardType>0x5 </m_ucRewardType>
        <m_ushRewardID>10 </m_ushRewardID>
        <m_iRewardValue>10 </m_iRewardValue>
    </m_astReward>
</MarketActConfig_Client>
<MarketActConfig_Client version="1">
    <m_ushMarketActID>3862 </m_ushMarketActID>
    <m_szDescription>1月22日登录活动奖励</m_szDescription>
    <m_ucRewardNumber>0x1 </m_ucRewardNumber>
    <m_astReward type="MarketActReward">
        <m_ucRewardType>0x1 </m_ucRewardType>
        <m_ushRewardID>0 </m_ushRewardID>
        <m_iRewardValue>88 </m_iRewardValue>
    </m_astReward>
</MarketActConfig_Client>
<MarketActConfig_Client version="1">
    <m_ushMarketActID>3863 </m_ushMarketActID>
    <m_szDescription>1月23日登录活动奖励</m_szDescription>
    <m_ucRewardNumber>0x1 </m_ucRewardNumber>
    <m_astReward type="MarketActReward">
        <m_ucRewardType>0x5 </m_ucRewardType>
        <m_ushRewardID>10 </m_ushRewardID>
        <m_iRewardValue>10 </m_iRewardValue>
    </m_astReward>
</MarketActConfig_Client>
<MarketActConfig_Client version="1">
    <m_ushMarketActID>3864 </m_ushMarketActID>
    <m_szDescription>1月24日登录活动奖励</m_szDescription>
    <m_ucRewardNumber>0x1 </m_ucRewardNumber>
    <m_astReward type="MarketActReward">
        <m_ucRewardType>0xa </m_ucRewardType>
        <m_ushRewardID>11201 </m_ushRewardID>
        <m_iRewardValue>1 </m_iRewardValue>
    </m_astReward>
</MarketActConfig_Client>
<MarketActConfig_Client version="1">
    <m_ushMarketActID>3865 </m_ushMarketActID>
    <m_szDescription>累计闯过1关获赠奖励</m_szDescription>
    <m_ucRewardNumber>0x2 </m_ucRewardNumber>
    <m_astReward type="MarketActReward">
        <m_ucRewardType>0x2 </m_ucRewardType>
        <m_ushRewardID>0 </m_ushRewardID>
        <m_iRewardValue>3 </m_iRewardValue>
    </m_astReward>
    <m_astReward type="MarketActReward">
        <m_ucRewardType>0x5 </m_ucRewardType>
        <m_ushRewardID>1 </m_ushRewardID>
        <m_iRewardValue>1 </m_iRewardValue>
    </m_astReward>
</MarketActConfig_Client>
<MarketActConfig_Client version="1">
    <m_ushMarketActID>3866 </m_ushMarketActID>
    <m_szDescription>累计闯过3关获赠奖励</m_szDescription>
    <m_ucRewardNumber>0x1 </m_ucRewardNumber>
    <m_astReward type="MarketActReward">
        <m_ucRewardType>0xb </m_ucRewardType>
        <m_ushRewardID>0 </m_ushRewardID>
        <m_iRewardValue>128 </m_iRewardValue>
    </m_astReward>
</MarketActConfig_Client>
<MarketActConfig_Client version="1">
    <m_ushMarketActID>3867 </m_ushMarketActID>
    <m_szDescription>累计闯过5关获赠奖励</m_szDescription>
    <m_ucRewardNumber>0x1 </m_ucRewardNumber>
    <m_astReward type="MarketActReward">
        <m_ucRewardType>0x5 </m_ucRewardType>
        <m_ushRewardID>6 </m_ushRewardID>
        <m_iRewardValue>6 </m_iRewardValue>
    </m_astReward>
</MarketActConfig_Client>
<MarketActConfig_Client version="1">
    <m_ushMarketActID>3868 </m_ushMarketActID>
    <m_szDescription>好友齐闯关完成第6关获赠奖励</m_szDescription>
    <m_ucRewardNumber>0x1 </m_ucRewardNumber>
    <m_astReward type="MarketActReward">
        <m_ucRewardType>0x5 </m_ucRewardType>
        <m_ushRewardID>10 </m_ushRewardID>
        <m_iRewardValue>10 </m_iRewardValue>
    </m_astReward>
</MarketActConfig_Client>
<MarketActConfig_Client version="1">
    <m_ushMarketActID>3869 </m_ushMarketActID>
    <m_szDescription>好友齐闯关完成第12关获赠奖励</m_szDescription>
    <m_ucRewardNumber>0x1 </m_ucRewardNumber>
    <m_astReward type="MarketActReward">
        <m_ucRewardType>0x5 </m_ucRewardType>
        <m_ushRewardID>403 </m_ushRewardID>
        <m_iRewardValue>403 </m_iRewardValue>
    </m_astReward>
</MarketActConfig_Client>
<MarketActConfig_Client version="1">
    <m_ushMarketActID>3870 </m_ushMarketActID>
    <m_szDescription>好友齐闯关完成第20关获赠奖励</m_szDescription>
    <m_ucRewardNumber>0x1 </m_ucRewardNumber>
    <m_astReward type="MarketActReward">
        <m_ucRewardType>0x7 </m_ucRewardType>
        <m_ushRewardID>0 </m_ushRewardID>
        <m_iRewardValue>20 </m_iRewardValue>
    </m_astReward>
</MarketActConfig_Client>
<MarketActConfig_Client version="1">
    <m_ushMarketActID>3871 </m_ushMarketActID>
    <m_szDescription>PK任意房间参与3次获赠</m_szDescription>
    <m_ucRewardNumber>0x1 </m_ucRewardNumber>
    <m_astReward type="MarketActReward">
        <m_ucRewardType>0x1 </m_ucRewardType>
        <m_ushRewardID>0 </m_ushRewardID>
        <m_iRewardValue>88 </m_iRewardValue>
    </m_astReward>
</MarketActConfig_Client>
<MarketActConfig_Client version="1">
    <m_ushMarketActID>3872 </m_ushMarketActID>
    <m_szDescription>PK任意房间胜利3次获赠奖励</m_szDescription>
    <m_ucRewardNumber>0x2 </m_ucRewardNumber>
    <m_astReward type="MarketActReward">
        <m_ucRewardType>0x1 </m_ucRewardType>
        <m_ushRewardID>0 </m_ushRewardID>
        <m_iRewardValue>188 </m_iRewardValue>
    </m_astReward>
    <m_astReward type="MarketActReward">
        <m_ucRewardType>0x5 </m_ucRewardType>
        <m_ushRewardID>1 </m_ushRewardID>
        <m_iRewardValue>1 </m_iRewardValue>
    </m_astReward>
</MarketActConfig_Client>
<MarketActConfig_Client version="1">
    <m_ushMarketActID>3873 </m_ushMarketActID>
    <m_szDescription>1月29日登录活动奖励</m_szDescription>
    <m_ucRewardNumber>0x1 </m_ucRewardNumber>
    <m_astReward type="MarketActReward">
        <m_ucRewardType>0x5 </m_ucRewardType>
        <m_ushRewardID>1 </m_ushRewardID>
        <m_iRewardValue>1 </m_iRewardValue>
    </m_astReward>
</MarketActConfig_Client>
<MarketActConfig_Client version="1">
    <m_ushMarketActID>3874 </m_ushMarketActID>
    <m_szDescription>1月30日登录活动奖励</m_szDescription>
    <m_ucRewardNumber>0x1 </m_ucRewardNumber>
    <m_astReward type="MarketActReward">
        <m_ucRewardType>0x5 </m_ucRewardType>
        <m_ushRewardID>2 </m_ushRewardID>
        <m_iRewardValue>2 </m_iRewardValue>
    </m_astReward>
</MarketActConfig_Client>
<MarketActConfig_Client version="1">
    <m_ushMarketActID>3875 </m_ushMarketActID>
    <m_szDescription>1月31日登录活动奖励</m_szDescription>
    <m_ucRewardNumber>0x1 </m_ucRewardNumber>
    <m_astReward type="MarketActReward">
        <m_ucRewardType>0xa </m_ucRewardType>
        <m_ushRewardID>11003 </m_ushRewardID>
        <m_iRewardValue>1 </m_iRewardValue>
    </m_astReward>
</MarketActConfig_Client>
<MarketActConfig_Client version="1">
    <m_ushMarketActID>3876 </m_ushMarketActID>
    <m_szDescription>完成任意3首歌曲获赠奖励</m_szDescription>
    <m_ucRewardNumber>0x2 </m_ucRewardNumber>
    <m_astReward type="MarketActReward">
        <m_ucRewardType>0x5 </m_ucRewardType>
        <m_ushRewardID>6 </m_ushRewardID>
        <m_iRewardValue>6 </m_iRewardValue>
    </m_astReward>
    <m_astReward type="MarketActReward">
        <m_ucRewardType>0x2 </m_ucRewardType>
        <m_ushRewardID>0 </m_ushRewardID>
        <m_iRewardValue>5 </m_iRewardValue>
    </m_astReward>
</MarketActConfig_Client>
<MarketActConfig_Client version="1">
    <m_ushMarketActID>3877 </m_ushMarketActID>
    <m_szDescription>完成任意5首歌曲获赠奖励</m_szDescription>
    <m_ucRewardNumber>0x1 </m_ucRewardNumber>
    <m_astReward type="MarketActReward">
        <m_ucRewardType>0xb </m_ucRewardType>
        <m_ushRewardID>0 </m_ushRewardID>
        <m_iRewardValue>188 </m_iRewardValue>
    </m_astReward>
</MarketActConfig_Client>
<MarketActConfig_Client version="1">
    <m_ushMarketActID>3878 </m_ushMarketActID>
    <m_szDescription>好友齐闯关3首歌达到A获赠奖励</m_szDescription>
    <m_ucRewardNumber>0x1 </m_ucRewardNumber>
    <m_astReward type="MarketActReward">
        <m_ucRewardType>0x5 </m_ucRewardType>
        <m_ushRewardID>10 </m_ushRewardID>
        <m_iRewardValue>10 </m_iRewardValue>
    </m_astReward>
</MarketActConfig_Client>
<MarketActConfig_Client version="1">
    <m_ushMarketActID>3879 </m_ushMarketActID>
    <m_szDescription>好友齐闯关8首歌达到A获赠奖励</m_szDescription>
    <m_ucRewardNumber>0x1 </m_ucRewardNumber>
    <m_astReward type="MarketActReward">
        <m_ucRewardType>0x5 </m_ucRewardType>
        <m_ushRewardID>2 </m_ushRewardID>
        <m_iRewardValue>2 </m_iRewardValue>
    </m_astReward>
</MarketActConfig_Client>
<MarketActConfig_Client version="1">
    <m_ushMarketActID>3880 </m_ushMarketActID>
    <m_szDescription>好友齐闯关15首歌达到A获赠奖励</m_szDescription>
    <m_ucRewardNumber>0x1 </m_ucRewardNumber>
    <m_astReward type="MarketActReward">
        <m_ucRewardType>0x7 </m_ucRewardType>
        <m_ushRewardID>0 </m_ushRewardID>
        <m_iRewardValue>20 </m_iRewardValue>
    </m_astReward>
</MarketActConfig_Client>
<MarketActConfig_Client version="1">
    <m_ushMarketActID>3881 </m_ushMarketActID>
    <m_szDescription>打1次极限模式送奖励</m_szDescription>
    <m_ucRewardNumber>0x1 </m_ucRewardNumber>
    <m_astReward type="MarketActReward">
        <m_ucRewardType>0x5 </m_ucRewardType>
        <m_ushRewardID>8 </m_ushRewardID>
        <m_iRewardValue>8 </m_iRewardValue>
    </m_astReward>
</MarketActConfig_Client>
<MarketActConfig_Client version="1">
    <m_ushMarketActID>3882 </m_ushMarketActID>
    <m_szDescription>打3次极限模式送奖励</m_szDescription>
    <m_ucRewardNumber>0x1 </m_ucRewardNumber>
    <m_astReward type="MarketActReward">
        <m_ucRewardType>0x5 </m_ucRewardType>
        <m_ushRewardID>2 </m_ushRewardID>
        <m_iRewardValue>2 </m_iRewardValue>
    </m_astReward>
</MarketActConfig_Client>
<MarketActConfig_Client version="1">
    <m_ushMarketActID>3883 </m_ushMarketActID>
    <m_szDescription>2月5日登录活动奖励</m_szDescription>
    <m_ucRewardNumber>0x1 </m_ucRewardNumber>
    <m_astReward type="MarketActReward">
        <m_ucRewardType>0x1 </m_ucRewardType>
        <m_ushRewardID>0 </m_ushRewardID>
        <m_iRewardValue>66 </m_iRewardValue>
    </m_astReward>
</MarketActConfig_Client>
<MarketActConfig_Client version="1">
    <m_ushMarketActID>3884 </m_ushMarketActID>
    <m_szDescription>2月6日登录活动奖励</m_szDescription>
    <m_ucRewardNumber>0x1 </m_ucRewardNumber>
    <m_astReward type="MarketActReward">
        <m_ucRewardType>0x5 </m_ucRewardType>
        <m_ushRewardID>1 </m_ushRewardID>
        <m_iRewardValue>1 </m_iRewardValue>
    </m_astReward>
</MarketActConfig_Client>
<MarketActConfig_Client version="1">
    <m_ushMarketActID>3885 </m_ushMarketActID>
    <m_szDescription>2月7日登录活动奖励</m_szDescription>
    <m_ucRewardNumber>0x1 </m_ucRewardNumber>
    <m_astReward type="MarketActReward">
        <m_ucRewardType>0xa </m_ucRewardType>
        <m_ushRewardID>10601 </m_ushRewardID>
        <m_iRewardValue>1 </m_iRewardValue>
    </m_astReward>
</MarketActConfig_Client>
<MarketActConfig_Client version="1">
    <m_ushMarketActID>3886 </m_ushMarketActID>
    <m_szDescription>累计闯过1关获赠奖励</m_szDescription>
    <m_ucRewardNumber>0x2 </m_ucRewardNumber>
    <m_astReward type="MarketActReward">
        <m_ucRewardType>0x5 </m_ucRewardType>
        <m_ushRewardID>6 </m_ushRewardID>
        <m_iRewardValue>6 </m_iRewardValue>
    </m_astReward>
    <m_astReward type="MarketActReward">
        <m_ucRewardType>0x2 </m_ucRewardType>
        <m_ushRewardID>0 </m_ushRewardID>
        <m_iRewardValue>3 </m_iRewardValue>
    </m_astReward>
</MarketActConfig_Client>
<MarketActConfig_Client version="1">
    <m_ushMarketActID>3887 </m_ushMarketActID>
    <m_szDescription>累计闯过3关获赠奖励</m_szDescription>
    <m_ucRewardNumber>0x1 </m_ucRewardNumber>
    <m_astReward type="MarketActReward">
        <m_ucRewardType>0xb </m_ucRewardType>
        <m_ushRewardID>0 </m_ushRewardID>
        <m_iRewardValue>128 </m_iRewardValue>
    </m_astReward>
</MarketActConfig_Client>
<MarketActConfig_Client version="1">
    <m_ushMarketActID>3888 </m_ushMarketActID>
    <m_szDescription>累计闯过5关获赠奖励</m_szDescription>
    <m_ucRewardNumber>0x1 </m_ucRewardNumber>
    <m_astReward type="MarketActReward">
        <m_ucRewardType>0x5 </m_ucRewardType>
        <m_ushRewardID>2 </m_ushRewardID>
        <m_iRewardValue>2 </m_iRewardValue>
    </m_astReward>
</MarketActConfig_Client>
<MarketActConfig_Client version="1">
    <m_ushMarketActID>3889 </m_ushMarketActID>
    <m_szDescription>好友齐闯关完成第6关获赠奖励</m_szDescription>
    <m_ucRewardNumber>0x1 </m_ucRewardNumber>
    <m_astReward type="MarketActReward">
        <m_ucRewardType>0x5 </m_ucRewardType>
        <m_ushRewardID>2 </m_ushRewardID>
        <m_iRewardValue>2 </m_iRewardValue>
    </m_astReward>
</MarketActConfig_Client>
<MarketActConfig_Client version="1">
    <m_ushMarketActID>3890 </m_ushMarketActID>
    <m_szDescription>好友齐闯关完成第12关获赠奖励</m_szDescription>
    <m_ucRewardNumber>0x1 </m_ucRewardNumber>
    <m_astReward type="MarketActReward">
        <m_ucRewardType>0x5 </m_ucRewardType>
        <m_ushRewardID>10 </m_ushRewardID>
        <m_iRewardValue>10 </m_iRewardValue>
    </m_astReward>
</MarketActConfig_Client>
<MarketActConfig_Client version="1">
    <m_ushMarketActID>3891 </m_ushMarketActID>
    <m_szDescription>好友齐闯关完成第20关获赠奖励</m_szDescription>
    <m_ucRewardNumber>0x1 </m_ucRewardNumber>
    <m_astReward type="MarketActReward">
        <m_ucRewardType>0x7 </m_ucRewardType>
        <m_ushRewardID>0 </m_ushRewardID>
        <m_iRewardValue>20 </m_iRewardValue>
    </m_astReward>
</MarketActConfig_Client>
<MarketActConfig_Client version="1">
    <m_ushMarketActID>3892 </m_ushMarketActID>
    <m_szDescription>PK任意房间参与3次获赠</m_szDescription>
    <m_ucRewardNumber>0x1 </m_ucRewardNumber>
    <m_astReward type="MarketActReward">
        <m_ucRewardType>0x1 </m_ucRewardType>
        <m_ushRewardID>0 </m_ushRewardID>
        <m_iRewardValue>88 </m_iRewardValue>
    </m_astReward>
</MarketActConfig_Client>
<MarketActConfig_Client version="1">
    <m_ushMarketActID>3893 </m_ushMarketActID>
    <m_szDescription>PK任意房间胜利3次获赠奖励</m_szDescription>
    <m_ucRewardNumber>0x2 </m_ucRewardNumber>
    <m_astReward type="MarketActReward">
        <m_ucRewardType>0x1 </m_ucRewardType>
        <m_ushRewardID>0 </m_ushRewardID>
        <m_iRewardValue>166 </m_iRewardValue>
    </m_astReward>
    <m_astReward type="MarketActReward">
        <m_ucRewardType>0x5 </m_ucRewardType>
        <m_ushRewardID>6 </m_ushRewardID>
        <m_iRewardValue>6 </m_iRewardValue>
    </m_astReward>
</MarketActConfig_Client>
</MarketActConfig_Client_Tab>