<?xml version="1.0" encoding="UTF-8" standalone="yes" ?>
<MarketActConfig_Client_Tab>
<TResHeadAll version="5">
    <resHead type="TResHead">
        <Magic>1397052237 </Magic>
        <Version>6 </Version>
        <Unit>152 </Unit>
        <Count>50 </Count>
        <MetalibHash>aaaaaaaaaaaaaaaaaaaaaaaaaaaaaaaa</MetalibHash>
        <ResVersion>0 </ResVersion>
        <CreateTime>   0-00-00 00:00:00</CreateTime>
        <ResEncording>UTF-8</ResEncording>
        <ContentHash>12e4c9b586638699620cc6d3055a54ce</ContentHash>
    </resHead>
    <resHeadExt type="TResHeadExt">
        <DataOffset>136 </DataOffset>
    </resHeadExt>
</TResHeadAll>
<MarketActConfig_Client version="1">
    <m_ushMarketActID>0 </m_ushMarketActID>
    <m_szDescription>0运营活动描述</m_szDescription>
    <m_ucRewardNumber>0x0 </m_ucRewardNumber>
</MarketActConfig_Client>
<MarketActConfig_Client version="1">
    <m_ushMarketActID>88 </m_ushMarketActID>
    <m_szDescription>沃卡用户奖励</m_szDescription>
    <m_ucRewardNumber>0x2 </m_ucRewardNumber>
    <m_astReward type="MarketActReward">
        <m_ucRewardType>0x1 </m_ucRewardType>
        <m_ushRewardID>0 </m_ushRewardID>
        <m_iRewardValue>500 </m_iRewardValue>
    </m_astReward>
    <m_astReward type="MarketActReward">
        <m_ucRewardType>0x2 </m_ucRewardType>
        <m_ushRewardID>0 </m_ushRewardID>
        <m_iRewardValue>5 </m_iRewardValue>
    </m_astReward>
</MarketActConfig_Client>
<MarketActConfig_Client version="1">
    <m_ushMarketActID>89 </m_ushMarketActID>
    <m_szDescription>三星用户首次登录豪华礼包1</m_szDescription>
    <m_ucRewardNumber>0x2 </m_ucRewardNumber>
    <m_astReward type="MarketActReward">
        <m_ucRewardType>0x7 </m_ucRewardType>
        <m_ushRewardID>0 </m_ushRewardID>
        <m_iRewardValue>160 </m_iRewardValue>
    </m_astReward>
    <m_astReward type="MarketActReward">
        <m_ucRewardType>0x1 </m_ucRewardType>
        <m_ushRewardID>0 </m_ushRewardID>
        <m_iRewardValue>800 </m_iRewardValue>
    </m_astReward>
</MarketActConfig_Client>
<MarketActConfig_Client version="1">
    <m_ushMarketActID>90 </m_ushMarketActID>
    <m_szDescription>三星用户首次登录豪华礼包2</m_szDescription>
    <m_ucRewardNumber>0x2 </m_ucRewardNumber>
    <m_astReward type="MarketActReward">
        <m_ucRewardType>0x5 </m_ucRewardType>
        <m_ushRewardID>406 </m_ushRewardID>
        <m_iRewardValue>406 </m_iRewardValue>
    </m_astReward>
    <m_astReward type="MarketActReward">
        <m_ucRewardType>0x5 </m_ucRewardType>
        <m_ushRewardID>403 </m_ushRewardID>
        <m_iRewardValue>403 </m_iRewardValue>
    </m_astReward>
</MarketActConfig_Client>
<MarketActConfig_Client version="1">
    <m_ushMarketActID>999 </m_ushMarketActID>
    <m_szDescription>更新版本送奖励</m_szDescription>
    <m_ucRewardNumber>0x1 </m_ucRewardNumber>
    <m_astReward type="MarketActReward">
        <m_ucRewardType>0x7 </m_ucRewardType>
        <m_ushRewardID>0 </m_ushRewardID>
        <m_iRewardValue>68 </m_iRewardValue>
    </m_astReward>
</MarketActConfig_Client>
<MarketActConfig_Client version="1">
    <m_ushMarketActID>1000 </m_ushMarketActID>
    <m_szDescription>更新版本送奖励</m_szDescription>
    <m_ucRewardNumber>0x1 </m_ucRewardNumber>
    <m_astReward type="MarketActReward">
        <m_ucRewardType>0x7 </m_ucRewardType>
        <m_ushRewardID>0 </m_ushRewardID>
        <m_iRewardValue>68 </m_iRewardValue>
    </m_astReward>
</MarketActConfig_Client>
<MarketActConfig_Client version="1">
    <m_ushMarketActID>1006 </m_ushMarketActID>
    <m_szDescription>更新版本送奖励</m_szDescription>
    <m_ucRewardNumber>0x1 </m_ucRewardNumber>
    <m_astReward type="MarketActReward">
        <m_ucRewardType>0x7 </m_ucRewardType>
        <m_ushRewardID>0 </m_ushRewardID>
        <m_iRewardValue>88 </m_iRewardValue>
    </m_astReward>
</MarketActConfig_Client>
<MarketActConfig_Client version="1">
    <m_ushMarketActID>3393 </m_ushMarketActID>
    <m_szDescription>3月20日登录活动奖励</m_szDescription>
    <m_ucRewardNumber>0x1 </m_ucRewardNumber>
    <m_astReward type="MarketActReward">
        <m_ucRewardType>0x5 </m_ucRewardType>
        <m_ushRewardID>6 </m_ushRewardID>
        <m_iRewardValue>6 </m_iRewardValue>
    </m_astReward>
</MarketActConfig_Client>
<MarketActConfig_Client version="1">
    <m_ushMarketActID>3394 </m_ushMarketActID>
    <m_szDescription>3月21日登录活动奖励</m_szDescription>
    <m_ucRewardNumber>0x1 </m_ucRewardNumber>
    <m_astReward type="MarketActReward">
        <m_ucRewardType>0x5 </m_ucRewardType>
        <m_ushRewardID>1 </m_ushRewardID>
        <m_iRewardValue>1 </m_iRewardValue>
    </m_astReward>
</MarketActConfig_Client>
<MarketActConfig_Client version="1">
    <m_ushMarketActID>3395 </m_ushMarketActID>
    <m_szDescription>3月22日登录活动奖励</m_szDescription>
    <m_ucRewardNumber>0x1 </m_ucRewardNumber>
    <m_astReward type="MarketActReward">
        <m_ucRewardType>0xa </m_ucRewardType>
        <m_ushRewardID>11006 </m_ushRewardID>
        <m_iRewardValue>1 </m_iRewardValue>
    </m_astReward>
</MarketActConfig_Client>
<MarketActConfig_Client version="1">
    <m_ushMarketActID>3396 </m_ushMarketActID>
    <m_szDescription>完成任意3首歌曲获赠奖励</m_szDescription>
    <m_ucRewardNumber>0x2 </m_ucRewardNumber>
    <m_astReward type="MarketActReward">
        <m_ucRewardType>0x5 </m_ucRewardType>
        <m_ushRewardID>6 </m_ushRewardID>
        <m_iRewardValue>6 </m_iRewardValue>
    </m_astReward>
    <m_astReward type="MarketActReward">
        <m_ucRewardType>0x2 </m_ucRewardType>
        <m_ushRewardID>0 </m_ushRewardID>
        <m_iRewardValue>5 </m_iRewardValue>
    </m_astReward>
</MarketActConfig_Client>
<MarketActConfig_Client version="1">
    <m_ushMarketActID>3397 </m_ushMarketActID>
    <m_szDescription>完成任意5首歌曲获赠奖励</m_szDescription>
    <m_ucRewardNumber>0x1 </m_ucRewardNumber>
    <m_astReward type="MarketActReward">
        <m_ucRewardType>0xb </m_ucRewardType>
        <m_ushRewardID>0 </m_ushRewardID>
        <m_iRewardValue>188 </m_iRewardValue>
    </m_astReward>
</MarketActConfig_Client>
<MarketActConfig_Client version="1">
    <m_ushMarketActID>3398 </m_ushMarketActID>
    <m_szDescription>好友齐闯关3首歌达到A获赠奖励</m_szDescription>
    <m_ucRewardNumber>0x1 </m_ucRewardNumber>
    <m_astReward type="MarketActReward">
        <m_ucRewardType>0x5 </m_ucRewardType>
        <m_ushRewardID>10 </m_ushRewardID>
        <m_iRewardValue>10 </m_iRewardValue>
    </m_astReward>
</MarketActConfig_Client>
<MarketActConfig_Client version="1">
    <m_ushMarketActID>3399 </m_ushMarketActID>
    <m_szDescription>好友齐闯关8首歌达到A获赠奖励</m_szDescription>
    <m_ucRewardNumber>0x1 </m_ucRewardNumber>
    <m_astReward type="MarketActReward">
        <m_ucRewardType>0x5 </m_ucRewardType>
        <m_ushRewardID>2 </m_ushRewardID>
        <m_iRewardValue>2 </m_iRewardValue>
    </m_astReward>
</MarketActConfig_Client>
<MarketActConfig_Client version="1">
    <m_ushMarketActID>3400 </m_ushMarketActID>
    <m_szDescription>好友齐闯关15首歌达到A获赠奖励</m_szDescription>
    <m_ucRewardNumber>0x1 </m_ucRewardNumber>
    <m_astReward type="MarketActReward">
        <m_ucRewardType>0x7 </m_ucRewardType>
        <m_ushRewardID>0 </m_ushRewardID>
        <m_iRewardValue>20 </m_iRewardValue>
    </m_astReward>
</MarketActConfig_Client>
<MarketActConfig_Client version="1">
    <m_ushMarketActID>3401 </m_ushMarketActID>
    <m_szDescription>打1次极限模式送奖励</m_szDescription>
    <m_ucRewardNumber>0x1 </m_ucRewardNumber>
    <m_astReward type="MarketActReward">
        <m_ucRewardType>0x5 </m_ucRewardType>
        <m_ushRewardID>1 </m_ushRewardID>
        <m_iRewardValue>2 </m_iRewardValue>
    </m_astReward>
</MarketActConfig_Client>
<MarketActConfig_Client version="1">
    <m_ushMarketActID>3402 </m_ushMarketActID>
    <m_szDescription>打3次极限模式送奖励</m_szDescription>
    <m_ucRewardNumber>0x1 </m_ucRewardNumber>
    <m_astReward type="MarketActReward">
        <m_ucRewardType>0x5 </m_ucRewardType>
        <m_ushRewardID>10 </m_ushRewardID>
        <m_iRewardValue>10 </m_iRewardValue>
    </m_astReward>
</MarketActConfig_Client>
<MarketActConfig_Client version="1">
    <m_ushMarketActID>3403 </m_ushMarketActID>
    <m_szDescription>3月27日登录活动奖励</m_szDescription>
    <m_ucRewardNumber>0x1 </m_ucRewardNumber>
    <m_astReward type="MarketActReward">
        <m_ucRewardType>0x1 </m_ucRewardType>
        <m_ushRewardID>0 </m_ushRewardID>
        <m_iRewardValue>88 </m_iRewardValue>
    </m_astReward>
</MarketActConfig_Client>
<MarketActConfig_Client version="1">
    <m_ushMarketActID>3404 </m_ushMarketActID>
    <m_szDescription>3月28日登录活动奖励</m_szDescription>
    <m_ucRewardNumber>0x1 </m_ucRewardNumber>
    <m_astReward type="MarketActReward">
        <m_ucRewardType>0x5 </m_ucRewardType>
        <m_ushRewardID>2 </m_ushRewardID>
        <m_iRewardValue>2 </m_iRewardValue>
    </m_astReward>
</MarketActConfig_Client>
<MarketActConfig_Client version="1">
    <m_ushMarketActID>3405 </m_ushMarketActID>
    <m_szDescription>3月29日登录活动奖励</m_szDescription>
    <m_ucRewardNumber>0x1 </m_ucRewardNumber>
    <m_astReward type="MarketActReward">
        <m_ucRewardType>0xa </m_ucRewardType>
        <m_ushRewardID>10901 </m_ushRewardID>
        <m_iRewardValue>1 </m_iRewardValue>
    </m_astReward>
</MarketActConfig_Client>
<MarketActConfig_Client version="1">
    <m_ushMarketActID>3406 </m_ushMarketActID>
    <m_szDescription>累计闯过1关获赠奖励</m_szDescription>
    <m_ucRewardNumber>0x2 </m_ucRewardNumber>
    <m_astReward type="MarketActReward">
        <m_ucRewardType>0x5 </m_ucRewardType>
        <m_ushRewardID>1 </m_ushRewardID>
        <m_iRewardValue>1 </m_iRewardValue>
    </m_astReward>
    <m_astReward type="MarketActReward">
        <m_ucRewardType>0x2 </m_ucRewardType>
        <m_ushRewardID>0 </m_ushRewardID>
        <m_iRewardValue>3 </m_iRewardValue>
    </m_astReward>
</MarketActConfig_Client>
<MarketActConfig_Client version="1">
    <m_ushMarketActID>3407 </m_ushMarketActID>
    <m_szDescription>累计闯过3关获赠奖励</m_szDescription>
    <m_ucRewardNumber>0x1 </m_ucRewardNumber>
    <m_astReward type="MarketActReward">
        <m_ucRewardType>0xb </m_ucRewardType>
        <m_ushRewardID>0 </m_ushRewardID>
        <m_iRewardValue>128 </m_iRewardValue>
    </m_astReward>
</MarketActConfig_Client>
<MarketActConfig_Client version="1">
    <m_ushMarketActID>3408 </m_ushMarketActID>
    <m_szDescription>累计闯过5关获赠奖励</m_szDescription>
    <m_ucRewardNumber>0x1 </m_ucRewardNumber>
    <m_astReward type="MarketActReward">
        <m_ucRewardType>0x5 </m_ucRewardType>
        <m_ushRewardID>2 </m_ushRewardID>
        <m_iRewardValue>2 </m_iRewardValue>
    </m_astReward>
</MarketActConfig_Client>
<MarketActConfig_Client version="1">
    <m_ushMarketActID>3409 </m_ushMarketActID>
    <m_szDescription>好友齐闯关完成第6关获赠奖励</m_szDescription>
    <m_ucRewardNumber>0x1 </m_ucRewardNumber>
    <m_astReward type="MarketActReward">
        <m_ucRewardType>0x5 </m_ucRewardType>
        <m_ushRewardID>8 </m_ushRewardID>
        <m_iRewardValue>8 </m_iRewardValue>
    </m_astReward>
</MarketActConfig_Client>
<MarketActConfig_Client version="1">
    <m_ushMarketActID>3410 </m_ushMarketActID>
    <m_szDescription>好友齐闯关完成第12关获赠奖励</m_szDescription>
    <m_ucRewardNumber>0x1 </m_ucRewardNumber>
    <m_astReward type="MarketActReward">
        <m_ucRewardType>0x5 </m_ucRewardType>
        <m_ushRewardID>403 </m_ushRewardID>
        <m_iRewardValue>403 </m_iRewardValue>
    </m_astReward>
</MarketActConfig_Client>
<MarketActConfig_Client version="1">
    <m_ushMarketActID>3411 </m_ushMarketActID>
    <m_szDescription>好友齐闯关完成第20关获赠奖励</m_szDescription>
    <m_ucRewardNumber>0x1 </m_ucRewardNumber>
    <m_astReward type="MarketActReward">
        <m_ucRewardType>0x7 </m_ucRewardType>
        <m_ushRewardID>0 </m_ushRewardID>
        <m_iRewardValue>20 </m_iRewardValue>
    </m_astReward>
</MarketActConfig_Client>
<MarketActConfig_Client version="1">
    <m_ushMarketActID>3412 </m_ushMarketActID>
    <m_szDescription>PK任意房间参与3次获赠</m_szDescription>
    <m_ucRewardNumber>0x1 </m_ucRewardNumber>
    <m_astReward type="MarketActReward">
        <m_ucRewardType>0x1 </m_ucRewardType>
        <m_ushRewardID>0 </m_ushRewardID>
        <m_iRewardValue>88 </m_iRewardValue>
    </m_astReward>
</MarketActConfig_Client>
<MarketActConfig_Client version="1">
    <m_ushMarketActID>3413 </m_ushMarketActID>
    <m_szDescription>PK任意房间胜利3次获赠奖励</m_szDescription>
    <m_ucRewardNumber>0x2 </m_ucRewardNumber>
    <m_astReward type="MarketActReward">
        <m_ucRewardType>0x1 </m_ucRewardType>
        <m_ushRewardID>0 </m_ushRewardID>
        <m_iRewardValue>188 </m_iRewardValue>
    </m_astReward>
    <m_astReward type="MarketActReward">
        <m_ucRewardType>0x5 </m_ucRewardType>
        <m_ushRewardID>1 </m_ushRewardID>
        <m_iRewardValue>1 </m_iRewardValue>
    </m_astReward>
</MarketActConfig_Client>
<MarketActConfig_Client version="1">
    <m_ushMarketActID>3414 </m_ushMarketActID>
    <m_szDescription>4月3日登录活动奖励</m_szDescription>
    <m_ucRewardNumber>0x1 </m_ucRewardNumber>
    <m_astReward type="MarketActReward">
        <m_ucRewardType>0x5 </m_ucRewardType>
        <m_ushRewardID>1 </m_ushRewardID>
        <m_iRewardValue>1 </m_iRewardValue>
    </m_astReward>
</MarketActConfig_Client>
<MarketActConfig_Client version="1">
    <m_ushMarketActID>3415 </m_ushMarketActID>
    <m_szDescription>4月5日登录好礼</m_szDescription>
    <m_ucRewardNumber>0x2 </m_ucRewardNumber>
    <m_astReward type="MarketActReward">
        <m_ucRewardType>0x1 </m_ucRewardType>
        <m_ushRewardID>0 </m_ushRewardID>
        <m_iRewardValue>666 </m_iRewardValue>
    </m_astReward>
    <m_astReward type="MarketActReward">
        <m_ucRewardType>0x5 </m_ucRewardType>
        <m_ushRewardID>6 </m_ushRewardID>
        <m_iRewardValue>6 </m_iRewardValue>
    </m_astReward>
</MarketActConfig_Client>
<MarketActConfig_Client version="1">
    <m_ushMarketActID>3416 </m_ushMarketActID>
    <m_szDescription>4月5日登录活动奖励</m_szDescription>
    <m_ucRewardNumber>0x1 </m_ucRewardNumber>
    <m_astReward type="MarketActReward">
        <m_ucRewardType>0x5 </m_ucRewardType>
        <m_ushRewardID>6 </m_ushRewardID>
        <m_iRewardValue>6 </m_iRewardValue>
    </m_astReward>
</MarketActConfig_Client>
<MarketActConfig_Client version="1">
    <m_ushMarketActID>3417 </m_ushMarketActID>
    <m_szDescription>4月6日登录活动奖励</m_szDescription>
    <m_ucRewardNumber>0x1 </m_ucRewardNumber>
    <m_astReward type="MarketActReward">
        <m_ucRewardType>0xa </m_ucRewardType>
        <m_ushRewardID>10601 </m_ushRewardID>
        <m_iRewardValue>1 </m_iRewardValue>
    </m_astReward>
</MarketActConfig_Client>
<MarketActConfig_Client version="1">
    <m_ushMarketActID>3418 </m_ushMarketActID>
    <m_szDescription>完成任意3首歌曲获赠奖励</m_szDescription>
    <m_ucRewardNumber>0x2 </m_ucRewardNumber>
    <m_astReward type="MarketActReward">
        <m_ucRewardType>0x5 </m_ucRewardType>
        <m_ushRewardID>2 </m_ushRewardID>
        <m_iRewardValue>2 </m_iRewardValue>
    </m_astReward>
    <m_astReward type="MarketActReward">
        <m_ucRewardType>0x2 </m_ucRewardType>
        <m_ushRewardID>0 </m_ushRewardID>
        <m_iRewardValue>5 </m_iRewardValue>
    </m_astReward>
</MarketActConfig_Client>
<MarketActConfig_Client version="1">
    <m_ushMarketActID>3419 </m_ushMarketActID>
    <m_szDescription>完成任意5首歌曲获赠奖励</m_szDescription>
    <m_ucRewardNumber>0x1 </m_ucRewardNumber>
    <m_astReward type="MarketActReward">
        <m_ucRewardType>0xb </m_ucRewardType>
        <m_ushRewardID>0 </m_ushRewardID>
        <m_iRewardValue>188 </m_iRewardValue>
    </m_astReward>
</MarketActConfig_Client>
<MarketActConfig_Client version="1">
    <m_ushMarketActID>3420 </m_ushMarketActID>
    <m_szDescription>好友齐闯关3首歌达到A获赠奖励</m_szDescription>
    <m_ucRewardNumber>0x1 </m_ucRewardNumber>
    <m_astReward type="MarketActReward">
        <m_ucRewardType>0x5 </m_ucRewardType>
        <m_ushRewardID>1 </m_ushRewardID>
        <m_iRewardValue>1 </m_iRewardValue>
    </m_astReward>
</MarketActConfig_Client>
<MarketActConfig_Client version="1">
    <m_ushMarketActID>3421 </m_ushMarketActID>
    <m_szDescription>好友齐闯关8首歌达到A获赠奖励</m_szDescription>
    <m_ucRewardNumber>0x1 </m_ucRewardNumber>
    <m_astReward type="MarketActReward">
        <m_ucRewardType>0x5 </m_ucRewardType>
        <m_ushRewardID>10 </m_ushRewardID>
        <m_iRewardValue>10 </m_iRewardValue>
    </m_astReward>
</MarketActConfig_Client>
<MarketActConfig_Client version="1">
    <m_ushMarketActID>3422 </m_ushMarketActID>
    <m_szDescription>好友齐闯关15首歌达到A获赠奖励</m_szDescription>
    <m_ucRewardNumber>0x1 </m_ucRewardNumber>
    <m_astReward type="MarketActReward">
        <m_ucRewardType>0x7 </m_ucRewardType>
        <m_ushRewardID>0 </m_ushRewardID>
        <m_iRewardValue>20 </m_iRewardValue>
    </m_astReward>
</MarketActConfig_Client>
<MarketActConfig_Client version="1">
    <m_ushMarketActID>3423 </m_ushMarketActID>
    <m_szDescription>打1次极限模式送奖励</m_szDescription>
    <m_ucRewardNumber>0x1 </m_ucRewardNumber>
    <m_astReward type="MarketActReward">
        <m_ucRewardType>0x5 </m_ucRewardType>
        <m_ushRewardID>2 </m_ushRewardID>
        <m_iRewardValue>2 </m_iRewardValue>
    </m_astReward>
</MarketActConfig_Client>
<MarketActConfig_Client version="1">
    <m_ushMarketActID>3424 </m_ushMarketActID>
    <m_szDescription>打3次极限模式送奖励</m_szDescription>
    <m_ucRewardNumber>0x1 </m_ucRewardNumber>
    <m_astReward type="MarketActReward">
        <m_ucRewardType>0x5 </m_ucRewardType>
        <m_ushRewardID>10 </m_ushRewardID>
        <m_iRewardValue>10 </m_iRewardValue>
    </m_astReward>
</MarketActConfig_Client>
<MarketActConfig_Client version="1">
    <m_ushMarketActID>3425 </m_ushMarketActID>
    <m_szDescription>4月10日登录活动奖励</m_szDescription>
    <m_ucRewardNumber>0x1 </m_ucRewardNumber>
    <m_astReward type="MarketActReward">
        <m_ucRewardType>0x5 </m_ucRewardType>
        <m_ushRewardID>8 </m_ushRewardID>
        <m_iRewardValue>8 </m_iRewardValue>
    </m_astReward>
</MarketActConfig_Client>
<MarketActConfig_Client version="1">
    <m_ushMarketActID>3426 </m_ushMarketActID>
    <m_szDescription>4月11日登录活动奖励</m_szDescription>
    <m_ucRewardNumber>0x1 </m_ucRewardNumber>
    <m_astReward type="MarketActReward">
        <m_ucRewardType>0x5 </m_ucRewardType>
        <m_ushRewardID>1 </m_ushRewardID>
        <m_iRewardValue>1 </m_iRewardValue>
    </m_astReward>
</MarketActConfig_Client>
<MarketActConfig_Client version="1">
    <m_ushMarketActID>3427 </m_ushMarketActID>
    <m_szDescription>4月12日登录活动奖励</m_szDescription>
    <m_ucRewardNumber>0x1 </m_ucRewardNumber>
    <m_astReward type="MarketActReward">
        <m_ucRewardType>0xa </m_ucRewardType>
        <m_ushRewardID>10801 </m_ushRewardID>
        <m_iRewardValue>1 </m_iRewardValue>
    </m_astReward>
</MarketActConfig_Client>
<MarketActConfig_Client version="1">
    <m_ushMarketActID>3428 </m_ushMarketActID>
    <m_szDescription>累计闯过1关获赠奖励</m_szDescription>
    <m_ucRewardNumber>0x2 </m_ucRewardNumber>
    <m_astReward type="MarketActReward">
        <m_ucRewardType>0x5 </m_ucRewardType>
        <m_ushRewardID>8 </m_ushRewardID>
        <m_iRewardValue>8 </m_iRewardValue>
    </m_astReward>
    <m_astReward type="MarketActReward">
        <m_ucRewardType>0x2 </m_ucRewardType>
        <m_ushRewardID>0 </m_ushRewardID>
        <m_iRewardValue>3 </m_iRewardValue>
    </m_astReward>
</MarketActConfig_Client>
<MarketActConfig_Client version="1">
    <m_ushMarketActID>3429 </m_ushMarketActID>
    <m_szDescription>累计闯过3关获赠奖励</m_szDescription>
    <m_ucRewardNumber>0x1 </m_ucRewardNumber>
    <m_astReward type="MarketActReward">
        <m_ucRewardType>0xb </m_ucRewardType>
        <m_ushRewardID>0 </m_ushRewardID>
        <m_iRewardValue>128 </m_iRewardValue>
    </m_astReward>
</MarketActConfig_Client>
<MarketActConfig_Client version="1">
    <m_ushMarketActID>3430 </m_ushMarketActID>
    <m_szDescription>累计闯过5关获赠奖励</m_szDescription>
    <m_ucRewardNumber>0x1 </m_ucRewardNumber>
    <m_astReward type="MarketActReward">
        <m_ucRewardType>0x5 </m_ucRewardType>
        <m_ushRewardID>6 </m_ushRewardID>
        <m_iRewardValue>6 </m_iRewardValue>
    </m_astReward>
</MarketActConfig_Client>
<MarketActConfig_Client version="1">
    <m_ushMarketActID>3431 </m_ushMarketActID>
    <m_szDescription>好友齐闯关完成第6关获赠奖励</m_szDescription>
    <m_ucRewardNumber>0x1 </m_ucRewardNumber>
    <m_astReward type="MarketActReward">
        <m_ucRewardType>0x5 </m_ucRewardType>
        <m_ushRewardID>2 </m_ushRewardID>
        <m_iRewardValue>2 </m_iRewardValue>
    </m_astReward>
</MarketActConfig_Client>
<MarketActConfig_Client version="1">
    <m_ushMarketActID>3432 </m_ushMarketActID>
    <m_szDescription>好友齐闯关完成第12关获赠奖励</m_szDescription>
    <m_ucRewardNumber>0x1 </m_ucRewardNumber>
    <m_astReward type="MarketActReward">
        <m_ucRewardType>0x5 </m_ucRewardType>
        <m_ushRewardID>404 </m_ushRewardID>
        <m_iRewardValue>404 </m_iRewardValue>
    </m_astReward>
</MarketActConfig_Client>
<MarketActConfig_Client version="1">
    <m_ushMarketActID>3433 </m_ushMarketActID>
    <m_szDescription>好友齐闯关完成第20关获赠奖励</m_szDescription>
    <m_ucRewardNumber>0x1 </m_ucRewardNumber>
    <m_astReward type="MarketActReward">
        <m_ucRewardType>0x7 </m_ucRewardType>
        <m_ushRewardID>0 </m_ushRewardID>
        <m_iRewardValue>20 </m_iRewardValue>
    </m_astReward>
</MarketActConfig_Client>
<MarketActConfig_Client version="1">
    <m_ushMarketActID>3434 </m_ushMarketActID>
    <m_szDescription>PK任意房间参与3次获赠</m_szDescription>
    <m_ucRewardNumber>0x1 </m_ucRewardNumber>
    <m_astReward type="MarketActReward">
        <m_ucRewardType>0x1 </m_ucRewardType>
        <m_ushRewardID>0 </m_ushRewardID>
        <m_iRewardValue>88 </m_iRewardValue>
    </m_astReward>
</MarketActConfig_Client>
<MarketActConfig_Client version="1">
    <m_ushMarketActID>3435 </m_ushMarketActID>
    <m_szDescription>PK任意房间胜利3次获赠奖励</m_szDescription>
    <m_ucRewardNumber>0x2 </m_ucRewardNumber>
    <m_astReward type="MarketActReward">
        <m_ucRewardType>0x1 </m_ucRewardType>
        <m_ushRewardID>0 </m_ushRewardID>
        <m_iRewardValue>166 </m_iRewardValue>
    </m_astReward>
    <m_astReward type="MarketActReward">
        <m_ucRewardType>0x5 </m_ucRewardType>
        <m_ushRewardID>1 </m_ushRewardID>
        <m_iRewardValue>1 </m_iRewardValue>
    </m_astReward>
</MarketActConfig_Client>
</MarketActConfig_Client_Tab>