<?xml version="1.0" encoding="UTF-8" standalone="yes" ?>
<MarketActConfig_Client_Tab>
<TResHeadAll version="5">
    <resHead type="TResHead">
        <Magic>1397052237 </Magic>
        <Version>6 </Version>
        <Unit>152 </Unit>
        <Count>75 </Count>
        <MetalibHash>aaaaaaaaaaaaaaaaaaaaaaaaaaaaaaaa</MetalibHash>
        <ResVersion>0 </ResVersion>
        <CreateTime>   0-00-00 00:00:00</CreateTime>
        <ResEncording>UTF-8</ResEncording>
        <ContentHash>439018c7691d0cbd8635c3db3d5d2ba1</ContentHash>
    </resHead>
    <resHeadExt type="TResHeadExt">
        <DataOffset>136 </DataOffset>
    </resHeadExt>
</TResHeadAll>
<MarketActConfig_Client version="1">
    <m_ushMarketActID>0 </m_ushMarketActID>
    <m_szDescription>0运营活动描述</m_szDescription>
    <m_ucRewardNumber>0x0 </m_ucRewardNumber>
</MarketActConfig_Client>
<MarketActConfig_Client version="1">
    <m_ushMarketActID>88 </m_ushMarketActID>
    <m_szDescription>沃卡用户奖励</m_szDescription>
    <m_ucRewardNumber>0x2 </m_ucRewardNumber>
    <m_astReward type="MarketActReward">
        <m_ucRewardType>0x1 </m_ucRewardType>
        <m_ushRewardID>0 </m_ushRewardID>
        <m_iRewardValue>500 </m_iRewardValue>
    </m_astReward>
    <m_astReward type="MarketActReward">
        <m_ucRewardType>0x2 </m_ucRewardType>
        <m_ushRewardID>0 </m_ushRewardID>
        <m_iRewardValue>5 </m_iRewardValue>
    </m_astReward>
</MarketActConfig_Client>
<MarketActConfig_Client version="1">
    <m_ushMarketActID>89 </m_ushMarketActID>
    <m_szDescription>三星用户首次登录豪华礼包1</m_szDescription>
    <m_ucRewardNumber>0x2 </m_ucRewardNumber>
    <m_astReward type="MarketActReward">
        <m_ucRewardType>0x7 </m_ucRewardType>
        <m_ushRewardID>0 </m_ushRewardID>
        <m_iRewardValue>160 </m_iRewardValue>
    </m_astReward>
    <m_astReward type="MarketActReward">
        <m_ucRewardType>0x1 </m_ucRewardType>
        <m_ushRewardID>0 </m_ushRewardID>
        <m_iRewardValue>800 </m_iRewardValue>
    </m_astReward>
</MarketActConfig_Client>
<MarketActConfig_Client version="1">
    <m_ushMarketActID>90 </m_ushMarketActID>
    <m_szDescription>三星用户首次登录豪华礼包2</m_szDescription>
    <m_ucRewardNumber>0x2 </m_ucRewardNumber>
    <m_astReward type="MarketActReward">
        <m_ucRewardType>0x5 </m_ucRewardType>
        <m_ushRewardID>406 </m_ushRewardID>
        <m_iRewardValue>406 </m_iRewardValue>
    </m_astReward>
    <m_astReward type="MarketActReward">
        <m_ucRewardType>0x5 </m_ucRewardType>
        <m_ushRewardID>403 </m_ushRewardID>
        <m_iRewardValue>403 </m_iRewardValue>
    </m_astReward>
</MarketActConfig_Client>
<MarketActConfig_Client version="1">
    <m_ushMarketActID>999 </m_ushMarketActID>
    <m_szDescription>更新版本送奖励</m_szDescription>
    <m_ucRewardNumber>0x1 </m_ucRewardNumber>
    <m_astReward type="MarketActReward">
        <m_ucRewardType>0x7 </m_ucRewardType>
        <m_ushRewardID>0 </m_ushRewardID>
        <m_iRewardValue>68 </m_iRewardValue>
    </m_astReward>
</MarketActConfig_Client>
<MarketActConfig_Client version="1">
    <m_ushMarketActID>1000 </m_ushMarketActID>
    <m_szDescription>更新版本送奖励</m_szDescription>
    <m_ucRewardNumber>0x1 </m_ucRewardNumber>
    <m_astReward type="MarketActReward">
        <m_ucRewardType>0x7 </m_ucRewardType>
        <m_ushRewardID>0 </m_ushRewardID>
        <m_iRewardValue>68 </m_iRewardValue>
    </m_astReward>
</MarketActConfig_Client>
<MarketActConfig_Client version="1">
    <m_ushMarketActID>1006 </m_ushMarketActID>
    <m_szDescription>更新版本送奖励</m_szDescription>
    <m_ucRewardNumber>0x1 </m_ucRewardNumber>
    <m_astReward type="MarketActReward">
        <m_ucRewardType>0x7 </m_ucRewardType>
        <m_ushRewardID>0 </m_ushRewardID>
        <m_iRewardValue>88 </m_iRewardValue>
    </m_astReward>
</MarketActConfig_Client>
<MarketActConfig_Client version="1">
    <m_ushMarketActID>2766 </m_ushMarketActID>
    <m_szDescription>除夕登录活动奖励</m_szDescription>
    <m_ucRewardNumber>0x2 </m_ucRewardNumber>
    <m_astReward type="MarketActReward">
        <m_ucRewardType>0x1 </m_ucRewardType>
        <m_ushRewardID>0 </m_ushRewardID>
        <m_iRewardValue>666 </m_iRewardValue>
    </m_astReward>
    <m_astReward type="MarketActReward">
        <m_ucRewardType>0x5 </m_ucRewardType>
        <m_ushRewardID>6 </m_ushRewardID>
        <m_iRewardValue>6 </m_iRewardValue>
    </m_astReward>
</MarketActConfig_Client>
<MarketActConfig_Client version="1">
    <m_ushMarketActID>2767 </m_ushMarketActID>
    <m_szDescription>大年初一送大礼</m_szDescription>
    <m_ucRewardNumber>0x2 </m_ucRewardNumber>
    <m_astReward type="MarketActReward">
        <m_ucRewardType>0x1 </m_ucRewardType>
        <m_ushRewardID>0 </m_ushRewardID>
        <m_iRewardValue>888 </m_iRewardValue>
    </m_astReward>
    <m_astReward type="MarketActReward">
        <m_ucRewardType>0x7 </m_ucRewardType>
        <m_ushRewardID>0 </m_ushRewardID>
        <m_iRewardValue>188 </m_iRewardValue>
    </m_astReward>
</MarketActConfig_Client>
<MarketActConfig_Client version="1">
    <m_ushMarketActID>2768 </m_ushMarketActID>
    <m_szDescription>大年初二送大礼</m_szDescription>
    <m_ucRewardNumber>0x2 </m_ucRewardNumber>
    <m_astReward type="MarketActReward">
        <m_ucRewardType>0x5 </m_ucRewardType>
        <m_ushRewardID>10 </m_ushRewardID>
        <m_iRewardValue>10 </m_iRewardValue>
    </m_astReward>
    <m_astReward type="MarketActReward">
        <m_ucRewardType>0x2 </m_ucRewardType>
        <m_ushRewardID>0 </m_ushRewardID>
        <m_iRewardValue>16 </m_iRewardValue>
    </m_astReward>
</MarketActConfig_Client>
<MarketActConfig_Client version="1">
    <m_ushMarketActID>2769 </m_ushMarketActID>
    <m_szDescription>大年初三送大礼</m_szDescription>
    <m_ucRewardNumber>0x1 </m_ucRewardNumber>
    <m_astReward type="MarketActReward">
        <m_ucRewardType>0xa </m_ucRewardType>
        <m_ushRewardID>11601 </m_ushRewardID>
        <m_iRewardValue>5 </m_iRewardValue>
    </m_astReward>
</MarketActConfig_Client>
<MarketActConfig_Client version="1">
    <m_ushMarketActID>2770 </m_ushMarketActID>
    <m_szDescription>2月8日登录活动奖励</m_szDescription>
    <m_ucRewardNumber>0x1 </m_ucRewardNumber>
    <m_astReward type="MarketActReward">
        <m_ucRewardType>0x1 </m_ucRewardType>
        <m_ushRewardID>0 </m_ushRewardID>
        <m_iRewardValue>66 </m_iRewardValue>
    </m_astReward>
</MarketActConfig_Client>
<MarketActConfig_Client version="1">
    <m_ushMarketActID>2771 </m_ushMarketActID>
    <m_szDescription>2月9日登录活动奖励</m_szDescription>
    <m_ucRewardNumber>0x1 </m_ucRewardNumber>
    <m_astReward type="MarketActReward">
        <m_ucRewardType>0x5 </m_ucRewardType>
        <m_ushRewardID>2 </m_ushRewardID>
        <m_iRewardValue>2 </m_iRewardValue>
    </m_astReward>
</MarketActConfig_Client>
<MarketActConfig_Client version="1">
    <m_ushMarketActID>2772 </m_ushMarketActID>
    <m_szDescription>2月10日登录活动奖励</m_szDescription>
    <m_ucRewardNumber>0x1 </m_ucRewardNumber>
    <m_astReward type="MarketActReward">
        <m_ucRewardType>0xa </m_ucRewardType>
        <m_ushRewardID>10701 </m_ushRewardID>
        <m_iRewardValue>1 </m_iRewardValue>
    </m_astReward>
</MarketActConfig_Client>
<MarketActConfig_Client version="1">
    <m_ushMarketActID>2773 </m_ushMarketActID>
    <m_szDescription>2月11日登录活动奖励</m_szDescription>
    <m_ucRewardNumber>0x1 </m_ucRewardNumber>
    <m_astReward type="MarketActReward">
        <m_ucRewardType>0xa </m_ucRewardType>
        <m_ushRewardID>10901 </m_ushRewardID>
        <m_iRewardValue>1 </m_iRewardValue>
    </m_astReward>
</MarketActConfig_Client>
<MarketActConfig_Client version="1">
    <m_ushMarketActID>2774 </m_ushMarketActID>
    <m_szDescription>累计闯过1关获赠奖励</m_szDescription>
    <m_ucRewardNumber>0x2 </m_ucRewardNumber>
    <m_astReward type="MarketActReward">
        <m_ucRewardType>0x5 </m_ucRewardType>
        <m_ushRewardID>6 </m_ushRewardID>
        <m_iRewardValue>6 </m_iRewardValue>
    </m_astReward>
    <m_astReward type="MarketActReward">
        <m_ucRewardType>0x2 </m_ucRewardType>
        <m_ushRewardID>0 </m_ushRewardID>
        <m_iRewardValue>3 </m_iRewardValue>
    </m_astReward>
</MarketActConfig_Client>
<MarketActConfig_Client version="1">
    <m_ushMarketActID>2775 </m_ushMarketActID>
    <m_szDescription>累计闯过3关获赠奖励</m_szDescription>
    <m_ucRewardNumber>0x1 </m_ucRewardNumber>
    <m_astReward type="MarketActReward">
        <m_ucRewardType>0xb </m_ucRewardType>
        <m_ushRewardID>0 </m_ushRewardID>
        <m_iRewardValue>128 </m_iRewardValue>
    </m_astReward>
</MarketActConfig_Client>
<MarketActConfig_Client version="1">
    <m_ushMarketActID>2776 </m_ushMarketActID>
    <m_szDescription>累计闯过5关获赠奖励</m_szDescription>
    <m_ucRewardNumber>0x1 </m_ucRewardNumber>
    <m_astReward type="MarketActReward">
        <m_ucRewardType>0x5 </m_ucRewardType>
        <m_ushRewardID>2 </m_ushRewardID>
        <m_iRewardValue>2 </m_iRewardValue>
    </m_astReward>
</MarketActConfig_Client>
<MarketActConfig_Client version="1">
    <m_ushMarketActID>2777 </m_ushMarketActID>
    <m_szDescription>好友齐闯关完成第6关获赠奖励</m_szDescription>
    <m_ucRewardNumber>0x1 </m_ucRewardNumber>
    <m_astReward type="MarketActReward">
        <m_ucRewardType>0x5 </m_ucRewardType>
        <m_ushRewardID>1 </m_ushRewardID>
        <m_iRewardValue>1 </m_iRewardValue>
    </m_astReward>
</MarketActConfig_Client>
<MarketActConfig_Client version="1">
    <m_ushMarketActID>2778 </m_ushMarketActID>
    <m_szDescription>好友齐闯关完成第12关获赠奖励</m_szDescription>
    <m_ucRewardNumber>0x1 </m_ucRewardNumber>
    <m_astReward type="MarketActReward">
        <m_ucRewardType>0x5 </m_ucRewardType>
        <m_ushRewardID>10 </m_ushRewardID>
        <m_iRewardValue>10 </m_iRewardValue>
    </m_astReward>
</MarketActConfig_Client>
<MarketActConfig_Client version="1">
    <m_ushMarketActID>2779 </m_ushMarketActID>
    <m_szDescription>好友齐闯关完成第20关获赠奖励</m_szDescription>
    <m_ucRewardNumber>0x1 </m_ucRewardNumber>
    <m_astReward type="MarketActReward">
        <m_ucRewardType>0x7 </m_ucRewardType>
        <m_ushRewardID>0 </m_ushRewardID>
        <m_iRewardValue>20 </m_iRewardValue>
    </m_astReward>
</MarketActConfig_Client>
<MarketActConfig_Client version="1">
    <m_ushMarketActID>2780 </m_ushMarketActID>
    <m_szDescription>PK任意房间参与3次获赠</m_szDescription>
    <m_ucRewardNumber>0x1 </m_ucRewardNumber>
    <m_astReward type="MarketActReward">
        <m_ucRewardType>0x1 </m_ucRewardType>
        <m_ushRewardID>0 </m_ushRewardID>
        <m_iRewardValue>88 </m_iRewardValue>
    </m_astReward>
</MarketActConfig_Client>
<MarketActConfig_Client version="1">
    <m_ushMarketActID>2781 </m_ushMarketActID>
    <m_szDescription>PK任意房间胜利3次获赠奖励</m_szDescription>
    <m_ucRewardNumber>0x2 </m_ucRewardNumber>
    <m_astReward type="MarketActReward">
        <m_ucRewardType>0x1 </m_ucRewardType>
        <m_ushRewardID>0 </m_ushRewardID>
        <m_iRewardValue>166 </m_iRewardValue>
    </m_astReward>
    <m_astReward type="MarketActReward">
        <m_ucRewardType>0x5 </m_ucRewardType>
        <m_ushRewardID>6 </m_ushRewardID>
        <m_iRewardValue>6 </m_iRewardValue>
    </m_astReward>
</MarketActConfig_Client>
<MarketActConfig_Client version="1">
    <m_ushMarketActID>2782 </m_ushMarketActID>
    <m_szDescription>2月15日登录活动奖励</m_szDescription>
    <m_ucRewardNumber>0x1 </m_ucRewardNumber>
    <m_astReward type="MarketActReward">
        <m_ucRewardType>0x5 </m_ucRewardType>
        <m_ushRewardID>2 </m_ushRewardID>
        <m_iRewardValue>2 </m_iRewardValue>
    </m_astReward>
</MarketActConfig_Client>
<MarketActConfig_Client version="1">
    <m_ushMarketActID>2783 </m_ushMarketActID>
    <m_szDescription>2月16日登录活动奖励</m_szDescription>
    <m_ucRewardNumber>0x1 </m_ucRewardNumber>
    <m_astReward type="MarketActReward">
        <m_ucRewardType>0x5 </m_ucRewardType>
        <m_ushRewardID>1 </m_ushRewardID>
        <m_iRewardValue>1 </m_iRewardValue>
    </m_astReward>
</MarketActConfig_Client>
<MarketActConfig_Client version="1">
    <m_ushMarketActID>2784 </m_ushMarketActID>
    <m_szDescription>2月17日登录活动奖励</m_szDescription>
    <m_ucRewardNumber>0x1 </m_ucRewardNumber>
    <m_astReward type="MarketActReward">
        <m_ucRewardType>0xa </m_ucRewardType>
        <m_ushRewardID>11501 </m_ushRewardID>
        <m_iRewardValue>1 </m_iRewardValue>
    </m_astReward>
</MarketActConfig_Client>
<MarketActConfig_Client version="1">
    <m_ushMarketActID>2785 </m_ushMarketActID>
    <m_szDescription>完成任意3首歌曲获赠奖励</m_szDescription>
    <m_ucRewardNumber>0x2 </m_ucRewardNumber>
    <m_astReward type="MarketActReward">
        <m_ucRewardType>0x5 </m_ucRewardType>
        <m_ushRewardID>6 </m_ushRewardID>
        <m_iRewardValue>6 </m_iRewardValue>
    </m_astReward>
    <m_astReward type="MarketActReward">
        <m_ucRewardType>0x2 </m_ucRewardType>
        <m_ushRewardID>0 </m_ushRewardID>
        <m_iRewardValue>5 </m_iRewardValue>
    </m_astReward>
</MarketActConfig_Client>
<MarketActConfig_Client version="1">
    <m_ushMarketActID>2786 </m_ushMarketActID>
    <m_szDescription>完成任意5首歌曲获赠奖励</m_szDescription>
    <m_ucRewardNumber>0x1 </m_ucRewardNumber>
    <m_astReward type="MarketActReward">
        <m_ucRewardType>0xb </m_ucRewardType>
        <m_ushRewardID>0 </m_ushRewardID>
        <m_iRewardValue>188 </m_iRewardValue>
    </m_astReward>
</MarketActConfig_Client>
<MarketActConfig_Client version="1">
    <m_ushMarketActID>2787 </m_ushMarketActID>
    <m_szDescription>好友齐闯关3首歌达到A获赠奖励</m_szDescription>
    <m_ucRewardNumber>0x1 </m_ucRewardNumber>
    <m_astReward type="MarketActReward">
        <m_ucRewardType>0x5 </m_ucRewardType>
        <m_ushRewardID>1 </m_ushRewardID>
        <m_iRewardValue>1 </m_iRewardValue>
    </m_astReward>
</MarketActConfig_Client>
<MarketActConfig_Client version="1">
    <m_ushMarketActID>2788 </m_ushMarketActID>
    <m_szDescription>好友齐闯关8首歌达到A获赠奖励</m_szDescription>
    <m_ucRewardNumber>0x1 </m_ucRewardNumber>
    <m_astReward type="MarketActReward">
        <m_ucRewardType>0x5 </m_ucRewardType>
        <m_ushRewardID>6 </m_ushRewardID>
        <m_iRewardValue>6 </m_iRewardValue>
    </m_astReward>
</MarketActConfig_Client>
<MarketActConfig_Client version="1">
    <m_ushMarketActID>2789 </m_ushMarketActID>
    <m_szDescription>好友齐闯关15首歌达到A获赠奖励</m_szDescription>
    <m_ucRewardNumber>0x1 </m_ucRewardNumber>
    <m_astReward type="MarketActReward">
        <m_ucRewardType>0x7 </m_ucRewardType>
        <m_ushRewardID>0 </m_ushRewardID>
        <m_iRewardValue>20 </m_iRewardValue>
    </m_astReward>
</MarketActConfig_Client>
<MarketActConfig_Client version="1">
    <m_ushMarketActID>2790 </m_ushMarketActID>
    <m_szDescription>打1次极限模式送奖励</m_szDescription>
    <m_ucRewardNumber>0x1 </m_ucRewardNumber>
    <m_astReward type="MarketActReward">
        <m_ucRewardType>0x5 </m_ucRewardType>
        <m_ushRewardID>8 </m_ushRewardID>
        <m_iRewardValue>8 </m_iRewardValue>
    </m_astReward>
</MarketActConfig_Client>
<MarketActConfig_Client version="1">
    <m_ushMarketActID>2791 </m_ushMarketActID>
    <m_szDescription>打3次极限模式送奖励</m_szDescription>
    <m_ucRewardNumber>0x1 </m_ucRewardNumber>
    <m_astReward type="MarketActReward">
        <m_ucRewardType>0x5 </m_ucRewardType>
        <m_ushRewardID>10 </m_ushRewardID>
        <m_iRewardValue>10 </m_iRewardValue>
    </m_astReward>
</MarketActConfig_Client>
<MarketActConfig_Client version="1">
    <m_ushMarketActID>2792 </m_ushMarketActID>
    <m_szDescription>2月22日登录活动奖励</m_szDescription>
    <m_ucRewardNumber>0x1 </m_ucRewardNumber>
    <m_astReward type="MarketActReward">
        <m_ucRewardType>0x1 </m_ucRewardType>
        <m_ushRewardID>0 </m_ushRewardID>
        <m_iRewardValue>88 </m_iRewardValue>
    </m_astReward>
</MarketActConfig_Client>
<MarketActConfig_Client version="1">
    <m_ushMarketActID>2793 </m_ushMarketActID>
    <m_szDescription>2月23日登录活动奖励</m_szDescription>
    <m_ucRewardNumber>0x1 </m_ucRewardNumber>
    <m_astReward type="MarketActReward">
        <m_ucRewardType>0x5 </m_ucRewardType>
        <m_ushRewardID>1 </m_ushRewardID>
        <m_iRewardValue>1 </m_iRewardValue>
    </m_astReward>
</MarketActConfig_Client>
<MarketActConfig_Client version="1">
    <m_ushMarketActID>2794 </m_ushMarketActID>
    <m_szDescription>2月24日登录活动奖励</m_szDescription>
    <m_ucRewardNumber>0x1 </m_ucRewardNumber>
    <m_astReward type="MarketActReward">
        <m_ucRewardType>0xa </m_ucRewardType>
        <m_ushRewardID>10501 </m_ushRewardID>
        <m_iRewardValue>1 </m_iRewardValue>
    </m_astReward>
</MarketActConfig_Client>
<MarketActConfig_Client version="1">
    <m_ushMarketActID>2795 </m_ushMarketActID>
    <m_szDescription>累计闯过1关获赠奖励</m_szDescription>
    <m_ucRewardNumber>0x2 </m_ucRewardNumber>
    <m_astReward type="MarketActReward">
        <m_ucRewardType>0x2 </m_ucRewardType>
        <m_ushRewardID>0 </m_ushRewardID>
        <m_iRewardValue>3 </m_iRewardValue>
    </m_astReward>
    <m_astReward type="MarketActReward">
        <m_ucRewardType>0x5 </m_ucRewardType>
        <m_ushRewardID>6 </m_ushRewardID>
        <m_iRewardValue>6 </m_iRewardValue>
    </m_astReward>
</MarketActConfig_Client>
<MarketActConfig_Client version="1">
    <m_ushMarketActID>2796 </m_ushMarketActID>
    <m_szDescription>累计闯过3关获赠奖励</m_szDescription>
    <m_ucRewardNumber>0x1 </m_ucRewardNumber>
    <m_astReward type="MarketActReward">
        <m_ucRewardType>0xb </m_ucRewardType>
        <m_ushRewardID>0 </m_ushRewardID>
        <m_iRewardValue>128 </m_iRewardValue>
    </m_astReward>
</MarketActConfig_Client>
<MarketActConfig_Client version="1">
    <m_ushMarketActID>2797 </m_ushMarketActID>
    <m_szDescription>累计闯过5关获赠奖励</m_szDescription>
    <m_ucRewardNumber>0x1 </m_ucRewardNumber>
    <m_astReward type="MarketActReward">
        <m_ucRewardType>0x5 </m_ucRewardType>
        <m_ushRewardID>10 </m_ushRewardID>
        <m_iRewardValue>10 </m_iRewardValue>
    </m_astReward>
</MarketActConfig_Client>
<MarketActConfig_Client version="1">
    <m_ushMarketActID>2798 </m_ushMarketActID>
    <m_szDescription>好友齐闯关完成第6关获赠奖励</m_szDescription>
    <m_ucRewardNumber>0x1 </m_ucRewardNumber>
    <m_astReward type="MarketActReward">
        <m_ucRewardType>0x5 </m_ucRewardType>
        <m_ushRewardID>6 </m_ushRewardID>
        <m_iRewardValue>6 </m_iRewardValue>
    </m_astReward>
</MarketActConfig_Client>
<MarketActConfig_Client version="1">
    <m_ushMarketActID>2799 </m_ushMarketActID>
    <m_szDescription>好友齐闯关完成第12关获赠奖励</m_szDescription>
    <m_ucRewardNumber>0x1 </m_ucRewardNumber>
    <m_astReward type="MarketActReward">
        <m_ucRewardType>0x5 </m_ucRewardType>
        <m_ushRewardID>2 </m_ushRewardID>
        <m_iRewardValue>2 </m_iRewardValue>
    </m_astReward>
</MarketActConfig_Client>
<MarketActConfig_Client version="1">
    <m_ushMarketActID>2800 </m_ushMarketActID>
    <m_szDescription>好友齐闯关完成第20关获赠奖励</m_szDescription>
    <m_ucRewardNumber>0x1 </m_ucRewardNumber>
    <m_astReward type="MarketActReward">
        <m_ucRewardType>0x7 </m_ucRewardType>
        <m_ushRewardID>0 </m_ushRewardID>
        <m_iRewardValue>20 </m_iRewardValue>
    </m_astReward>
</MarketActConfig_Client>
<MarketActConfig_Client version="1">
    <m_ushMarketActID>2801 </m_ushMarketActID>
    <m_szDescription>PK任意房间参与3次获赠</m_szDescription>
    <m_ucRewardNumber>0x1 </m_ucRewardNumber>
    <m_astReward type="MarketActReward">
        <m_ucRewardType>0x1 </m_ucRewardType>
        <m_ushRewardID>0 </m_ushRewardID>
        <m_iRewardValue>88 </m_iRewardValue>
    </m_astReward>
</MarketActConfig_Client>
<MarketActConfig_Client version="1">
    <m_ushMarketActID>2802 </m_ushMarketActID>
    <m_szDescription>PK任意房间胜利3次获赠奖励</m_szDescription>
    <m_ucRewardNumber>0x2 </m_ucRewardNumber>
    <m_astReward type="MarketActReward">
        <m_ucRewardType>0x1 </m_ucRewardType>
        <m_ushRewardID>0 </m_ushRewardID>
        <m_iRewardValue>188 </m_iRewardValue>
    </m_astReward>
    <m_astReward type="MarketActReward">
        <m_ucRewardType>0x5 </m_ucRewardType>
        <m_ushRewardID>1 </m_ushRewardID>
        <m_iRewardValue>1 </m_iRewardValue>
    </m_astReward>
</MarketActConfig_Client>
<MarketActConfig_Client version="1">
    <m_ushMarketActID>2803 </m_ushMarketActID>
    <m_szDescription>3月1日登录活动奖励</m_szDescription>
    <m_ucRewardNumber>0x1 </m_ucRewardNumber>
    <m_astReward type="MarketActReward">
        <m_ucRewardType>0x5 </m_ucRewardType>
        <m_ushRewardID>6 </m_ushRewardID>
        <m_iRewardValue>6 </m_iRewardValue>
    </m_astReward>
</MarketActConfig_Client>
<MarketActConfig_Client version="1">
    <m_ushMarketActID>2804 </m_ushMarketActID>
    <m_szDescription>3月2日登录活动奖励</m_szDescription>
    <m_ucRewardNumber>0x1 </m_ucRewardNumber>
    <m_astReward type="MarketActReward">
        <m_ucRewardType>0x5 </m_ucRewardType>
        <m_ushRewardID>2 </m_ushRewardID>
        <m_iRewardValue>2 </m_iRewardValue>
    </m_astReward>
</MarketActConfig_Client>
<MarketActConfig_Client version="1">
    <m_ushMarketActID>2805 </m_ushMarketActID>
    <m_szDescription>3月3日登录活动奖励</m_szDescription>
    <m_ucRewardNumber>0x1 </m_ucRewardNumber>
    <m_astReward type="MarketActReward">
        <m_ucRewardType>0xa </m_ucRewardType>
        <m_ushRewardID>11005 </m_ushRewardID>
        <m_iRewardValue>1 </m_iRewardValue>
    </m_astReward>
</MarketActConfig_Client>
<MarketActConfig_Client version="1">
    <m_ushMarketActID>2806 </m_ushMarketActID>
    <m_szDescription>完成任意3首歌曲获赠奖励</m_szDescription>
    <m_ucRewardNumber>0x2 </m_ucRewardNumber>
    <m_astReward type="MarketActReward">
        <m_ucRewardType>0x5 </m_ucRewardType>
        <m_ushRewardID>1 </m_ushRewardID>
        <m_iRewardValue>1 </m_iRewardValue>
    </m_astReward>
    <m_astReward type="MarketActReward">
        <m_ucRewardType>0x2 </m_ucRewardType>
        <m_ushRewardID>0 </m_ushRewardID>
        <m_iRewardValue>5 </m_iRewardValue>
    </m_astReward>
</MarketActConfig_Client>
<MarketActConfig_Client version="1">
    <m_ushMarketActID>2807 </m_ushMarketActID>
    <m_szDescription>完成任意5首歌曲获赠奖励</m_szDescription>
    <m_ucRewardNumber>0x1 </m_ucRewardNumber>
    <m_astReward type="MarketActReward">
        <m_ucRewardType>0xb </m_ucRewardType>
        <m_ushRewardID>0 </m_ushRewardID>
        <m_iRewardValue>188 </m_iRewardValue>
    </m_astReward>
</MarketActConfig_Client>
<MarketActConfig_Client version="1">
    <m_ushMarketActID>2808 </m_ushMarketActID>
    <m_szDescription>好友齐闯关3首歌达到A获赠奖励</m_szDescription>
    <m_ucRewardNumber>0x1 </m_ucRewardNumber>
    <m_astReward type="MarketActReward">
        <m_ucRewardType>0x5 </m_ucRewardType>
        <m_ushRewardID>1 </m_ushRewardID>
        <m_iRewardValue>1 </m_iRewardValue>
    </m_astReward>
</MarketActConfig_Client>
<MarketActConfig_Client version="1">
    <m_ushMarketActID>2809 </m_ushMarketActID>
    <m_szDescription>好友齐闯关8首歌达到A获赠奖励</m_szDescription>
    <m_ucRewardNumber>0x1 </m_ucRewardNumber>
    <m_astReward type="MarketActReward">
        <m_ucRewardType>0x5 </m_ucRewardType>
        <m_ushRewardID>10 </m_ushRewardID>
        <m_iRewardValue>10 </m_iRewardValue>
    </m_astReward>
</MarketActConfig_Client>
<MarketActConfig_Client version="1">
    <m_ushMarketActID>2810 </m_ushMarketActID>
    <m_szDescription>好友齐闯关15首歌达到A获赠奖励</m_szDescription>
    <m_ucRewardNumber>0x1 </m_ucRewardNumber>
    <m_astReward type="MarketActReward">
        <m_ucRewardType>0x7 </m_ucRewardType>
        <m_ushRewardID>0 </m_ushRewardID>
        <m_iRewardValue>20 </m_iRewardValue>
    </m_astReward>
</MarketActConfig_Client>
<MarketActConfig_Client version="1">
    <m_ushMarketActID>2811 </m_ushMarketActID>
    <m_szDescription>打1次极限模式送奖励</m_szDescription>
    <m_ucRewardNumber>0x1 </m_ucRewardNumber>
    <m_astReward type="MarketActReward">
        <m_ucRewardType>0x5 </m_ucRewardType>
        <m_ushRewardID>6 </m_ushRewardID>
        <m_iRewardValue>6 </m_iRewardValue>
    </m_astReward>
</MarketActConfig_Client>
<MarketActConfig_Client version="1">
    <m_ushMarketActID>2812 </m_ushMarketActID>
    <m_szDescription>打3次极限模式送奖励</m_szDescription>
    <m_ucRewardNumber>0x1 </m_ucRewardNumber>
    <m_astReward type="MarketActReward">
        <m_ucRewardType>0x5 </m_ucRewardType>
        <m_ushRewardID>10 </m_ushRewardID>
        <m_iRewardValue>10 </m_iRewardValue>
    </m_astReward>
</MarketActConfig_Client>
<MarketActConfig_Client version="1">
    <m_ushMarketActID>2813 </m_ushMarketActID>
    <m_szDescription>3月8日登录活动奖励</m_szDescription>
    <m_ucRewardNumber>0x1 </m_ucRewardNumber>
    <m_astReward type="MarketActReward">
        <m_ucRewardType>0x1 </m_ucRewardType>
        <m_ushRewardID>0 </m_ushRewardID>
        <m_iRewardValue>88 </m_iRewardValue>
    </m_astReward>
</MarketActConfig_Client>
<MarketActConfig_Client version="1">
    <m_ushMarketActID>2814 </m_ushMarketActID>
    <m_szDescription>3月9日登录活动奖励</m_szDescription>
    <m_ucRewardNumber>0x1 </m_ucRewardNumber>
    <m_astReward type="MarketActReward">
        <m_ucRewardType>0x5 </m_ucRewardType>
        <m_ushRewardID>1 </m_ushRewardID>
        <m_iRewardValue>1 </m_iRewardValue>
    </m_astReward>
</MarketActConfig_Client>
<MarketActConfig_Client version="1">
    <m_ushMarketActID>2815 </m_ushMarketActID>
    <m_szDescription>3月10日登录活动奖励</m_szDescription>
    <m_ucRewardNumber>0x1 </m_ucRewardNumber>
    <m_astReward type="MarketActReward">
        <m_ucRewardType>0xa </m_ucRewardType>
        <m_ushRewardID>10501 </m_ushRewardID>
        <m_iRewardValue>1 </m_iRewardValue>
    </m_astReward>
</MarketActConfig_Client>
<MarketActConfig_Client version="1">
    <m_ushMarketActID>2816 </m_ushMarketActID>
    <m_szDescription>累计闯过1关获赠奖励</m_szDescription>
    <m_ucRewardNumber>0x2 </m_ucRewardNumber>
    <m_astReward type="MarketActReward">
        <m_ucRewardType>0x2 </m_ucRewardType>
        <m_ushRewardID>0 </m_ushRewardID>
        <m_iRewardValue>3 </m_iRewardValue>
    </m_astReward>
    <m_astReward type="MarketActReward">
        <m_ucRewardType>0x5 </m_ucRewardType>
        <m_ushRewardID>2 </m_ushRewardID>
        <m_iRewardValue>2 </m_iRewardValue>
    </m_astReward>
</MarketActConfig_Client>
<MarketActConfig_Client version="1">
    <m_ushMarketActID>2817 </m_ushMarketActID>
    <m_szDescription>累计闯过3关获赠奖励</m_szDescription>
    <m_ucRewardNumber>0x1 </m_ucRewardNumber>
    <m_astReward type="MarketActReward">
        <m_ucRewardType>0xb </m_ucRewardType>
        <m_ushRewardID>0 </m_ushRewardID>
        <m_iRewardValue>128 </m_iRewardValue>
    </m_astReward>
</MarketActConfig_Client>
<MarketActConfig_Client version="1">
    <m_ushMarketActID>2818 </m_ushMarketActID>
    <m_szDescription>累计闯过5关获赠奖励</m_szDescription>
    <m_ucRewardNumber>0x1 </m_ucRewardNumber>
    <m_astReward type="MarketActReward">
        <m_ucRewardType>0x5 </m_ucRewardType>
        <m_ushRewardID>1 </m_ushRewardID>
        <m_iRewardValue>1 </m_iRewardValue>
    </m_astReward>
</MarketActConfig_Client>
<MarketActConfig_Client version="1">
    <m_ushMarketActID>2819 </m_ushMarketActID>
    <m_szDescription>好友齐闯关完成第6关获赠奖励</m_szDescription>
    <m_ucRewardNumber>0x1 </m_ucRewardNumber>
    <m_astReward type="MarketActReward">
        <m_ucRewardType>0x5 </m_ucRewardType>
        <m_ushRewardID>8 </m_ushRewardID>
        <m_iRewardValue>8 </m_iRewardValue>
    </m_astReward>
</MarketActConfig_Client>
<MarketActConfig_Client version="1">
    <m_ushMarketActID>2820 </m_ushMarketActID>
    <m_szDescription>好友齐闯关完成第12关获赠奖励</m_szDescription>
    <m_ucRewardNumber>0x1 </m_ucRewardNumber>
    <m_astReward type="MarketActReward">
        <m_ucRewardType>0x5 </m_ucRewardType>
        <m_ushRewardID>10 </m_ushRewardID>
        <m_iRewardValue>10 </m_iRewardValue>
    </m_astReward>
</MarketActConfig_Client>
<MarketActConfig_Client version="1">
    <m_ushMarketActID>2821 </m_ushMarketActID>
    <m_szDescription>好友齐闯关完成第20关获赠奖励</m_szDescription>
    <m_ucRewardNumber>0x1 </m_ucRewardNumber>
    <m_astReward type="MarketActReward">
        <m_ucRewardType>0x7 </m_ucRewardType>
        <m_ushRewardID>0 </m_ushRewardID>
        <m_iRewardValue>20 </m_iRewardValue>
    </m_astReward>
</MarketActConfig_Client>
<MarketActConfig_Client version="1">
    <m_ushMarketActID>2822 </m_ushMarketActID>
    <m_szDescription>PK任意房间参与3次获赠</m_szDescription>
    <m_ucRewardNumber>0x1 </m_ucRewardNumber>
    <m_astReward type="MarketActReward">
        <m_ucRewardType>0x1 </m_ucRewardType>
        <m_ushRewardID>0 </m_ushRewardID>
        <m_iRewardValue>111 </m_iRewardValue>
    </m_astReward>
</MarketActConfig_Client>
<MarketActConfig_Client version="1">
    <m_ushMarketActID>2823 </m_ushMarketActID>
    <m_szDescription>PK任意房间胜利3次获赠奖励</m_szDescription>
    <m_ucRewardNumber>0x2 </m_ucRewardNumber>
    <m_astReward type="MarketActReward">
        <m_ucRewardType>0x1 </m_ucRewardType>
        <m_ushRewardID>0 </m_ushRewardID>
        <m_iRewardValue>188 </m_iRewardValue>
    </m_astReward>
    <m_astReward type="MarketActReward">
        <m_ucRewardType>0x5 </m_ucRewardType>
        <m_ushRewardID>6 </m_ushRewardID>
        <m_iRewardValue>6 </m_iRewardValue>
    </m_astReward>
</MarketActConfig_Client>
<MarketActConfig_Client version="1">
    <m_ushMarketActID>2824 </m_ushMarketActID>
    <m_szDescription>3月23日登录活动奖励</m_szDescription>
    <m_ucRewardNumber>0x1 </m_ucRewardNumber>
    <m_astReward type="MarketActReward">
        <m_ucRewardType>0x5 </m_ucRewardType>
        <m_ushRewardID>6 </m_ushRewardID>
        <m_iRewardValue>6 </m_iRewardValue>
    </m_astReward>
</MarketActConfig_Client>
<MarketActConfig_Client version="1">
    <m_ushMarketActID>2825 </m_ushMarketActID>
    <m_szDescription>3月24日登录活动奖励</m_szDescription>
    <m_ucRewardNumber>0x1 </m_ucRewardNumber>
    <m_astReward type="MarketActReward">
        <m_ucRewardType>0x5 </m_ucRewardType>
        <m_ushRewardID>1 </m_ushRewardID>
        <m_iRewardValue>1 </m_iRewardValue>
    </m_astReward>
</MarketActConfig_Client>
<MarketActConfig_Client version="1">
    <m_ushMarketActID>2826 </m_ushMarketActID>
    <m_szDescription>3月25日登录活动奖励</m_szDescription>
    <m_ucRewardNumber>0x1 </m_ucRewardNumber>
    <m_astReward type="MarketActReward">
        <m_ucRewardType>0xa </m_ucRewardType>
        <m_ushRewardID>11006 </m_ushRewardID>
        <m_iRewardValue>1 </m_iRewardValue>
    </m_astReward>
</MarketActConfig_Client>
<MarketActConfig_Client version="1">
    <m_ushMarketActID>2827 </m_ushMarketActID>
    <m_szDescription>完成任意3首歌曲获赠奖励</m_szDescription>
    <m_ucRewardNumber>0x2 </m_ucRewardNumber>
    <m_astReward type="MarketActReward">
        <m_ucRewardType>0x5 </m_ucRewardType>
        <m_ushRewardID>6 </m_ushRewardID>
        <m_iRewardValue>6 </m_iRewardValue>
    </m_astReward>
    <m_astReward type="MarketActReward">
        <m_ucRewardType>0x2 </m_ucRewardType>
        <m_ushRewardID>0 </m_ushRewardID>
        <m_iRewardValue>5 </m_iRewardValue>
    </m_astReward>
</MarketActConfig_Client>
<MarketActConfig_Client version="1">
    <m_ushMarketActID>2828 </m_ushMarketActID>
    <m_szDescription>完成任意5首歌曲获赠奖励</m_szDescription>
    <m_ucRewardNumber>0x1 </m_ucRewardNumber>
    <m_astReward type="MarketActReward">
        <m_ucRewardType>0xb </m_ucRewardType>
        <m_ushRewardID>0 </m_ushRewardID>
        <m_iRewardValue>188 </m_iRewardValue>
    </m_astReward>
</MarketActConfig_Client>
<MarketActConfig_Client version="1">
    <m_ushMarketActID>2829 </m_ushMarketActID>
    <m_szDescription>好友齐闯关3首歌达到A获赠奖励</m_szDescription>
    <m_ucRewardNumber>0x1 </m_ucRewardNumber>
    <m_astReward type="MarketActReward">
        <m_ucRewardType>0x5 </m_ucRewardType>
        <m_ushRewardID>10 </m_ushRewardID>
        <m_iRewardValue>10 </m_iRewardValue>
    </m_astReward>
</MarketActConfig_Client>
<MarketActConfig_Client version="1">
    <m_ushMarketActID>2830 </m_ushMarketActID>
    <m_szDescription>好友齐闯关8首歌达到A获赠奖励</m_szDescription>
    <m_ucRewardNumber>0x1 </m_ucRewardNumber>
    <m_astReward type="MarketActReward">
        <m_ucRewardType>0x5 </m_ucRewardType>
        <m_ushRewardID>2 </m_ushRewardID>
        <m_iRewardValue>2 </m_iRewardValue>
    </m_astReward>
</MarketActConfig_Client>
<MarketActConfig_Client version="1">
    <m_ushMarketActID>2831 </m_ushMarketActID>
    <m_szDescription>好友齐闯关15首歌达到A获赠奖励</m_szDescription>
    <m_ucRewardNumber>0x1 </m_ucRewardNumber>
    <m_astReward type="MarketActReward">
        <m_ucRewardType>0x7 </m_ucRewardType>
        <m_ushRewardID>0 </m_ushRewardID>
        <m_iRewardValue>20 </m_iRewardValue>
    </m_astReward>
</MarketActConfig_Client>
<MarketActConfig_Client version="1">
    <m_ushMarketActID>2832 </m_ushMarketActID>
    <m_szDescription>打1次极限模式送奖励</m_szDescription>
    <m_ucRewardNumber>0x1 </m_ucRewardNumber>
    <m_astReward type="MarketActReward">
        <m_ucRewardType>0x5 </m_ucRewardType>
        <m_ushRewardID>1 </m_ushRewardID>
        <m_iRewardValue>2 </m_iRewardValue>
    </m_astReward>
</MarketActConfig_Client>
<MarketActConfig_Client version="1">
    <m_ushMarketActID>2833 </m_ushMarketActID>
    <m_szDescription>打3次极限模式送奖励</m_szDescription>
    <m_ucRewardNumber>0x1 </m_ucRewardNumber>
    <m_astReward type="MarketActReward">
        <m_ucRewardType>0x5 </m_ucRewardType>
        <m_ushRewardID>10 </m_ushRewardID>
        <m_iRewardValue>10 </m_iRewardValue>
    </m_astReward>
</MarketActConfig_Client>
</MarketActConfig_Client_Tab>