<?xml version="1.0" encoding="UTF-8" standalone="yes" ?>
<MissionConfig_Client_Tab>
<TResHeadAll version="5">
    <resHead type="TResHead">
        <Magic>1397052237 </Magic>
        <Version>6 </Version>
        <Unit>415 </Unit>
        <Count>16 </Count>
        <MetalibHash>aaaaaaaaaaaaaaaaaaaaaaaaaaaaaaaa</MetalibHash>
        <ResVersion>0 </ResVersion>
        <CreateTime>   0-00-00 00:00:00</CreateTime>
        <ResEncording>UTF-8</ResEncording>
        <ContentHash>40ffd0e90fead6f836e0b63decef1cfe</ContentHash>
    </resHead>
    <resHeadExt type="TResHeadExt">
        <DataOffset>136 </DataOffset>
    </resHeadExt>
</TResHeadAll>
<MissionConfig_Client version="1">
    <m_iMissionID>1 </m_iMissionID>
    <m_szTitle>乐享旋律</m_szTitle>
    <m_iIconID>22 </m_iIconID>
    <m_szDiffDesc>普通</m_szDiffDesc>
    <m_szDiffColor>ffffd200</m_szDiffColor>
    <m_szBeginTime>2020-03-20 00:00:00</m_szBeginTime>
    <m_szEndTime>2020-03-26 23:59:00</m_szEndTime>
    <m_iStartFloor>5466 </m_iStartFloor>
    <m_iEndFloor>5470 </m_iEndFloor>
    <m_ucResetable>1 </m_ucResetable>
    <m_iResetCost>100 </m_iResetCost>
    <m_ucRewardType>0x1 </m_ucRewardType>
    <m_ucIsNew>0x1 </m_ucIsNew>
    <m_iSeqID>0 </m_iSeqID>
    <m_ucGameType>0x0 </m_ucGameType>
</MissionConfig_Client>
<MissionConfig_Client version="1">
    <m_iMissionID>2 </m_iMissionID>
    <m_szTitle>周末大挑战</m_szTitle>
    <m_iIconID>8 </m_iIconID>
    <m_szDiffDesc>普通</m_szDiffDesc>
    <m_szDiffColor>ffffd200</m_szDiffColor>
    <m_szBeginTime>2020-03-21 00:00:00</m_szBeginTime>
    <m_szEndTime>2020-03-22 23:59:00</m_szEndTime>
    <m_iStartFloor>5471 </m_iStartFloor>
    <m_iEndFloor>5475 </m_iEndFloor>
    <m_ucResetable>1 </m_ucResetable>
    <m_iResetCost>100 </m_iResetCost>
    <m_ucRewardType>0x1 </m_ucRewardType>
    <m_ucIsNew>0x1 </m_ucIsNew>
    <m_iSeqID>0 </m_iSeqID>
    <m_ucGameType>0x0 </m_ucGameType>
</MissionConfig_Client>
<MissionConfig_Client version="1">
    <m_iMissionID>3 </m_iMissionID>
    <m_szTitle>韩日精选</m_szTitle>
    <m_iIconID>47 </m_iIconID>
    <m_szDiffDesc>进阶</m_szDiffDesc>
    <m_szDiffColor>fff00022</m_szDiffColor>
    <m_szBeginTime>2020-03-23 00:00:00</m_szBeginTime>
    <m_szEndTime>2020-03-26 23:59:00</m_szEndTime>
    <m_iStartFloor>5476 </m_iStartFloor>
    <m_iEndFloor>5480 </m_iEndFloor>
    <m_ucResetable>1 </m_ucResetable>
    <m_iResetCost>100 </m_iResetCost>
    <m_ucRewardType>0x1 </m_ucRewardType>
    <m_ucIsNew>0x1 </m_ucIsNew>
    <m_iSeqID>0 </m_iSeqID>
    <m_ucGameType>0x0 </m_ucGameType>
</MissionConfig_Client>
<MissionConfig_Client version="1">
    <m_iMissionID>4 </m_iMissionID>
    <m_szTitle>律动节奏（星动）</m_szTitle>
    <m_iIconID>17 </m_iIconID>
    <m_szDiffDesc>普通</m_szDiffDesc>
    <m_szDiffColor>ffffd200</m_szDiffColor>
    <m_szBeginTime>2020-03-20 00:00:00</m_szBeginTime>
    <m_szEndTime>2020-03-26 23:59:00</m_szEndTime>
    <m_iStartFloor>5481 </m_iStartFloor>
    <m_iEndFloor>5485 </m_iEndFloor>
    <m_ucResetable>1 </m_ucResetable>
    <m_iResetCost>100 </m_iResetCost>
    <m_ucRewardType>0x1 </m_ucRewardType>
    <m_ucIsNew>0x1 </m_ucIsNew>
    <m_iSeqID>0 </m_iSeqID>
    <m_ucGameType>0x1 </m_ucGameType>
</MissionConfig_Client>
<MissionConfig_Client version="1">
    <m_iMissionID>5 </m_iMissionID>
    <m_szTitle>乐享旋律</m_szTitle>
    <m_iIconID>22 </m_iIconID>
    <m_szDiffDesc>普通</m_szDiffDesc>
    <m_szDiffColor>ffffd200</m_szDiffColor>
    <m_szBeginTime>2020-03-27 00:00:00</m_szBeginTime>
    <m_szEndTime>2020-04-02 23:59:00</m_szEndTime>
    <m_iStartFloor>5486 </m_iStartFloor>
    <m_iEndFloor>5490 </m_iEndFloor>
    <m_ucResetable>1 </m_ucResetable>
    <m_iResetCost>100 </m_iResetCost>
    <m_ucRewardType>0x1 </m_ucRewardType>
    <m_ucIsNew>0x1 </m_ucIsNew>
    <m_iSeqID>0 </m_iSeqID>
    <m_ucGameType>0x0 </m_ucGameType>
</MissionConfig_Client>
<MissionConfig_Client version="1">
    <m_iMissionID>6 </m_iMissionID>
    <m_szTitle>周末大挑战</m_szTitle>
    <m_iIconID>8 </m_iIconID>
    <m_szDiffDesc>高级</m_szDiffDesc>
    <m_szDiffColor>ffff6600</m_szDiffColor>
    <m_szBeginTime>2020-03-28 00:00:00</m_szBeginTime>
    <m_szEndTime>2020-03-29 23:59:00</m_szEndTime>
    <m_iStartFloor>5491 </m_iStartFloor>
    <m_iEndFloor>5495 </m_iEndFloor>
    <m_ucResetable>1 </m_ucResetable>
    <m_iResetCost>100 </m_iResetCost>
    <m_ucRewardType>0x1 </m_ucRewardType>
    <m_ucIsNew>0x1 </m_ucIsNew>
    <m_iSeqID>0 </m_iSeqID>
    <m_ucGameType>0x0 </m_ucGameType>
</MissionConfig_Client>
<MissionConfig_Client version="1">
    <m_iMissionID>7 </m_iMissionID>
    <m_szTitle>挑战隐藏歌曲</m_szTitle>
    <m_iIconID>13 </m_iIconID>
    <m_szDiffDesc>进阶</m_szDiffDesc>
    <m_szDiffColor>fff00022</m_szDiffColor>
    <m_szBeginTime>2020-03-30 00:00:00</m_szBeginTime>
    <m_szEndTime>2020-04-02 23:59:00</m_szEndTime>
    <m_iStartFloor>5496 </m_iStartFloor>
    <m_iEndFloor>5500 </m_iEndFloor>
    <m_ucResetable>1 </m_ucResetable>
    <m_iResetCost>100 </m_iResetCost>
    <m_ucRewardType>0x1 </m_ucRewardType>
    <m_ucIsNew>0x1 </m_ucIsNew>
    <m_iSeqID>0 </m_iSeqID>
    <m_ucGameType>0x0 </m_ucGameType>
</MissionConfig_Client>
<MissionConfig_Client version="1">
    <m_iMissionID>8 </m_iMissionID>
    <m_szTitle>律动节奏（星动）</m_szTitle>
    <m_iIconID>17 </m_iIconID>
    <m_szDiffDesc>普通</m_szDiffDesc>
    <m_szDiffColor>ffffd200</m_szDiffColor>
    <m_szBeginTime>2020-03-27 00:00:00</m_szBeginTime>
    <m_szEndTime>2020-04-02 23:59:00</m_szEndTime>
    <m_iStartFloor>5501 </m_iStartFloor>
    <m_iEndFloor>5505 </m_iEndFloor>
    <m_ucResetable>1 </m_ucResetable>
    <m_iResetCost>100 </m_iResetCost>
    <m_ucRewardType>0x1 </m_ucRewardType>
    <m_ucIsNew>0x1 </m_ucIsNew>
    <m_iSeqID>0 </m_iSeqID>
    <m_ucGameType>0x1 </m_ucGameType>
</MissionConfig_Client>
<MissionConfig_Client version="1">
    <m_iMissionID>9 </m_iMissionID>
    <m_szTitle>乐享旋律</m_szTitle>
    <m_iIconID>22 </m_iIconID>
    <m_szDiffDesc>普通</m_szDiffDesc>
    <m_szDiffColor>ffffd200</m_szDiffColor>
    <m_szBeginTime>2020-04-03 00:00:00</m_szBeginTime>
    <m_szEndTime>2020-04-09 23:59:00</m_szEndTime>
    <m_iStartFloor>5506 </m_iStartFloor>
    <m_iEndFloor>5510 </m_iEndFloor>
    <m_ucResetable>1 </m_ucResetable>
    <m_iResetCost>100 </m_iResetCost>
    <m_ucRewardType>0x1 </m_ucRewardType>
    <m_ucIsNew>0x1 </m_ucIsNew>
    <m_iSeqID>0 </m_iSeqID>
    <m_ucGameType>0x0 </m_ucGameType>
</MissionConfig_Client>
<MissionConfig_Client version="1">
    <m_iMissionID>10 </m_iMissionID>
    <m_szTitle>周末大挑战</m_szTitle>
    <m_iIconID>8 </m_iIconID>
    <m_szDiffDesc>高级</m_szDiffDesc>
    <m_szDiffColor>ffff6600</m_szDiffColor>
    <m_szBeginTime>2020-04-04 00:00:00</m_szBeginTime>
    <m_szEndTime>2020-04-05 23:59:00</m_szEndTime>
    <m_iStartFloor>5511 </m_iStartFloor>
    <m_iEndFloor>5515 </m_iEndFloor>
    <m_ucResetable>1 </m_ucResetable>
    <m_iResetCost>100 </m_iResetCost>
    <m_ucRewardType>0x1 </m_ucRewardType>
    <m_ucIsNew>0x1 </m_ucIsNew>
    <m_iSeqID>0 </m_iSeqID>
    <m_ucGameType>0x0 </m_ucGameType>
</MissionConfig_Client>
<MissionConfig_Client version="1">
    <m_iMissionID>11 </m_iMissionID>
    <m_szTitle>华语组合</m_szTitle>
    <m_iIconID>56 </m_iIconID>
    <m_szDiffDesc>进阶</m_szDiffDesc>
    <m_szDiffColor>fff00022</m_szDiffColor>
    <m_szBeginTime>2020-04-06 00:00:00</m_szBeginTime>
    <m_szEndTime>2020-04-09 23:59:00</m_szEndTime>
    <m_iStartFloor>5516 </m_iStartFloor>
    <m_iEndFloor>5520 </m_iEndFloor>
    <m_ucResetable>1 </m_ucResetable>
    <m_iResetCost>100 </m_iResetCost>
    <m_ucRewardType>0x1 </m_ucRewardType>
    <m_ucIsNew>0x1 </m_ucIsNew>
    <m_iSeqID>0 </m_iSeqID>
    <m_ucGameType>0x0 </m_ucGameType>
</MissionConfig_Client>
<MissionConfig_Client version="1">
    <m_iMissionID>12 </m_iMissionID>
    <m_szTitle>律动节奏（星动）</m_szTitle>
    <m_iIconID>17 </m_iIconID>
    <m_szDiffDesc>普通</m_szDiffDesc>
    <m_szDiffColor>ffffd200</m_szDiffColor>
    <m_szBeginTime>2020-04-03 00:00:00</m_szBeginTime>
    <m_szEndTime>2020-04-09 23:59:00</m_szEndTime>
    <m_iStartFloor>5521 </m_iStartFloor>
    <m_iEndFloor>5525 </m_iEndFloor>
    <m_ucResetable>1 </m_ucResetable>
    <m_iResetCost>100 </m_iResetCost>
    <m_ucRewardType>0x1 </m_ucRewardType>
    <m_ucIsNew>0x1 </m_ucIsNew>
    <m_iSeqID>0 </m_iSeqID>
    <m_ucGameType>0x1 </m_ucGameType>
</MissionConfig_Client>
<MissionConfig_Client version="1">
    <m_iMissionID>13 </m_iMissionID>
    <m_szTitle>乐享旋律</m_szTitle>
    <m_iIconID>22 </m_iIconID>
    <m_szDiffDesc>普通</m_szDiffDesc>
    <m_szDiffColor>ffffd200</m_szDiffColor>
    <m_szBeginTime>2020-04-10 00:00:00</m_szBeginTime>
    <m_szEndTime>2020-04-16 23:59:00</m_szEndTime>
    <m_iStartFloor>5526 </m_iStartFloor>
    <m_iEndFloor>5530 </m_iEndFloor>
    <m_ucResetable>1 </m_ucResetable>
    <m_iResetCost>100 </m_iResetCost>
    <m_ucRewardType>0x1 </m_ucRewardType>
    <m_ucIsNew>0x1 </m_ucIsNew>
    <m_iSeqID>0 </m_iSeqID>
    <m_ucGameType>0x0 </m_ucGameType>
</MissionConfig_Client>
<MissionConfig_Client version="1">
    <m_iMissionID>14 </m_iMissionID>
    <m_szTitle>周末大挑战</m_szTitle>
    <m_iIconID>8 </m_iIconID>
    <m_szDiffDesc>高级</m_szDiffDesc>
    <m_szDiffColor>ffff6600</m_szDiffColor>
    <m_szBeginTime>2020-04-11 00:00:00</m_szBeginTime>
    <m_szEndTime>2020-04-12 23:59:00</m_szEndTime>
    <m_iStartFloor>5531 </m_iStartFloor>
    <m_iEndFloor>5535 </m_iEndFloor>
    <m_ucResetable>1 </m_ucResetable>
    <m_iResetCost>100 </m_iResetCost>
    <m_ucRewardType>0x1 </m_ucRewardType>
    <m_ucIsNew>0x1 </m_ucIsNew>
    <m_iSeqID>0 </m_iSeqID>
    <m_ucGameType>0x0 </m_ucGameType>
</MissionConfig_Client>
<MissionConfig_Client version="1">
    <m_iMissionID>15 </m_iMissionID>
    <m_szTitle>欧美精选</m_szTitle>
    <m_iIconID>18 </m_iIconID>
    <m_szDiffDesc>进阶</m_szDiffDesc>
    <m_szDiffColor>fff00022</m_szDiffColor>
    <m_szBeginTime>2020-04-13 00:00:00</m_szBeginTime>
    <m_szEndTime>2020-04-16 23:59:00</m_szEndTime>
    <m_iStartFloor>5536 </m_iStartFloor>
    <m_iEndFloor>5540 </m_iEndFloor>
    <m_ucResetable>1 </m_ucResetable>
    <m_iResetCost>100 </m_iResetCost>
    <m_ucRewardType>0x1 </m_ucRewardType>
    <m_ucIsNew>0x1 </m_ucIsNew>
    <m_iSeqID>0 </m_iSeqID>
    <m_ucGameType>0x0 </m_ucGameType>
</MissionConfig_Client>
<MissionConfig_Client version="1">
    <m_iMissionID>16 </m_iMissionID>
    <m_szTitle>律动节奏（星动）</m_szTitle>
    <m_iIconID>17 </m_iIconID>
    <m_szDiffDesc>普通</m_szDiffDesc>
    <m_szDiffColor>ffffd200</m_szDiffColor>
    <m_szBeginTime>2020-04-10 00:00:00</m_szBeginTime>
    <m_szEndTime>2020-04-16 23:59:00</m_szEndTime>
    <m_iStartFloor>5541 </m_iStartFloor>
    <m_iEndFloor>5545 </m_iEndFloor>
    <m_ucResetable>1 </m_ucResetable>
    <m_iResetCost>100 </m_iResetCost>
    <m_ucRewardType>0x1 </m_ucRewardType>
    <m_ucIsNew>0x1 </m_ucIsNew>
    <m_iSeqID>0 </m_iSeqID>
    <m_ucGameType>0x1 </m_ucGameType>
</MissionConfig_Client>
</MissionConfig_Client_Tab>