<?xml version="1.0" encoding="UTF-8" standalone="yes" ?>
<SurviveActConfig_Client_Tab>
<TResHeadAll version="5">
    <resHead type="TResHead">
        <Magic>1397052237 </Magic>
        <Version>6 </Version>
        <Unit>263 </Unit>
        <Count>49 </Count>
        <MetalibHash>aaaaaaaaaaaaaaaaaaaaaaaaaaaaaaaa</MetalibHash>
        <ResVersion>0 </ResVersion>
        <CreateTime>   0-00-00 00:00:00</CreateTime>
        <ResEncording>UTF-8</ResEncording>
        <ContentHash>ce5775e90a83c69f6c2b2eb4edec942b</ContentHash>
    </resHead>
    <resHeadExt type="TResHeadExt">
        <DataOffset>136 </DataOffset>
    </resHeadExt>
</TResHeadAll>
<SurviveActConfig_Client version="1">
    <m_iID>0 </m_iID>
    <m_ushSongID>0 </m_ushSongID>
    <m_ucNoteType>0x0 </m_ucNoteType>
    <m_szOpenTimeDesc>0时间描述</m_szOpenTimeDesc>
</SurviveActConfig_Client>
<SurviveActConfig_Client version="1">
    <m_iID>263 </m_iID>
    <m_ushSongID>289 </m_ushSongID>
    <m_ucNoteType>0x8 </m_ucNoteType>
    <m_szOpenTimeDesc>时间：09月27日~09月29日 全天开放</m_szOpenTimeDesc>
</SurviveActConfig_Client>
<SurviveActConfig_Client version="1">
    <m_iID>264 </m_iID>
    <m_ushSongID>329 </m_ushSongID>
    <m_ucNoteType>0x3 </m_ucNoteType>
    <m_szOpenTimeDesc>时间：10月04日~10月6日 全天开放</m_szOpenTimeDesc>
</SurviveActConfig_Client>
<SurviveActConfig_Client version="1">
    <m_iID>265 </m_iID>
    <m_ushSongID>280 </m_ushSongID>
    <m_ucNoteType>0x3 </m_ucNoteType>
    <m_szOpenTimeDesc>时间：10月11日~10月13日 全天开放</m_szOpenTimeDesc>
</SurviveActConfig_Client>
<SurviveActConfig_Client version="1">
    <m_iID>266 </m_iID>
    <m_ushSongID>289 </m_ushSongID>
    <m_ucNoteType>0x8 </m_ucNoteType>
    <m_szOpenTimeDesc>时间：10月18日~10月20日 全天开放</m_szOpenTimeDesc>
</SurviveActConfig_Client>
<SurviveActConfig_Client version="1">
    <m_iID>267 </m_iID>
    <m_ushSongID>329 </m_ushSongID>
    <m_ucNoteType>0x3 </m_ucNoteType>
    <m_szOpenTimeDesc>时间：10月25日~10月27日 全天开放</m_szOpenTimeDesc>
</SurviveActConfig_Client>
<SurviveActConfig_Client version="1">
    <m_iID>268 </m_iID>
    <m_ushSongID>280 </m_ushSongID>
    <m_ucNoteType>0x3 </m_ucNoteType>
    <m_szOpenTimeDesc>时间：11月01日~11月03日 全天开放</m_szOpenTimeDesc>
</SurviveActConfig_Client>
<SurviveActConfig_Client version="1">
    <m_iID>269 </m_iID>
    <m_ushSongID>289 </m_ushSongID>
    <m_ucNoteType>0x8 </m_ucNoteType>
    <m_szOpenTimeDesc>时间：11月08日~11月10日 全天开放</m_szOpenTimeDesc>
</SurviveActConfig_Client>
<SurviveActConfig_Client version="1">
    <m_iID>270 </m_iID>
    <m_ushSongID>329 </m_ushSongID>
    <m_ucNoteType>0x3 </m_ucNoteType>
    <m_szOpenTimeDesc>时间：11月15日~11月17日 全天开放</m_szOpenTimeDesc>
</SurviveActConfig_Client>
<SurviveActConfig_Client version="1">
    <m_iID>271 </m_iID>
    <m_ushSongID>280 </m_ushSongID>
    <m_ucNoteType>0x3 </m_ucNoteType>
    <m_szOpenTimeDesc>时间：11月22日~11月24日 全天开放</m_szOpenTimeDesc>
</SurviveActConfig_Client>
<SurviveActConfig_Client version="1">
    <m_iID>272 </m_iID>
    <m_ushSongID>289 </m_ushSongID>
    <m_ucNoteType>0x8 </m_ucNoteType>
    <m_szOpenTimeDesc>时间：11月29日~12月01日 全天开放</m_szOpenTimeDesc>
</SurviveActConfig_Client>
<SurviveActConfig_Client version="1">
    <m_iID>273 </m_iID>
    <m_ushSongID>329 </m_ushSongID>
    <m_ucNoteType>0x3 </m_ucNoteType>
    <m_szOpenTimeDesc>时间：12月06日~12月08日 全天开放</m_szOpenTimeDesc>
</SurviveActConfig_Client>
<SurviveActConfig_Client version="1">
    <m_iID>274 </m_iID>
    <m_ushSongID>280 </m_ushSongID>
    <m_ucNoteType>0x3 </m_ucNoteType>
    <m_szOpenTimeDesc>时间：12月13日~12月15日 全天开放</m_szOpenTimeDesc>
</SurviveActConfig_Client>
<SurviveActConfig_Client version="1">
    <m_iID>275 </m_iID>
    <m_ushSongID>289 </m_ushSongID>
    <m_ucNoteType>0x8 </m_ucNoteType>
    <m_szOpenTimeDesc>时间：12月20日~12月22日 全天开放</m_szOpenTimeDesc>
</SurviveActConfig_Client>
<SurviveActConfig_Client version="1">
    <m_iID>276 </m_iID>
    <m_ushSongID>329 </m_ushSongID>
    <m_ucNoteType>0x3 </m_ucNoteType>
    <m_szOpenTimeDesc>时间：12月27日~12月29日 全天开放</m_szOpenTimeDesc>
</SurviveActConfig_Client>
<SurviveActConfig_Client version="1">
    <m_iID>277 </m_iID>
    <m_ushSongID>280 </m_ushSongID>
    <m_ucNoteType>0x3 </m_ucNoteType>
    <m_szOpenTimeDesc>时间：01月03日~01月05日 全天开放</m_szOpenTimeDesc>
</SurviveActConfig_Client>
<SurviveActConfig_Client version="1">
    <m_iID>278 </m_iID>
    <m_ushSongID>289 </m_ushSongID>
    <m_ucNoteType>0x8 </m_ucNoteType>
    <m_szOpenTimeDesc>时间：01月10日~01月12日 全天开放</m_szOpenTimeDesc>
</SurviveActConfig_Client>
<SurviveActConfig_Client version="1">
    <m_iID>279 </m_iID>
    <m_ushSongID>329 </m_ushSongID>
    <m_ucNoteType>0x3 </m_ucNoteType>
    <m_szOpenTimeDesc>时间：01月17日~01月19日 全天开放</m_szOpenTimeDesc>
</SurviveActConfig_Client>
<SurviveActConfig_Client version="1">
    <m_iID>280 </m_iID>
    <m_ushSongID>280 </m_ushSongID>
    <m_ucNoteType>0x3 </m_ucNoteType>
    <m_szOpenTimeDesc>时间：01月24日~01月26日 全天开放</m_szOpenTimeDesc>
</SurviveActConfig_Client>
<SurviveActConfig_Client version="1">
    <m_iID>281 </m_iID>
    <m_ushSongID>289 </m_ushSongID>
    <m_ucNoteType>0x8 </m_ucNoteType>
    <m_szOpenTimeDesc>时间：01月31日~02月02日 全天开放</m_szOpenTimeDesc>
</SurviveActConfig_Client>
<SurviveActConfig_Client version="1">
    <m_iID>282 </m_iID>
    <m_ushSongID>329 </m_ushSongID>
    <m_ucNoteType>0x3 </m_ucNoteType>
    <m_szOpenTimeDesc>时间：02月07日~02月09日 全天开放</m_szOpenTimeDesc>
</SurviveActConfig_Client>
<SurviveActConfig_Client version="1">
    <m_iID>283 </m_iID>
    <m_ushSongID>280 </m_ushSongID>
    <m_ucNoteType>0x3 </m_ucNoteType>
    <m_szOpenTimeDesc>时间：02月14日~02月16日 全天开放</m_szOpenTimeDesc>
</SurviveActConfig_Client>
<SurviveActConfig_Client version="1">
    <m_iID>284 </m_iID>
    <m_ushSongID>289 </m_ushSongID>
    <m_ucNoteType>0x8 </m_ucNoteType>
    <m_szOpenTimeDesc>时间：02月21日~02月23日 全天开放</m_szOpenTimeDesc>
</SurviveActConfig_Client>
<SurviveActConfig_Client version="1">
    <m_iID>285 </m_iID>
    <m_ushSongID>329 </m_ushSongID>
    <m_ucNoteType>0x3 </m_ucNoteType>
    <m_szOpenTimeDesc>时间：02月28日~03月01日 全天开放</m_szOpenTimeDesc>
</SurviveActConfig_Client>
<SurviveActConfig_Client version="1">
    <m_iID>286 </m_iID>
    <m_ushSongID>280 </m_ushSongID>
    <m_ucNoteType>0x3 </m_ucNoteType>
    <m_szOpenTimeDesc>时间：03月06日~03月08日 全天开放</m_szOpenTimeDesc>
</SurviveActConfig_Client>
<SurviveActConfig_Client version="1">
    <m_iID>287 </m_iID>
    <m_ushSongID>289 </m_ushSongID>
    <m_ucNoteType>0x8 </m_ucNoteType>
    <m_szOpenTimeDesc>时间：03月13日~03月15日 全天开放</m_szOpenTimeDesc>
</SurviveActConfig_Client>
<SurviveActConfig_Client version="1">
    <m_iID>288 </m_iID>
    <m_ushSongID>329 </m_ushSongID>
    <m_ucNoteType>0x3 </m_ucNoteType>
    <m_szOpenTimeDesc>时间：03月20日~03月22日 全天开放</m_szOpenTimeDesc>
</SurviveActConfig_Client>
<SurviveActConfig_Client version="1">
    <m_iID>289 </m_iID>
    <m_ushSongID>280 </m_ushSongID>
    <m_ucNoteType>0x3 </m_ucNoteType>
    <m_szOpenTimeDesc>时间：03月27日~03月29日 全天开放</m_szOpenTimeDesc>
</SurviveActConfig_Client>
<SurviveActConfig_Client version="1">
    <m_iID>290 </m_iID>
    <m_ushSongID>289 </m_ushSongID>
    <m_ucNoteType>0x8 </m_ucNoteType>
    <m_szOpenTimeDesc>时间：04月03日~04月05日 全天开放</m_szOpenTimeDesc>
</SurviveActConfig_Client>
<SurviveActConfig_Client version="1">
    <m_iID>291 </m_iID>
    <m_ushSongID>329 </m_ushSongID>
    <m_ucNoteType>0x3 </m_ucNoteType>
    <m_szOpenTimeDesc>时间：04月10日~04月12日 全天开放</m_szOpenTimeDesc>
</SurviveActConfig_Client>
<SurviveActConfig_Client version="1">
    <m_iID>292 </m_iID>
    <m_ushSongID>280 </m_ushSongID>
    <m_ucNoteType>0x3 </m_ucNoteType>
    <m_szOpenTimeDesc>时间：04月17日~04月19日 全天开放</m_szOpenTimeDesc>
</SurviveActConfig_Client>
<SurviveActConfig_Client version="1">
    <m_iID>293 </m_iID>
    <m_ushSongID>289 </m_ushSongID>
    <m_ucNoteType>0x8 </m_ucNoteType>
    <m_szOpenTimeDesc>时间：04月24日~04月26日 全天开放</m_szOpenTimeDesc>
</SurviveActConfig_Client>
<SurviveActConfig_Client version="1">
    <m_iID>294 </m_iID>
    <m_ushSongID>329 </m_ushSongID>
    <m_ucNoteType>0x3 </m_ucNoteType>
    <m_szOpenTimeDesc>时间：05月01日~05月03日 全天开放</m_szOpenTimeDesc>
</SurviveActConfig_Client>
<SurviveActConfig_Client version="1">
    <m_iID>295 </m_iID>
    <m_ushSongID>280 </m_ushSongID>
    <m_ucNoteType>0x3 </m_ucNoteType>
    <m_szOpenTimeDesc>时间：05月08日~05月10日 全天开放</m_szOpenTimeDesc>
</SurviveActConfig_Client>
<SurviveActConfig_Client version="1">
    <m_iID>296 </m_iID>
    <m_ushSongID>289 </m_ushSongID>
    <m_ucNoteType>0x8 </m_ucNoteType>
    <m_szOpenTimeDesc>时间：05月15日~05月17日 全天开放</m_szOpenTimeDesc>
</SurviveActConfig_Client>
<SurviveActConfig_Client version="1">
    <m_iID>297 </m_iID>
    <m_ushSongID>329 </m_ushSongID>
    <m_ucNoteType>0x3 </m_ucNoteType>
    <m_szOpenTimeDesc>时间：05月22日~05月24日 全天开放</m_szOpenTimeDesc>
</SurviveActConfig_Client>
<SurviveActConfig_Client version="1">
    <m_iID>298 </m_iID>
    <m_ushSongID>280 </m_ushSongID>
    <m_ucNoteType>0x3 </m_ucNoteType>
    <m_szOpenTimeDesc>时间：05月29日~05月31日 全天开放</m_szOpenTimeDesc>
</SurviveActConfig_Client>
<SurviveActConfig_Client version="1">
    <m_iID>299 </m_iID>
    <m_ushSongID>289 </m_ushSongID>
    <m_ucNoteType>0x8 </m_ucNoteType>
    <m_szOpenTimeDesc>时间：06月05日~06月07日 全天开放</m_szOpenTimeDesc>
</SurviveActConfig_Client>
<SurviveActConfig_Client version="1">
    <m_iID>300 </m_iID>
    <m_ushSongID>329 </m_ushSongID>
    <m_ucNoteType>0x3 </m_ucNoteType>
    <m_szOpenTimeDesc>时间：06月12日~06月14日 全天开放</m_szOpenTimeDesc>
</SurviveActConfig_Client>
<SurviveActConfig_Client version="1">
    <m_iID>301 </m_iID>
    <m_ushSongID>280 </m_ushSongID>
    <m_ucNoteType>0x3 </m_ucNoteType>
    <m_szOpenTimeDesc>时间：06月19日~06月21日 全天开放</m_szOpenTimeDesc>
</SurviveActConfig_Client>
<SurviveActConfig_Client version="1">
    <m_iID>302 </m_iID>
    <m_ushSongID>289 </m_ushSongID>
    <m_ucNoteType>0x8 </m_ucNoteType>
    <m_szOpenTimeDesc>时间：06月26日~06月28日 全天开放</m_szOpenTimeDesc>
</SurviveActConfig_Client>
<SurviveActConfig_Client version="1">
    <m_iID>303 </m_iID>
    <m_ushSongID>329 </m_ushSongID>
    <m_ucNoteType>0x3 </m_ucNoteType>
    <m_szOpenTimeDesc>时间：07月03日~07月05日 全天开放</m_szOpenTimeDesc>
</SurviveActConfig_Client>
<SurviveActConfig_Client version="1">
    <m_iID>304 </m_iID>
    <m_ushSongID>280 </m_ushSongID>
    <m_ucNoteType>0x3 </m_ucNoteType>
    <m_szOpenTimeDesc>时间：07月10日~07月12日 全天开放</m_szOpenTimeDesc>
</SurviveActConfig_Client>
<SurviveActConfig_Client version="1">
    <m_iID>305 </m_iID>
    <m_ushSongID>289 </m_ushSongID>
    <m_ucNoteType>0x8 </m_ucNoteType>
    <m_szOpenTimeDesc>时间：07月17日~07月19日 全天开放</m_szOpenTimeDesc>
</SurviveActConfig_Client>
<SurviveActConfig_Client version="1">
    <m_iID>306 </m_iID>
    <m_ushSongID>329 </m_ushSongID>
    <m_ucNoteType>0x3 </m_ucNoteType>
    <m_szOpenTimeDesc>时间：07月24日~07月26日 全天开放</m_szOpenTimeDesc>
</SurviveActConfig_Client>
<SurviveActConfig_Client version="1">
    <m_iID>307 </m_iID>
    <m_ushSongID>280 </m_ushSongID>
    <m_ucNoteType>0x3 </m_ucNoteType>
    <m_szOpenTimeDesc>时间：07月31日~08月02日 全天开放</m_szOpenTimeDesc>
</SurviveActConfig_Client>
<SurviveActConfig_Client version="1">
    <m_iID>308 </m_iID>
    <m_ushSongID>289 </m_ushSongID>
    <m_ucNoteType>0x8 </m_ucNoteType>
    <m_szOpenTimeDesc>时间：08月07日~08月09日 全天开放</m_szOpenTimeDesc>
</SurviveActConfig_Client>
<SurviveActConfig_Client version="1">
    <m_iID>309 </m_iID>
    <m_ushSongID>329 </m_ushSongID>
    <m_ucNoteType>0x3 </m_ucNoteType>
    <m_szOpenTimeDesc>时间：08月14日~08月16日 全天开放</m_szOpenTimeDesc>
</SurviveActConfig_Client>
<SurviveActConfig_Client version="1">
    <m_iID>310 </m_iID>
    <m_ushSongID>280 </m_ushSongID>
    <m_ucNoteType>0x3 </m_ucNoteType>
    <m_szOpenTimeDesc>时间：08月21日~08月23日 全天开放</m_szOpenTimeDesc>
</SurviveActConfig_Client>
</SurviveActConfig_Client_Tab>