<?xml version="1.0" encoding="UTF-8" standalone="yes" ?>
<SurviveActConfig_Client_Tab>
<TResHeadAll version="5">
    <resHead type="TResHead">
        <Magic>1397052237 </Magic>
        <Version>6 </Version>
        <Unit>263 </Unit>
        <Count>80 </Count>
        <MetalibHash>aaaaaaaaaaaaaaaaaaaaaaaaaaaaaaaa</MetalibHash>
        <ResVersion>0 </ResVersion>
        <CreateTime>   0-00-00 00:00:00</CreateTime>
        <ResEncording>UTF-8</ResEncording>
        <ContentHash>8eabb42ac447761d2e96dc0496841a2f</ContentHash>
    </resHead>
    <resHeadExt type="TResHeadExt">
        <DataOffset>136 </DataOffset>
    </resHeadExt>
</TResHeadAll>
<SurviveActConfig_Client version="1">
    <m_iID>0 </m_iID>
    <m_ushSongID>0 </m_ushSongID>
    <m_ucNoteType>0x0 </m_ucNoteType>
    <m_szOpenTimeDesc>时间：月日~月日全天开放</m_szOpenTimeDesc>
</SurviveActConfig_Client>
<SurviveActConfig_Client version="1">
    <m_iID>0 </m_iID>
    <m_ushSongID>0 </m_ushSongID>
    <m_ucNoteType>0x0 </m_ucNoteType>
    <m_szOpenTimeDesc>0时间描述</m_szOpenTimeDesc>
</SurviveActConfig_Client>
<SurviveActConfig_Client version="1">
    <m_iID>263 </m_iID>
    <m_ushSongID>289 </m_ushSongID>
    <m_ucNoteType>0x8 </m_ucNoteType>
    <m_szOpenTimeDesc>时间：09月27日~09月29日 全天开放</m_szOpenTimeDesc>
</SurviveActConfig_Client>
<SurviveActConfig_Client version="1">
    <m_iID>264 </m_iID>
    <m_ushSongID>329 </m_ushSongID>
    <m_ucNoteType>0x3 </m_ucNoteType>
    <m_szOpenTimeDesc>时间：10月04日~10月6日 全天开放</m_szOpenTimeDesc>
</SurviveActConfig_Client>
<SurviveActConfig_Client version="1">
    <m_iID>265 </m_iID>
    <m_ushSongID>280 </m_ushSongID>
    <m_ucNoteType>0x3 </m_ucNoteType>
    <m_szOpenTimeDesc>时间：10月11日~10月13日 全天开放</m_szOpenTimeDesc>
</SurviveActConfig_Client>
<SurviveActConfig_Client version="1">
    <m_iID>266 </m_iID>
    <m_ushSongID>289 </m_ushSongID>
    <m_ucNoteType>0x8 </m_ucNoteType>
    <m_szOpenTimeDesc>时间：10月18日~10月20日 全天开放</m_szOpenTimeDesc>
</SurviveActConfig_Client>
<SurviveActConfig_Client version="1">
    <m_iID>267 </m_iID>
    <m_ushSongID>329 </m_ushSongID>
    <m_ucNoteType>0x3 </m_ucNoteType>
    <m_szOpenTimeDesc>时间：10月25日~10月27日 全天开放</m_szOpenTimeDesc>
</SurviveActConfig_Client>
<SurviveActConfig_Client version="1">
    <m_iID>268 </m_iID>
    <m_ushSongID>280 </m_ushSongID>
    <m_ucNoteType>0x3 </m_ucNoteType>
    <m_szOpenTimeDesc>时间：11月01日~11月03日 全天开放</m_szOpenTimeDesc>
</SurviveActConfig_Client>
<SurviveActConfig_Client version="1">
    <m_iID>269 </m_iID>
    <m_ushSongID>289 </m_ushSongID>
    <m_ucNoteType>0x8 </m_ucNoteType>
    <m_szOpenTimeDesc>时间：11月08日~11月10日 全天开放</m_szOpenTimeDesc>
</SurviveActConfig_Client>
<SurviveActConfig_Client version="1">
    <m_iID>270 </m_iID>
    <m_ushSongID>329 </m_ushSongID>
    <m_ucNoteType>0x3 </m_ucNoteType>
    <m_szOpenTimeDesc>时间：11月15日~11月17日 全天开放</m_szOpenTimeDesc>
</SurviveActConfig_Client>
<SurviveActConfig_Client version="1">
    <m_iID>271 </m_iID>
    <m_ushSongID>280 </m_ushSongID>
    <m_ucNoteType>0x3 </m_ucNoteType>
    <m_szOpenTimeDesc>时间：11月22日~11月24日 全天开放</m_szOpenTimeDesc>
</SurviveActConfig_Client>
<SurviveActConfig_Client version="1">
    <m_iID>272 </m_iID>
    <m_ushSongID>289 </m_ushSongID>
    <m_ucNoteType>0x8 </m_ucNoteType>
    <m_szOpenTimeDesc>时间：11月29日~12月01日 全天开放</m_szOpenTimeDesc>
</SurviveActConfig_Client>
<SurviveActConfig_Client version="1">
    <m_iID>273 </m_iID>
    <m_ushSongID>329 </m_ushSongID>
    <m_ucNoteType>0x3 </m_ucNoteType>
    <m_szOpenTimeDesc>时间：12月06日~12月08日 全天开放</m_szOpenTimeDesc>
</SurviveActConfig_Client>
<SurviveActConfig_Client version="1">
    <m_iID>274 </m_iID>
    <m_ushSongID>280 </m_ushSongID>
    <m_ucNoteType>0x3 </m_ucNoteType>
    <m_szOpenTimeDesc>时间：12月13日~12月15日 全天开放</m_szOpenTimeDesc>
</SurviveActConfig_Client>
<SurviveActConfig_Client version="1">
    <m_iID>275 </m_iID>
    <m_ushSongID>289 </m_ushSongID>
    <m_ucNoteType>0x8 </m_ucNoteType>
    <m_szOpenTimeDesc>时间：12月20日~12月22日 全天开放</m_szOpenTimeDesc>
</SurviveActConfig_Client>
<SurviveActConfig_Client version="1">
    <m_iID>276 </m_iID>
    <m_ushSongID>329 </m_ushSongID>
    <m_ucNoteType>0x3 </m_ucNoteType>
    <m_szOpenTimeDesc>时间：12月27日~12月29日 全天开放</m_szOpenTimeDesc>
</SurviveActConfig_Client>
<SurviveActConfig_Client version="1">
    <m_iID>277 </m_iID>
    <m_ushSongID>280 </m_ushSongID>
    <m_ucNoteType>0x3 </m_ucNoteType>
    <m_szOpenTimeDesc>时间：01月03日~01月05日 全天开放</m_szOpenTimeDesc>
</SurviveActConfig_Client>
<SurviveActConfig_Client version="1">
    <m_iID>278 </m_iID>
    <m_ushSongID>289 </m_ushSongID>
    <m_ucNoteType>0x8 </m_ucNoteType>
    <m_szOpenTimeDesc>时间：01月10日~01月12日 全天开放</m_szOpenTimeDesc>
</SurviveActConfig_Client>
<SurviveActConfig_Client version="1">
    <m_iID>279 </m_iID>
    <m_ushSongID>329 </m_ushSongID>
    <m_ucNoteType>0x3 </m_ucNoteType>
    <m_szOpenTimeDesc>时间：01月17日~01月19日 全天开放</m_szOpenTimeDesc>
</SurviveActConfig_Client>
<SurviveActConfig_Client version="1">
    <m_iID>280 </m_iID>
    <m_ushSongID>280 </m_ushSongID>
    <m_ucNoteType>0x3 </m_ucNoteType>
    <m_szOpenTimeDesc>时间：01月24日~01月26日 全天开放</m_szOpenTimeDesc>
</SurviveActConfig_Client>
<SurviveActConfig_Client version="1">
    <m_iID>281 </m_iID>
    <m_ushSongID>289 </m_ushSongID>
    <m_ucNoteType>0x8 </m_ucNoteType>
    <m_szOpenTimeDesc>时间：01月31日~02月02日 全天开放</m_szOpenTimeDesc>
</SurviveActConfig_Client>
<SurviveActConfig_Client version="1">
    <m_iID>282 </m_iID>
    <m_ushSongID>329 </m_ushSongID>
    <m_ucNoteType>0x3 </m_ucNoteType>
    <m_szOpenTimeDesc>时间：02月07日~02月09日 全天开放</m_szOpenTimeDesc>
</SurviveActConfig_Client>
<SurviveActConfig_Client version="1">
    <m_iID>283 </m_iID>
    <m_ushSongID>280 </m_ushSongID>
    <m_ucNoteType>0x3 </m_ucNoteType>
    <m_szOpenTimeDesc>时间：02月14日~02月16日 全天开放</m_szOpenTimeDesc>
</SurviveActConfig_Client>
<SurviveActConfig_Client version="1">
    <m_iID>284 </m_iID>
    <m_ushSongID>289 </m_ushSongID>
    <m_ucNoteType>0x8 </m_ucNoteType>
    <m_szOpenTimeDesc>时间：02月21日~02月23日 全天开放</m_szOpenTimeDesc>
</SurviveActConfig_Client>
<SurviveActConfig_Client version="1">
    <m_iID>285 </m_iID>
    <m_ushSongID>329 </m_ushSongID>
    <m_ucNoteType>0x3 </m_ucNoteType>
    <m_szOpenTimeDesc>时间：02月28日~03月01日 全天开放</m_szOpenTimeDesc>
</SurviveActConfig_Client>
<SurviveActConfig_Client version="1">
    <m_iID>286 </m_iID>
    <m_ushSongID>280 </m_ushSongID>
    <m_ucNoteType>0x3 </m_ucNoteType>
    <m_szOpenTimeDesc>时间：03月06日~03月08日 全天开放</m_szOpenTimeDesc>
</SurviveActConfig_Client>
<SurviveActConfig_Client version="1">
    <m_iID>287 </m_iID>
    <m_ushSongID>289 </m_ushSongID>
    <m_ucNoteType>0x8 </m_ucNoteType>
    <m_szOpenTimeDesc>时间：03月13日~03月15日 全天开放</m_szOpenTimeDesc>
</SurviveActConfig_Client>
<SurviveActConfig_Client version="1">
    <m_iID>288 </m_iID>
    <m_ushSongID>329 </m_ushSongID>
    <m_ucNoteType>0x3 </m_ucNoteType>
    <m_szOpenTimeDesc>时间：03月20日~03月22日 全天开放</m_szOpenTimeDesc>
</SurviveActConfig_Client>
<SurviveActConfig_Client version="1">
    <m_iID>289 </m_iID>
    <m_ushSongID>280 </m_ushSongID>
    <m_ucNoteType>0x3 </m_ucNoteType>
    <m_szOpenTimeDesc>时间：03月27日~03月29日 全天开放</m_szOpenTimeDesc>
</SurviveActConfig_Client>
<SurviveActConfig_Client version="1">
    <m_iID>290 </m_iID>
    <m_ushSongID>289 </m_ushSongID>
    <m_ucNoteType>0x8 </m_ucNoteType>
    <m_szOpenTimeDesc>时间：04月03日~04月05日 全天开放</m_szOpenTimeDesc>
</SurviveActConfig_Client>
<SurviveActConfig_Client version="1">
    <m_iID>291 </m_iID>
    <m_ushSongID>329 </m_ushSongID>
    <m_ucNoteType>0x3 </m_ucNoteType>
    <m_szOpenTimeDesc>时间：04月10日~04月12日 全天开放</m_szOpenTimeDesc>
</SurviveActConfig_Client>
<SurviveActConfig_Client version="1">
    <m_iID>292 </m_iID>
    <m_ushSongID>280 </m_ushSongID>
    <m_ucNoteType>0x3 </m_ucNoteType>
    <m_szOpenTimeDesc>时间：04月17日~04月19日 全天开放</m_szOpenTimeDesc>
</SurviveActConfig_Client>
<SurviveActConfig_Client version="1">
    <m_iID>293 </m_iID>
    <m_ushSongID>289 </m_ushSongID>
    <m_ucNoteType>0x8 </m_ucNoteType>
    <m_szOpenTimeDesc>时间：04月24日~04月26日 全天开放</m_szOpenTimeDesc>
</SurviveActConfig_Client>
<SurviveActConfig_Client version="1">
    <m_iID>294 </m_iID>
    <m_ushSongID>329 </m_ushSongID>
    <m_ucNoteType>0x3 </m_ucNoteType>
    <m_szOpenTimeDesc>时间：05月01日~05月03日 全天开放</m_szOpenTimeDesc>
</SurviveActConfig_Client>
<SurviveActConfig_Client version="1">
    <m_iID>295 </m_iID>
    <m_ushSongID>280 </m_ushSongID>
    <m_ucNoteType>0x3 </m_ucNoteType>
    <m_szOpenTimeDesc>时间：05月08日~05月10日 全天开放</m_szOpenTimeDesc>
</SurviveActConfig_Client>
<SurviveActConfig_Client version="1">
    <m_iID>296 </m_iID>
    <m_ushSongID>289 </m_ushSongID>
    <m_ucNoteType>0x8 </m_ucNoteType>
    <m_szOpenTimeDesc>时间：05月15日~05月17日 全天开放</m_szOpenTimeDesc>
</SurviveActConfig_Client>
<SurviveActConfig_Client version="1">
    <m_iID>297 </m_iID>
    <m_ushSongID>329 </m_ushSongID>
    <m_ucNoteType>0x3 </m_ucNoteType>
    <m_szOpenTimeDesc>时间：05月22日~05月24日 全天开放</m_szOpenTimeDesc>
</SurviveActConfig_Client>
<SurviveActConfig_Client version="1">
    <m_iID>298 </m_iID>
    <m_ushSongID>280 </m_ushSongID>
    <m_ucNoteType>0x3 </m_ucNoteType>
    <m_szOpenTimeDesc>时间：05月29日~05月31日 全天开放</m_szOpenTimeDesc>
</SurviveActConfig_Client>
<SurviveActConfig_Client version="1">
    <m_iID>299 </m_iID>
    <m_ushSongID>289 </m_ushSongID>
    <m_ucNoteType>0x8 </m_ucNoteType>
    <m_szOpenTimeDesc>时间：06月05日~06月07日 全天开放</m_szOpenTimeDesc>
</SurviveActConfig_Client>
<SurviveActConfig_Client version="1">
    <m_iID>300 </m_iID>
    <m_ushSongID>329 </m_ushSongID>
    <m_ucNoteType>0x3 </m_ucNoteType>
    <m_szOpenTimeDesc>时间：06月12日~06月14日 全天开放</m_szOpenTimeDesc>
</SurviveActConfig_Client>
<SurviveActConfig_Client version="1">
    <m_iID>301 </m_iID>
    <m_ushSongID>280 </m_ushSongID>
    <m_ucNoteType>0x3 </m_ucNoteType>
    <m_szOpenTimeDesc>时间：06月19日~06月21日 全天开放</m_szOpenTimeDesc>
</SurviveActConfig_Client>
<SurviveActConfig_Client version="1">
    <m_iID>302 </m_iID>
    <m_ushSongID>289 </m_ushSongID>
    <m_ucNoteType>0x8 </m_ucNoteType>
    <m_szOpenTimeDesc>时间：06月26日~06月28日 全天开放</m_szOpenTimeDesc>
</SurviveActConfig_Client>
<SurviveActConfig_Client version="1">
    <m_iID>303 </m_iID>
    <m_ushSongID>329 </m_ushSongID>
    <m_ucNoteType>0x3 </m_ucNoteType>
    <m_szOpenTimeDesc>时间：07月03日~07月05日 全天开放</m_szOpenTimeDesc>
</SurviveActConfig_Client>
<SurviveActConfig_Client version="1">
    <m_iID>304 </m_iID>
    <m_ushSongID>280 </m_ushSongID>
    <m_ucNoteType>0x3 </m_ucNoteType>
    <m_szOpenTimeDesc>时间：07月10日~07月12日 全天开放</m_szOpenTimeDesc>
</SurviveActConfig_Client>
<SurviveActConfig_Client version="1">
    <m_iID>305 </m_iID>
    <m_ushSongID>289 </m_ushSongID>
    <m_ucNoteType>0x8 </m_ucNoteType>
    <m_szOpenTimeDesc>时间：07月17日~07月19日 全天开放</m_szOpenTimeDesc>
</SurviveActConfig_Client>
<SurviveActConfig_Client version="1">
    <m_iID>306 </m_iID>
    <m_ushSongID>329 </m_ushSongID>
    <m_ucNoteType>0x3 </m_ucNoteType>
    <m_szOpenTimeDesc>时间：07月24日~07月26日 全天开放</m_szOpenTimeDesc>
</SurviveActConfig_Client>
<SurviveActConfig_Client version="1">
    <m_iID>307 </m_iID>
    <m_ushSongID>280 </m_ushSongID>
    <m_ucNoteType>0x3 </m_ucNoteType>
    <m_szOpenTimeDesc>时间：7月31日~8月2日全天开放</m_szOpenTimeDesc>
</SurviveActConfig_Client>
<SurviveActConfig_Client version="1">
    <m_iID>308 </m_iID>
    <m_ushSongID>289 </m_ushSongID>
    <m_ucNoteType>0x8 </m_ucNoteType>
    <m_szOpenTimeDesc>时间：8月7日~8月9日全天开放</m_szOpenTimeDesc>
</SurviveActConfig_Client>
<SurviveActConfig_Client version="1">
    <m_iID>309 </m_iID>
    <m_ushSongID>329 </m_ushSongID>
    <m_ucNoteType>0x3 </m_ucNoteType>
    <m_szOpenTimeDesc>时间：8月14日~8月16日全天开放</m_szOpenTimeDesc>
</SurviveActConfig_Client>
<SurviveActConfig_Client version="1">
    <m_iID>310 </m_iID>
    <m_ushSongID>280 </m_ushSongID>
    <m_ucNoteType>0x3 </m_ucNoteType>
    <m_szOpenTimeDesc>时间：8月21日~8月23日全天开放</m_szOpenTimeDesc>
</SurviveActConfig_Client>
<SurviveActConfig_Client version="1">
    <m_iID>311 </m_iID>
    <m_ushSongID>289 </m_ushSongID>
    <m_ucNoteType>0x8 </m_ucNoteType>
    <m_szOpenTimeDesc>时间：1月1日~1月3日全天开放</m_szOpenTimeDesc>
</SurviveActConfig_Client>
<SurviveActConfig_Client version="1">
    <m_iID>311 </m_iID>
    <m_ushSongID>289 </m_ushSongID>
    <m_ucNoteType>0x8 </m_ucNoteType>
    <m_szOpenTimeDesc>时间：8月28日~8月30日全天开放</m_szOpenTimeDesc>
</SurviveActConfig_Client>
<SurviveActConfig_Client version="1">
    <m_iID>312 </m_iID>
    <m_ushSongID>329 </m_ushSongID>
    <m_ucNoteType>0x3 </m_ucNoteType>
    <m_szOpenTimeDesc>时间：1月8日~1月10日全天开放</m_szOpenTimeDesc>
</SurviveActConfig_Client>
<SurviveActConfig_Client version="1">
    <m_iID>312 </m_iID>
    <m_ushSongID>329 </m_ushSongID>
    <m_ucNoteType>0x3 </m_ucNoteType>
    <m_szOpenTimeDesc>时间：8月31日~9月6日全天开放</m_szOpenTimeDesc>
</SurviveActConfig_Client>
<SurviveActConfig_Client version="1">
    <m_iID>313 </m_iID>
    <m_ushSongID>280 </m_ushSongID>
    <m_ucNoteType>0x3 </m_ucNoteType>
    <m_szOpenTimeDesc>时间：1月15日~1月17日全天开放</m_szOpenTimeDesc>
</SurviveActConfig_Client>
<SurviveActConfig_Client version="1">
    <m_iID>313 </m_iID>
    <m_ushSongID>280 </m_ushSongID>
    <m_ucNoteType>0x3 </m_ucNoteType>
    <m_szOpenTimeDesc>时间：9月11日~9月13日全天开放</m_szOpenTimeDesc>
</SurviveActConfig_Client>
<SurviveActConfig_Client version="1">
    <m_iID>314 </m_iID>
    <m_ushSongID>289 </m_ushSongID>
    <m_ucNoteType>0x8 </m_ucNoteType>
    <m_szOpenTimeDesc>时间：1月22日~1月24日全天开放</m_szOpenTimeDesc>
</SurviveActConfig_Client>
<SurviveActConfig_Client version="1">
    <m_iID>314 </m_iID>
    <m_ushSongID>289 </m_ushSongID>
    <m_ucNoteType>0x8 </m_ucNoteType>
    <m_szOpenTimeDesc>时间：9月18日~9月20日全天开放</m_szOpenTimeDesc>
</SurviveActConfig_Client>
<SurviveActConfig_Client version="1">
    <m_iID>315 </m_iID>
    <m_ushSongID>329 </m_ushSongID>
    <m_ucNoteType>0x3 </m_ucNoteType>
    <m_szOpenTimeDesc>时间：1月29日~1月31日全天开放</m_szOpenTimeDesc>
</SurviveActConfig_Client>
<SurviveActConfig_Client version="1">
    <m_iID>315 </m_iID>
    <m_ushSongID>329 </m_ushSongID>
    <m_ucNoteType>0x3 </m_ucNoteType>
    <m_szOpenTimeDesc>时间：9月25日~9月27日全天开放</m_szOpenTimeDesc>
</SurviveActConfig_Client>
<SurviveActConfig_Client version="1">
    <m_iID>316 </m_iID>
    <m_ushSongID>280 </m_ushSongID>
    <m_ucNoteType>0x3 </m_ucNoteType>
    <m_szOpenTimeDesc>时间：2月5日~2月7日全天开放</m_szOpenTimeDesc>
</SurviveActConfig_Client>
<SurviveActConfig_Client version="1">
    <m_iID>316 </m_iID>
    <m_ushSongID>280 </m_ushSongID>
    <m_ucNoteType>0x3 </m_ucNoteType>
    <m_szOpenTimeDesc>时间：10月2日~10月4日全天开放</m_szOpenTimeDesc>
</SurviveActConfig_Client>
<SurviveActConfig_Client version="1">
    <m_iID>317 </m_iID>
    <m_ushSongID>289 </m_ushSongID>
    <m_ucNoteType>0x8 </m_ucNoteType>
    <m_szOpenTimeDesc>时间：2月12日~2月14日全天开放</m_szOpenTimeDesc>
</SurviveActConfig_Client>
<SurviveActConfig_Client version="1">
    <m_iID>317 </m_iID>
    <m_ushSongID>289 </m_ushSongID>
    <m_ucNoteType>0x8 </m_ucNoteType>
    <m_szOpenTimeDesc>时间：10月9日~10月11日全天开放</m_szOpenTimeDesc>
</SurviveActConfig_Client>
<SurviveActConfig_Client version="1">
    <m_iID>318 </m_iID>
    <m_ushSongID>329 </m_ushSongID>
    <m_ucNoteType>0x3 </m_ucNoteType>
    <m_szOpenTimeDesc>时间：2月19日~2月21日全天开放</m_szOpenTimeDesc>
</SurviveActConfig_Client>
<SurviveActConfig_Client version="1">
    <m_iID>318 </m_iID>
    <m_ushSongID>329 </m_ushSongID>
    <m_ucNoteType>0x3 </m_ucNoteType>
    <m_szOpenTimeDesc>时间：10月16日~10月18日全天开放</m_szOpenTimeDesc>
</SurviveActConfig_Client>
<SurviveActConfig_Client version="1">
    <m_iID>319 </m_iID>
    <m_ushSongID>280 </m_ushSongID>
    <m_ucNoteType>0x3 </m_ucNoteType>
    <m_szOpenTimeDesc>时间：10月23日~10月25日全天开放</m_szOpenTimeDesc>
</SurviveActConfig_Client>
<SurviveActConfig_Client version="1">
    <m_iID>319 </m_iID>
    <m_ushSongID>280 </m_ushSongID>
    <m_ucNoteType>0x3 </m_ucNoteType>
    <m_szOpenTimeDesc>时间：2月26日~2月28日全天开放</m_szOpenTimeDesc>
</SurviveActConfig_Client>
<SurviveActConfig_Client version="1">
    <m_iID>320 </m_iID>
    <m_ushSongID>289 </m_ushSongID>
    <m_ucNoteType>0x8 </m_ucNoteType>
    <m_szOpenTimeDesc>时间：10月30日~11月1日全天开放</m_szOpenTimeDesc>
</SurviveActConfig_Client>
<SurviveActConfig_Client version="1">
    <m_iID>320 </m_iID>
    <m_ushSongID>289 </m_ushSongID>
    <m_ucNoteType>0x8 </m_ucNoteType>
    <m_szOpenTimeDesc>时间：3月5日~3月7日全天开放</m_szOpenTimeDesc>
</SurviveActConfig_Client>
<SurviveActConfig_Client version="1">
    <m_iID>321 </m_iID>
    <m_ushSongID>329 </m_ushSongID>
    <m_ucNoteType>0x3 </m_ucNoteType>
    <m_szOpenTimeDesc>时间：3月12日~3月14日全天开放</m_szOpenTimeDesc>
</SurviveActConfig_Client>
<SurviveActConfig_Client version="1">
    <m_iID>321 </m_iID>
    <m_ushSongID>329 </m_ushSongID>
    <m_ucNoteType>0x3 </m_ucNoteType>
    <m_szOpenTimeDesc>时间：11月6日~11月8日全天开放</m_szOpenTimeDesc>
</SurviveActConfig_Client>
<SurviveActConfig_Client version="1">
    <m_iID>322 </m_iID>
    <m_ushSongID>280 </m_ushSongID>
    <m_ucNoteType>0x3 </m_ucNoteType>
    <m_szOpenTimeDesc>时间：11月13日~11月15日全天开放</m_szOpenTimeDesc>
</SurviveActConfig_Client>
<SurviveActConfig_Client version="1">
    <m_iID>322 </m_iID>
    <m_ushSongID>280 </m_ushSongID>
    <m_ucNoteType>0x3 </m_ucNoteType>
    <m_szOpenTimeDesc>时间：3月19日~3月21日全天开放</m_szOpenTimeDesc>
</SurviveActConfig_Client>
<SurviveActConfig_Client version="1">
    <m_iID>323 </m_iID>
    <m_ushSongID>289 </m_ushSongID>
    <m_ucNoteType>0x8 </m_ucNoteType>
    <m_szOpenTimeDesc>时间：11月20日~11月22日全天开放</m_szOpenTimeDesc>
</SurviveActConfig_Client>
<SurviveActConfig_Client version="1">
    <m_iID>324 </m_iID>
    <m_ushSongID>329 </m_ushSongID>
    <m_ucNoteType>0x3 </m_ucNoteType>
    <m_szOpenTimeDesc>时间：11月27日~11月29日全天开放</m_szOpenTimeDesc>
</SurviveActConfig_Client>
<SurviveActConfig_Client version="1">
    <m_iID>325 </m_iID>
    <m_ushSongID>280 </m_ushSongID>
    <m_ucNoteType>0x3 </m_ucNoteType>
    <m_szOpenTimeDesc>时间：12月4日~12月6日全天开放</m_szOpenTimeDesc>
</SurviveActConfig_Client>
<SurviveActConfig_Client version="1">
    <m_iID>326 </m_iID>
    <m_ushSongID>289 </m_ushSongID>
    <m_ucNoteType>0x8 </m_ucNoteType>
    <m_szOpenTimeDesc>时间：12月11日~12月13日全天开放</m_szOpenTimeDesc>
</SurviveActConfig_Client>
<SurviveActConfig_Client version="1">
    <m_iID>327 </m_iID>
    <m_ushSongID>329 </m_ushSongID>
    <m_ucNoteType>0x3 </m_ucNoteType>
    <m_szOpenTimeDesc>时间：12月18日~12月20日全天开放</m_szOpenTimeDesc>
</SurviveActConfig_Client>
<SurviveActConfig_Client version="1">
    <m_iID>328 </m_iID>
    <m_ushSongID>280 </m_ushSongID>
    <m_ucNoteType>0x3 </m_ucNoteType>
    <m_szOpenTimeDesc>时间：12月25日~12月27日全天开放</m_szOpenTimeDesc>
</SurviveActConfig_Client>
</SurviveActConfig_Client_Tab>