<?xml version="1.0" encoding="UTF-8" standalone="yes" ?>
<MapConfig_Client_Tab>
<TResHeadAll version="5">
    <resHead type="TResHead">
        <Magic>1397052237 </Magic>
        <Version>6 </Version>
        <Unit>57 </Unit>
        <Count>81 </Count>
        <MetalibHash>aaaaaaaaaaaaaaaaaaaaaaaaaaaaaaaa</MetalibHash>
        <ResVersion>0 </ResVersion>
        <CreateTime>   0-00-00 00:00:00</CreateTime>
        <ResEncording>UTF-8</ResEncording>
        <ContentHash>0587988e125d97055c57000daae6438c</ContentHash>
    </resHead>
    <resHeadExt type="TResHeadExt">
        <DataOffset>136 </DataOffset>
    </resHeadExt>
</TResHeadAll>
<MapConfig_Client version="1">
    <m_iFloorID>0 </m_iFloorID>
    <m_iTimeLimitID>0 </m_iTimeLimitID>
    <m_iNeedFriendNum>0 </m_iNeedFriendNum>
    <m_iNeedPassID>0x0 </m_iNeedPassID>
    <m_iID>0 </m_iID>
    <m_iNoteType>0 </m_iNoteType>
    <m_iNodeValue>0 </m_iNodeValue>
    <m_iNodeSong>0 </m_iNodeSong>
    <m_iNodeDiff>0 </m_iNodeDiff>
    <m_iNodeKey>0 </m_iNodeKey>
    <m_iRewardType>0 </m_iRewardType>
    <m_iRewardValue>0 </m_iRewardValue>
    <m_iRewardGroup>0 </m_iRewardGroup>
    <m_iVersion>0 </m_iVersion>
    <m_iPlayStyle>0 </m_iPlayStyle>
</MapConfig_Client>
<MapConfig_Client version="1">
    <m_iFloorID>1 </m_iFloorID>
    <m_iTimeLimitID>10101 </m_iTimeLimitID>
    <m_iNeedFriendNum>0 </m_iNeedFriendNum>
    <m_iNeedPassID>0x0 </m_iNeedPassID>
    <m_iID>1 </m_iID>
    <m_iNoteType>7 </m_iNoteType>
    <m_iNodeValue>3 </m_iNodeValue>
    <m_iNodeSong>275 </m_iNodeSong>
    <m_iNodeDiff>2 </m_iNodeDiff>
    <m_iNodeKey>2 </m_iNodeKey>
    <m_iRewardType>1 </m_iRewardType>
    <m_iRewardValue>0 </m_iRewardValue>
    <m_iRewardGroup>4 </m_iRewardGroup>
    <m_iVersion>24010001 </m_iVersion>
    <m_iPlayStyle>0 </m_iPlayStyle>
</MapConfig_Client>
<MapConfig_Client version="1">
    <m_iFloorID>2 </m_iFloorID>
    <m_iTimeLimitID>10101 </m_iTimeLimitID>
    <m_iNeedFriendNum>0 </m_iNeedFriendNum>
    <m_iNeedPassID>0x0 </m_iNeedPassID>
    <m_iID>2 </m_iID>
    <m_iNoteType>15 </m_iNoteType>
    <m_iNodeValue>0 </m_iNodeValue>
    <m_iNodeSong>204 </m_iNodeSong>
    <m_iNodeDiff>2 </m_iNodeDiff>
    <m_iNodeKey>2 </m_iNodeKey>
    <m_iRewardType>0 </m_iRewardType>
    <m_iRewardValue>0 </m_iRewardValue>
    <m_iRewardGroup>0 </m_iRewardGroup>
    <m_iVersion>24010001 </m_iVersion>
    <m_iPlayStyle>0 </m_iPlayStyle>
</MapConfig_Client>
<MapConfig_Client version="1">
    <m_iFloorID>3 </m_iFloorID>
    <m_iTimeLimitID>10101 </m_iTimeLimitID>
    <m_iNeedFriendNum>0 </m_iNeedFriendNum>
    <m_iNeedPassID>0x0 </m_iNeedPassID>
    <m_iID>3 </m_iID>
    <m_iNoteType>9 </m_iNoteType>
    <m_iNodeValue>15 </m_iNodeValue>
    <m_iNodeSong>163 </m_iNodeSong>
    <m_iNodeDiff>2 </m_iNodeDiff>
    <m_iNodeKey>2 </m_iNodeKey>
    <m_iRewardType>0 </m_iRewardType>
    <m_iRewardValue>0 </m_iRewardValue>
    <m_iRewardGroup>0 </m_iRewardGroup>
    <m_iVersion>24010001 </m_iVersion>
    <m_iPlayStyle>0 </m_iPlayStyle>
</MapConfig_Client>
<MapConfig_Client version="1">
    <m_iFloorID>4 </m_iFloorID>
    <m_iTimeLimitID>10101 </m_iTimeLimitID>
    <m_iNeedFriendNum>0 </m_iNeedFriendNum>
    <m_iNeedPassID>0x0 </m_iNeedPassID>
    <m_iID>4 </m_iID>
    <m_iNoteType>3 </m_iNoteType>
    <m_iNodeValue>80 </m_iNodeValue>
    <m_iNodeSong>94 </m_iNodeSong>
    <m_iNodeDiff>2 </m_iNodeDiff>
    <m_iNodeKey>2 </m_iNodeKey>
    <m_iRewardType>0 </m_iRewardType>
    <m_iRewardValue>0 </m_iRewardValue>
    <m_iRewardGroup>0 </m_iRewardGroup>
    <m_iVersion>24010001 </m_iVersion>
    <m_iPlayStyle>0 </m_iPlayStyle>
</MapConfig_Client>
<MapConfig_Client version="1">
    <m_iFloorID>5 </m_iFloorID>
    <m_iTimeLimitID>10101 </m_iTimeLimitID>
    <m_iNeedFriendNum>0 </m_iNeedFriendNum>
    <m_iNeedPassID>0x0 </m_iNeedPassID>
    <m_iID>5 </m_iID>
    <m_iNoteType>7 </m_iNoteType>
    <m_iNodeValue>3 </m_iNodeValue>
    <m_iNodeSong>317 </m_iNodeSong>
    <m_iNodeDiff>1 </m_iNodeDiff>
    <m_iNodeKey>2 </m_iNodeKey>
    <m_iRewardType>1 </m_iRewardType>
    <m_iRewardValue>0 </m_iRewardValue>
    <m_iRewardGroup>5 </m_iRewardGroup>
    <m_iVersion>24010001 </m_iVersion>
    <m_iPlayStyle>0 </m_iPlayStyle>
</MapConfig_Client>
<MapConfig_Client version="1">
    <m_iFloorID>6 </m_iFloorID>
    <m_iTimeLimitID>10101 </m_iTimeLimitID>
    <m_iNeedFriendNum>0 </m_iNeedFriendNum>
    <m_iNeedPassID>0x0 </m_iNeedPassID>
    <m_iID>6 </m_iID>
    <m_iNoteType>27 </m_iNoteType>
    <m_iNodeValue>50 </m_iNodeValue>
    <m_iNodeSong>410 </m_iNodeSong>
    <m_iNodeDiff>2 </m_iNodeDiff>
    <m_iNodeKey>1 </m_iNodeKey>
    <m_iRewardType>0 </m_iRewardType>
    <m_iRewardValue>0 </m_iRewardValue>
    <m_iRewardGroup>0 </m_iRewardGroup>
    <m_iVersion>24010001 </m_iVersion>
    <m_iPlayStyle>0 </m_iPlayStyle>
</MapConfig_Client>
<MapConfig_Client version="1">
    <m_iFloorID>7 </m_iFloorID>
    <m_iTimeLimitID>10101 </m_iTimeLimitID>
    <m_iNeedFriendNum>0 </m_iNeedFriendNum>
    <m_iNeedPassID>0x0 </m_iNeedPassID>
    <m_iID>7 </m_iID>
    <m_iNoteType>7 </m_iNoteType>
    <m_iNodeValue>4 </m_iNodeValue>
    <m_iNodeSong>16 </m_iNodeSong>
    <m_iNodeDiff>1 </m_iNodeDiff>
    <m_iNodeKey>2 </m_iNodeKey>
    <m_iRewardType>0 </m_iRewardType>
    <m_iRewardValue>0 </m_iRewardValue>
    <m_iRewardGroup>0 </m_iRewardGroup>
    <m_iVersion>24010001 </m_iVersion>
    <m_iPlayStyle>0 </m_iPlayStyle>
</MapConfig_Client>
<MapConfig_Client version="1">
    <m_iFloorID>8 </m_iFloorID>
    <m_iTimeLimitID>10101 </m_iTimeLimitID>
    <m_iNeedFriendNum>0 </m_iNeedFriendNum>
    <m_iNeedPassID>0x0 </m_iNeedPassID>
    <m_iID>8 </m_iID>
    <m_iNoteType>19 </m_iNoteType>
    <m_iNodeValue>70 </m_iNodeValue>
    <m_iNodeSong>392 </m_iNodeSong>
    <m_iNodeDiff>2 </m_iNodeDiff>
    <m_iNodeKey>1 </m_iNodeKey>
    <m_iRewardType>0 </m_iRewardType>
    <m_iRewardValue>0 </m_iRewardValue>
    <m_iRewardGroup>0 </m_iRewardGroup>
    <m_iVersion>24010001 </m_iVersion>
    <m_iPlayStyle>0 </m_iPlayStyle>
</MapConfig_Client>
<MapConfig_Client version="1">
    <m_iFloorID>9 </m_iFloorID>
    <m_iTimeLimitID>10101 </m_iTimeLimitID>
    <m_iNeedFriendNum>0 </m_iNeedFriendNum>
    <m_iNeedPassID>0x0 </m_iNeedPassID>
    <m_iID>9 </m_iID>
    <m_iNoteType>9 </m_iNoteType>
    <m_iNodeValue>10 </m_iNodeValue>
    <m_iNodeSong>200 </m_iNodeSong>
    <m_iNodeDiff>2 </m_iNodeDiff>
    <m_iNodeKey>2 </m_iNodeKey>
    <m_iRewardType>0 </m_iRewardType>
    <m_iRewardValue>0 </m_iRewardValue>
    <m_iRewardGroup>0 </m_iRewardGroup>
    <m_iVersion>24010001 </m_iVersion>
    <m_iPlayStyle>0 </m_iPlayStyle>
</MapConfig_Client>
<MapConfig_Client version="1">
    <m_iFloorID>10 </m_iFloorID>
    <m_iTimeLimitID>10101 </m_iTimeLimitID>
    <m_iNeedFriendNum>0 </m_iNeedFriendNum>
    <m_iNeedPassID>0x0 </m_iNeedPassID>
    <m_iID>10 </m_iID>
    <m_iNoteType>18 </m_iNoteType>
    <m_iNodeValue>0 </m_iNodeValue>
    <m_iNodeSong>116 </m_iNodeSong>
    <m_iNodeDiff>2 </m_iNodeDiff>
    <m_iNodeKey>1 </m_iNodeKey>
    <m_iRewardType>1 </m_iRewardType>
    <m_iRewardValue>0 </m_iRewardValue>
    <m_iRewardGroup>6 </m_iRewardGroup>
    <m_iVersion>24010001 </m_iVersion>
    <m_iPlayStyle>0 </m_iPlayStyle>
</MapConfig_Client>
<MapConfig_Client version="1">
    <m_iFloorID>11 </m_iFloorID>
    <m_iTimeLimitID>10101 </m_iTimeLimitID>
    <m_iNeedFriendNum>0 </m_iNeedFriendNum>
    <m_iNeedPassID>0x0 </m_iNeedPassID>
    <m_iID>11 </m_iID>
    <m_iNoteType>7 </m_iNoteType>
    <m_iNodeValue>4 </m_iNodeValue>
    <m_iNodeSong>261 </m_iNodeSong>
    <m_iNodeDiff>3 </m_iNodeDiff>
    <m_iNodeKey>1 </m_iNodeKey>
    <m_iRewardType>0 </m_iRewardType>
    <m_iRewardValue>0 </m_iRewardValue>
    <m_iRewardGroup>0 </m_iRewardGroup>
    <m_iVersion>24010001 </m_iVersion>
    <m_iPlayStyle>0 </m_iPlayStyle>
</MapConfig_Client>
<MapConfig_Client version="1">
    <m_iFloorID>12 </m_iFloorID>
    <m_iTimeLimitID>10101 </m_iTimeLimitID>
    <m_iNeedFriendNum>0 </m_iNeedFriendNum>
    <m_iNeedPassID>0x0 </m_iNeedPassID>
    <m_iID>12 </m_iID>
    <m_iNoteType>27 </m_iNoteType>
    <m_iNodeValue>60 </m_iNodeValue>
    <m_iNodeSong>7 </m_iNodeSong>
    <m_iNodeDiff>3 </m_iNodeDiff>
    <m_iNodeKey>2 </m_iNodeKey>
    <m_iRewardType>0 </m_iRewardType>
    <m_iRewardValue>0 </m_iRewardValue>
    <m_iRewardGroup>0 </m_iRewardGroup>
    <m_iVersion>24010001 </m_iVersion>
    <m_iPlayStyle>0 </m_iPlayStyle>
</MapConfig_Client>
<MapConfig_Client version="1">
    <m_iFloorID>13 </m_iFloorID>
    <m_iTimeLimitID>10101 </m_iTimeLimitID>
    <m_iNeedFriendNum>0 </m_iNeedFriendNum>
    <m_iNeedPassID>0x0 </m_iNeedPassID>
    <m_iID>13 </m_iID>
    <m_iNoteType>19 </m_iNoteType>
    <m_iNodeValue>70 </m_iNodeValue>
    <m_iNodeSong>217 </m_iNodeSong>
    <m_iNodeDiff>3 </m_iNodeDiff>
    <m_iNodeKey>2 </m_iNodeKey>
    <m_iRewardType>0 </m_iRewardType>
    <m_iRewardValue>0 </m_iRewardValue>
    <m_iRewardGroup>0 </m_iRewardGroup>
    <m_iVersion>24010001 </m_iVersion>
    <m_iPlayStyle>0 </m_iPlayStyle>
</MapConfig_Client>
<MapConfig_Client version="1">
    <m_iFloorID>14 </m_iFloorID>
    <m_iTimeLimitID>10101 </m_iTimeLimitID>
    <m_iNeedFriendNum>0 </m_iNeedFriendNum>
    <m_iNeedPassID>0x0 </m_iNeedPassID>
    <m_iID>14 </m_iID>
    <m_iNoteType>11 </m_iNoteType>
    <m_iNodeValue>15 </m_iNodeValue>
    <m_iNodeSong>152 </m_iNodeSong>
    <m_iNodeDiff>3 </m_iNodeDiff>
    <m_iNodeKey>1 </m_iNodeKey>
    <m_iRewardType>0 </m_iRewardType>
    <m_iRewardValue>0 </m_iRewardValue>
    <m_iRewardGroup>0 </m_iRewardGroup>
    <m_iVersion>24010001 </m_iVersion>
    <m_iPlayStyle>0 </m_iPlayStyle>
</MapConfig_Client>
<MapConfig_Client version="1">
    <m_iFloorID>15 </m_iFloorID>
    <m_iTimeLimitID>10101 </m_iTimeLimitID>
    <m_iNeedFriendNum>0 </m_iNeedFriendNum>
    <m_iNeedPassID>0x0 </m_iNeedPassID>
    <m_iID>15 </m_iID>
    <m_iNoteType>7 </m_iNoteType>
    <m_iNodeValue>4 </m_iNodeValue>
    <m_iNodeSong>259 </m_iNodeSong>
    <m_iNodeDiff>3 </m_iNodeDiff>
    <m_iNodeKey>2 </m_iNodeKey>
    <m_iRewardType>1 </m_iRewardType>
    <m_iRewardValue>0 </m_iRewardValue>
    <m_iRewardGroup>7 </m_iRewardGroup>
    <m_iVersion>24010001 </m_iVersion>
    <m_iPlayStyle>0 </m_iPlayStyle>
</MapConfig_Client>
<MapConfig_Client version="1">
    <m_iFloorID>16 </m_iFloorID>
    <m_iTimeLimitID>10101 </m_iTimeLimitID>
    <m_iNeedFriendNum>0 </m_iNeedFriendNum>
    <m_iNeedPassID>0x0 </m_iNeedPassID>
    <m_iID>16 </m_iID>
    <m_iNoteType>11 </m_iNoteType>
    <m_iNodeValue>15 </m_iNodeValue>
    <m_iNodeSong>413 </m_iNodeSong>
    <m_iNodeDiff>3 </m_iNodeDiff>
    <m_iNodeKey>2 </m_iNodeKey>
    <m_iRewardType>0 </m_iRewardType>
    <m_iRewardValue>0 </m_iRewardValue>
    <m_iRewardGroup>0 </m_iRewardGroup>
    <m_iVersion>24010001 </m_iVersion>
    <m_iPlayStyle>0 </m_iPlayStyle>
</MapConfig_Client>
<MapConfig_Client version="1">
    <m_iFloorID>17 </m_iFloorID>
    <m_iTimeLimitID>10101 </m_iTimeLimitID>
    <m_iNeedFriendNum>0 </m_iNeedFriendNum>
    <m_iNeedPassID>0x0 </m_iNeedPassID>
    <m_iID>17 </m_iID>
    <m_iNoteType>27 </m_iNoteType>
    <m_iNodeValue>60 </m_iNodeValue>
    <m_iNodeSong>92 </m_iNodeSong>
    <m_iNodeDiff>3 </m_iNodeDiff>
    <m_iNodeKey>2 </m_iNodeKey>
    <m_iRewardType>0 </m_iRewardType>
    <m_iRewardValue>0 </m_iRewardValue>
    <m_iRewardGroup>0 </m_iRewardGroup>
    <m_iVersion>24010001 </m_iVersion>
    <m_iPlayStyle>0 </m_iPlayStyle>
</MapConfig_Client>
<MapConfig_Client version="1">
    <m_iFloorID>18 </m_iFloorID>
    <m_iTimeLimitID>10101 </m_iTimeLimitID>
    <m_iNeedFriendNum>0 </m_iNeedFriendNum>
    <m_iNeedPassID>0x0 </m_iNeedPassID>
    <m_iID>18 </m_iID>
    <m_iNoteType>18 </m_iNoteType>
    <m_iNodeValue>0 </m_iNodeValue>
    <m_iNodeSong>71 </m_iNodeSong>
    <m_iNodeDiff>3 </m_iNodeDiff>
    <m_iNodeKey>1 </m_iNodeKey>
    <m_iRewardType>0 </m_iRewardType>
    <m_iRewardValue>0 </m_iRewardValue>
    <m_iRewardGroup>0 </m_iRewardGroup>
    <m_iVersion>24010001 </m_iVersion>
    <m_iPlayStyle>0 </m_iPlayStyle>
</MapConfig_Client>
<MapConfig_Client version="1">
    <m_iFloorID>19 </m_iFloorID>
    <m_iTimeLimitID>10101 </m_iTimeLimitID>
    <m_iNeedFriendNum>0 </m_iNeedFriendNum>
    <m_iNeedPassID>0x0 </m_iNeedPassID>
    <m_iID>19 </m_iID>
    <m_iNoteType>14 </m_iNoteType>
    <m_iNodeValue>0 </m_iNodeValue>
    <m_iNodeSong>112 </m_iNodeSong>
    <m_iNodeDiff>3 </m_iNodeDiff>
    <m_iNodeKey>1 </m_iNodeKey>
    <m_iRewardType>0 </m_iRewardType>
    <m_iRewardValue>0 </m_iRewardValue>
    <m_iRewardGroup>0 </m_iRewardGroup>
    <m_iVersion>24010001 </m_iVersion>
    <m_iPlayStyle>2 </m_iPlayStyle>
</MapConfig_Client>
<MapConfig_Client version="1">
    <m_iFloorID>20 </m_iFloorID>
    <m_iTimeLimitID>10101 </m_iTimeLimitID>
    <m_iNeedFriendNum>0 </m_iNeedFriendNum>
    <m_iNeedPassID>0x0 </m_iNeedPassID>
    <m_iID>20 </m_iID>
    <m_iNoteType>19 </m_iNoteType>
    <m_iNodeValue>95 </m_iNodeValue>
    <m_iNodeSong>252 </m_iNodeSong>
    <m_iNodeDiff>3 </m_iNodeDiff>
    <m_iNodeKey>2 </m_iNodeKey>
    <m_iRewardType>1 </m_iRewardType>
    <m_iRewardValue>0 </m_iRewardValue>
    <m_iRewardGroup>13 </m_iRewardGroup>
    <m_iVersion>24010001 </m_iVersion>
    <m_iPlayStyle>0 </m_iPlayStyle>
</MapConfig_Client>
<MapConfig_Client version="1">
    <m_iFloorID>51 </m_iFloorID>
    <m_iTimeLimitID>10102 </m_iTimeLimitID>
    <m_iNeedFriendNum>0 </m_iNeedFriendNum>
    <m_iNeedPassID>0x0 </m_iNeedPassID>
    <m_iID>1 </m_iID>
    <m_iNoteType>9 </m_iNoteType>
    <m_iNodeValue>10 </m_iNodeValue>
    <m_iNodeSong>533 </m_iNodeSong>
    <m_iNodeDiff>1 </m_iNodeDiff>
    <m_iNodeKey>1 </m_iNodeKey>
    <m_iRewardType>1 </m_iRewardType>
    <m_iRewardValue>0 </m_iRewardValue>
    <m_iRewardGroup>4 </m_iRewardGroup>
    <m_iVersion>24010001 </m_iVersion>
    <m_iPlayStyle>0 </m_iPlayStyle>
</MapConfig_Client>
<MapConfig_Client version="1">
    <m_iFloorID>52 </m_iFloorID>
    <m_iTimeLimitID>10102 </m_iTimeLimitID>
    <m_iNeedFriendNum>0 </m_iNeedFriendNum>
    <m_iNeedPassID>0x0 </m_iNeedPassID>
    <m_iID>2 </m_iID>
    <m_iNoteType>7 </m_iNoteType>
    <m_iNodeValue>3 </m_iNodeValue>
    <m_iNodeSong>43 </m_iNodeSong>
    <m_iNodeDiff>1 </m_iNodeDiff>
    <m_iNodeKey>2 </m_iNodeKey>
    <m_iRewardType>0 </m_iRewardType>
    <m_iRewardValue>0 </m_iRewardValue>
    <m_iRewardGroup>0 </m_iRewardGroup>
    <m_iVersion>24010001 </m_iVersion>
    <m_iPlayStyle>0 </m_iPlayStyle>
</MapConfig_Client>
<MapConfig_Client version="1">
    <m_iFloorID>53 </m_iFloorID>
    <m_iTimeLimitID>10102 </m_iTimeLimitID>
    <m_iNeedFriendNum>0 </m_iNeedFriendNum>
    <m_iNeedPassID>0x0 </m_iNeedPassID>
    <m_iID>3 </m_iID>
    <m_iNoteType>19 </m_iNoteType>
    <m_iNodeValue>85 </m_iNodeValue>
    <m_iNodeSong>96 </m_iNodeSong>
    <m_iNodeDiff>1 </m_iNodeDiff>
    <m_iNodeKey>1 </m_iNodeKey>
    <m_iRewardType>0 </m_iRewardType>
    <m_iRewardValue>0 </m_iRewardValue>
    <m_iRewardGroup>0 </m_iRewardGroup>
    <m_iVersion>24010001 </m_iVersion>
    <m_iPlayStyle>0 </m_iPlayStyle>
</MapConfig_Client>
<MapConfig_Client version="1">
    <m_iFloorID>54 </m_iFloorID>
    <m_iTimeLimitID>10102 </m_iTimeLimitID>
    <m_iNeedFriendNum>0 </m_iNeedFriendNum>
    <m_iNeedPassID>0x0 </m_iNeedPassID>
    <m_iID>4 </m_iID>
    <m_iNoteType>7 </m_iNoteType>
    <m_iNodeValue>4 </m_iNodeValue>
    <m_iNodeSong>305 </m_iNodeSong>
    <m_iNodeDiff>3 </m_iNodeDiff>
    <m_iNodeKey>1 </m_iNodeKey>
    <m_iRewardType>0 </m_iRewardType>
    <m_iRewardValue>0 </m_iRewardValue>
    <m_iRewardGroup>0 </m_iRewardGroup>
    <m_iVersion>24010001 </m_iVersion>
    <m_iPlayStyle>0 </m_iPlayStyle>
</MapConfig_Client>
<MapConfig_Client version="1">
    <m_iFloorID>55 </m_iFloorID>
    <m_iTimeLimitID>10102 </m_iTimeLimitID>
    <m_iNeedFriendNum>0 </m_iNeedFriendNum>
    <m_iNeedPassID>0x0 </m_iNeedPassID>
    <m_iID>5 </m_iID>
    <m_iNoteType>11 </m_iNoteType>
    <m_iNodeValue>3 </m_iNodeValue>
    <m_iNodeSong>254 </m_iNodeSong>
    <m_iNodeDiff>2 </m_iNodeDiff>
    <m_iNodeKey>2 </m_iNodeKey>
    <m_iRewardType>1 </m_iRewardType>
    <m_iRewardValue>0 </m_iRewardValue>
    <m_iRewardGroup>5 </m_iRewardGroup>
    <m_iVersion>24010001 </m_iVersion>
    <m_iPlayStyle>0 </m_iPlayStyle>
</MapConfig_Client>
<MapConfig_Client version="1">
    <m_iFloorID>56 </m_iFloorID>
    <m_iTimeLimitID>10102 </m_iTimeLimitID>
    <m_iNeedFriendNum>0 </m_iNeedFriendNum>
    <m_iNeedPassID>0x0 </m_iNeedPassID>
    <m_iID>6 </m_iID>
    <m_iNoteType>7 </m_iNoteType>
    <m_iNodeValue>5 </m_iNodeValue>
    <m_iNodeSong>352 </m_iNodeSong>
    <m_iNodeDiff>2 </m_iNodeDiff>
    <m_iNodeKey>2 </m_iNodeKey>
    <m_iRewardType>0 </m_iRewardType>
    <m_iRewardValue>0 </m_iRewardValue>
    <m_iRewardGroup>0 </m_iRewardGroup>
    <m_iVersion>24010001 </m_iVersion>
    <m_iPlayStyle>0 </m_iPlayStyle>
</MapConfig_Client>
<MapConfig_Client version="1">
    <m_iFloorID>57 </m_iFloorID>
    <m_iTimeLimitID>10102 </m_iTimeLimitID>
    <m_iNeedFriendNum>0 </m_iNeedFriendNum>
    <m_iNeedPassID>0x0 </m_iNeedPassID>
    <m_iID>7 </m_iID>
    <m_iNoteType>19 </m_iNoteType>
    <m_iNodeValue>98 </m_iNodeValue>
    <m_iNodeSong>412 </m_iNodeSong>
    <m_iNodeDiff>2 </m_iNodeDiff>
    <m_iNodeKey>1 </m_iNodeKey>
    <m_iRewardType>0 </m_iRewardType>
    <m_iRewardValue>0 </m_iRewardValue>
    <m_iRewardGroup>0 </m_iRewardGroup>
    <m_iVersion>24010001 </m_iVersion>
    <m_iPlayStyle>0 </m_iPlayStyle>
</MapConfig_Client>
<MapConfig_Client version="1">
    <m_iFloorID>58 </m_iFloorID>
    <m_iTimeLimitID>10102 </m_iTimeLimitID>
    <m_iNeedFriendNum>0 </m_iNeedFriendNum>
    <m_iNeedPassID>0x0 </m_iNeedPassID>
    <m_iID>8 </m_iID>
    <m_iNoteType>14 </m_iNoteType>
    <m_iNodeValue>0 </m_iNodeValue>
    <m_iNodeSong>400 </m_iNodeSong>
    <m_iNodeDiff>2 </m_iNodeDiff>
    <m_iNodeKey>1 </m_iNodeKey>
    <m_iRewardType>0 </m_iRewardType>
    <m_iRewardValue>0 </m_iRewardValue>
    <m_iRewardGroup>0 </m_iRewardGroup>
    <m_iVersion>24010001 </m_iVersion>
    <m_iPlayStyle>0 </m_iPlayStyle>
</MapConfig_Client>
<MapConfig_Client version="1">
    <m_iFloorID>59 </m_iFloorID>
    <m_iTimeLimitID>10102 </m_iTimeLimitID>
    <m_iNeedFriendNum>0 </m_iNeedFriendNum>
    <m_iNeedPassID>0x0 </m_iNeedPassID>
    <m_iID>9 </m_iID>
    <m_iNoteType>7 </m_iNoteType>
    <m_iNodeValue>4 </m_iNodeValue>
    <m_iNodeSong>302 </m_iNodeSong>
    <m_iNodeDiff>3 </m_iNodeDiff>
    <m_iNodeKey>2 </m_iNodeKey>
    <m_iRewardType>0 </m_iRewardType>
    <m_iRewardValue>0 </m_iRewardValue>
    <m_iRewardGroup>0 </m_iRewardGroup>
    <m_iVersion>24010001 </m_iVersion>
    <m_iPlayStyle>0 </m_iPlayStyle>
</MapConfig_Client>
<MapConfig_Client version="1">
    <m_iFloorID>60 </m_iFloorID>
    <m_iTimeLimitID>10102 </m_iTimeLimitID>
    <m_iNeedFriendNum>0 </m_iNeedFriendNum>
    <m_iNeedPassID>0x0 </m_iNeedPassID>
    <m_iID>10 </m_iID>
    <m_iNoteType>11 </m_iNoteType>
    <m_iNodeValue>3 </m_iNodeValue>
    <m_iNodeSong>391 </m_iNodeSong>
    <m_iNodeDiff>3 </m_iNodeDiff>
    <m_iNodeKey>1 </m_iNodeKey>
    <m_iRewardType>1 </m_iRewardType>
    <m_iRewardValue>0 </m_iRewardValue>
    <m_iRewardGroup>6 </m_iRewardGroup>
    <m_iVersion>24010001 </m_iVersion>
    <m_iPlayStyle>0 </m_iPlayStyle>
</MapConfig_Client>
<MapConfig_Client version="1">
    <m_iFloorID>61 </m_iFloorID>
    <m_iTimeLimitID>10102 </m_iTimeLimitID>
    <m_iNeedFriendNum>0 </m_iNeedFriendNum>
    <m_iNeedPassID>0x0 </m_iNeedPassID>
    <m_iID>11 </m_iID>
    <m_iNoteType>7 </m_iNoteType>
    <m_iNodeValue>5 </m_iNodeValue>
    <m_iNodeSong>259 </m_iNodeSong>
    <m_iNodeDiff>3 </m_iNodeDiff>
    <m_iNodeKey>2 </m_iNodeKey>
    <m_iRewardType>0 </m_iRewardType>
    <m_iRewardValue>0 </m_iRewardValue>
    <m_iRewardGroup>0 </m_iRewardGroup>
    <m_iVersion>24010001 </m_iVersion>
    <m_iPlayStyle>0 </m_iPlayStyle>
</MapConfig_Client>
<MapConfig_Client version="1">
    <m_iFloorID>62 </m_iFloorID>
    <m_iTimeLimitID>10102 </m_iTimeLimitID>
    <m_iNeedFriendNum>0 </m_iNeedFriendNum>
    <m_iNeedPassID>0x0 </m_iNeedPassID>
    <m_iID>12 </m_iID>
    <m_iNoteType>14 </m_iNoteType>
    <m_iNodeValue>0 </m_iNodeValue>
    <m_iNodeSong>283 </m_iNodeSong>
    <m_iNodeDiff>3 </m_iNodeDiff>
    <m_iNodeKey>1 </m_iNodeKey>
    <m_iRewardType>0 </m_iRewardType>
    <m_iRewardValue>0 </m_iRewardValue>
    <m_iRewardGroup>0 </m_iRewardGroup>
    <m_iVersion>24010001 </m_iVersion>
    <m_iPlayStyle>0 </m_iPlayStyle>
</MapConfig_Client>
<MapConfig_Client version="1">
    <m_iFloorID>63 </m_iFloorID>
    <m_iTimeLimitID>10102 </m_iTimeLimitID>
    <m_iNeedFriendNum>0 </m_iNeedFriendNum>
    <m_iNeedPassID>0x0 </m_iNeedPassID>
    <m_iID>13 </m_iID>
    <m_iNoteType>19 </m_iNoteType>
    <m_iNodeValue>85 </m_iNodeValue>
    <m_iNodeSong>508 </m_iNodeSong>
    <m_iNodeDiff>3 </m_iNodeDiff>
    <m_iNodeKey>1 </m_iNodeKey>
    <m_iRewardType>0 </m_iRewardType>
    <m_iRewardValue>0 </m_iRewardValue>
    <m_iRewardGroup>0 </m_iRewardGroup>
    <m_iVersion>24010001 </m_iVersion>
    <m_iPlayStyle>0 </m_iPlayStyle>
</MapConfig_Client>
<MapConfig_Client version="1">
    <m_iFloorID>64 </m_iFloorID>
    <m_iTimeLimitID>10102 </m_iTimeLimitID>
    <m_iNeedFriendNum>0 </m_iNeedFriendNum>
    <m_iNeedPassID>0x0 </m_iNeedPassID>
    <m_iID>14 </m_iID>
    <m_iNoteType>7 </m_iNoteType>
    <m_iNodeValue>4 </m_iNodeValue>
    <m_iNodeSong>83 </m_iNodeSong>
    <m_iNodeDiff>2 </m_iNodeDiff>
    <m_iNodeKey>1 </m_iNodeKey>
    <m_iRewardType>0 </m_iRewardType>
    <m_iRewardValue>0 </m_iRewardValue>
    <m_iRewardGroup>0 </m_iRewardGroup>
    <m_iVersion>24010001 </m_iVersion>
    <m_iPlayStyle>0 </m_iPlayStyle>
</MapConfig_Client>
<MapConfig_Client version="1">
    <m_iFloorID>65 </m_iFloorID>
    <m_iTimeLimitID>10102 </m_iTimeLimitID>
    <m_iNeedFriendNum>0 </m_iNeedFriendNum>
    <m_iNeedPassID>0x0 </m_iNeedPassID>
    <m_iID>15 </m_iID>
    <m_iNoteType>27 </m_iNoteType>
    <m_iNodeValue>85 </m_iNodeValue>
    <m_iNodeSong>165 </m_iNodeSong>
    <m_iNodeDiff>3 </m_iNodeDiff>
    <m_iNodeKey>1 </m_iNodeKey>
    <m_iRewardType>1 </m_iRewardType>
    <m_iRewardValue>0 </m_iRewardValue>
    <m_iRewardGroup>7 </m_iRewardGroup>
    <m_iVersion>24010001 </m_iVersion>
    <m_iPlayStyle>0 </m_iPlayStyle>
</MapConfig_Client>
<MapConfig_Client version="1">
    <m_iFloorID>66 </m_iFloorID>
    <m_iTimeLimitID>10102 </m_iTimeLimitID>
    <m_iNeedFriendNum>0 </m_iNeedFriendNum>
    <m_iNeedPassID>0x0 </m_iNeedPassID>
    <m_iID>16 </m_iID>
    <m_iNoteType>7 </m_iNoteType>
    <m_iNodeValue>6 </m_iNodeValue>
    <m_iNodeSong>286 </m_iNodeSong>
    <m_iNodeDiff>3 </m_iNodeDiff>
    <m_iNodeKey>2 </m_iNodeKey>
    <m_iRewardType>0 </m_iRewardType>
    <m_iRewardValue>0 </m_iRewardValue>
    <m_iRewardGroup>0 </m_iRewardGroup>
    <m_iVersion>24010001 </m_iVersion>
    <m_iPlayStyle>0 </m_iPlayStyle>
</MapConfig_Client>
<MapConfig_Client version="1">
    <m_iFloorID>67 </m_iFloorID>
    <m_iTimeLimitID>10102 </m_iTimeLimitID>
    <m_iNeedFriendNum>0 </m_iNeedFriendNum>
    <m_iNeedPassID>0x0 </m_iNeedPassID>
    <m_iID>17 </m_iID>
    <m_iNoteType>18 </m_iNoteType>
    <m_iNodeValue>0 </m_iNodeValue>
    <m_iNodeSong>135 </m_iNodeSong>
    <m_iNodeDiff>3 </m_iNodeDiff>
    <m_iNodeKey>1 </m_iNodeKey>
    <m_iRewardType>0 </m_iRewardType>
    <m_iRewardValue>0 </m_iRewardValue>
    <m_iRewardGroup>0 </m_iRewardGroup>
    <m_iVersion>24010001 </m_iVersion>
    <m_iPlayStyle>0 </m_iPlayStyle>
</MapConfig_Client>
<MapConfig_Client version="1">
    <m_iFloorID>68 </m_iFloorID>
    <m_iTimeLimitID>10102 </m_iTimeLimitID>
    <m_iNeedFriendNum>0 </m_iNeedFriendNum>
    <m_iNeedPassID>0x0 </m_iNeedPassID>
    <m_iID>18 </m_iID>
    <m_iNoteType>14 </m_iNoteType>
    <m_iNodeValue>0 </m_iNodeValue>
    <m_iNodeSong>301 </m_iNodeSong>
    <m_iNodeDiff>3 </m_iNodeDiff>
    <m_iNodeKey>2 </m_iNodeKey>
    <m_iRewardType>0 </m_iRewardType>
    <m_iRewardValue>0 </m_iRewardValue>
    <m_iRewardGroup>0 </m_iRewardGroup>
    <m_iVersion>24010001 </m_iVersion>
    <m_iPlayStyle>2 </m_iPlayStyle>
</MapConfig_Client>
<MapConfig_Client version="1">
    <m_iFloorID>69 </m_iFloorID>
    <m_iTimeLimitID>10102 </m_iTimeLimitID>
    <m_iNeedFriendNum>0 </m_iNeedFriendNum>
    <m_iNeedPassID>0x0 </m_iNeedPassID>
    <m_iID>19 </m_iID>
    <m_iNoteType>11 </m_iNoteType>
    <m_iNodeValue>3 </m_iNodeValue>
    <m_iNodeSong>468 </m_iNodeSong>
    <m_iNodeDiff>3 </m_iNodeDiff>
    <m_iNodeKey>2 </m_iNodeKey>
    <m_iRewardType>0 </m_iRewardType>
    <m_iRewardValue>0 </m_iRewardValue>
    <m_iRewardGroup>0 </m_iRewardGroup>
    <m_iVersion>24010001 </m_iVersion>
    <m_iPlayStyle>0 </m_iPlayStyle>
</MapConfig_Client>
<MapConfig_Client version="1">
    <m_iFloorID>70 </m_iFloorID>
    <m_iTimeLimitID>10102 </m_iTimeLimitID>
    <m_iNeedFriendNum>0 </m_iNeedFriendNum>
    <m_iNeedPassID>0x0 </m_iNeedPassID>
    <m_iID>20 </m_iID>
    <m_iNoteType>7 </m_iNoteType>
    <m_iNodeValue>5 </m_iNodeValue>
    <m_iNodeSong>16 </m_iNodeSong>
    <m_iNodeDiff>3 </m_iNodeDiff>
    <m_iNodeKey>2 </m_iNodeKey>
    <m_iRewardType>1 </m_iRewardType>
    <m_iRewardValue>0 </m_iRewardValue>
    <m_iRewardGroup>13 </m_iRewardGroup>
    <m_iVersion>24010001 </m_iVersion>
    <m_iPlayStyle>0 </m_iPlayStyle>
</MapConfig_Client>
<MapConfig_Client version="1">
    <m_iFloorID>101 </m_iFloorID>
    <m_iTimeLimitID>10103 </m_iTimeLimitID>
    <m_iNeedFriendNum>0 </m_iNeedFriendNum>
    <m_iNeedPassID>0x0 </m_iNeedPassID>
    <m_iID>1 </m_iID>
    <m_iNoteType>9 </m_iNoteType>
    <m_iNodeValue>10 </m_iNodeValue>
    <m_iNodeSong>58 </m_iNodeSong>
    <m_iNodeDiff>1 </m_iNodeDiff>
    <m_iNodeKey>2 </m_iNodeKey>
    <m_iRewardType>1 </m_iRewardType>
    <m_iRewardValue>0 </m_iRewardValue>
    <m_iRewardGroup>4 </m_iRewardGroup>
    <m_iVersion>24010001 </m_iVersion>
    <m_iPlayStyle>0 </m_iPlayStyle>
</MapConfig_Client>
<MapConfig_Client version="1">
    <m_iFloorID>102 </m_iFloorID>
    <m_iTimeLimitID>10103 </m_iTimeLimitID>
    <m_iNeedFriendNum>0 </m_iNeedFriendNum>
    <m_iNeedPassID>0x0 </m_iNeedPassID>
    <m_iID>2 </m_iID>
    <m_iNoteType>19 </m_iNoteType>
    <m_iNodeValue>60 </m_iNodeValue>
    <m_iNodeSong>347 </m_iNodeSong>
    <m_iNodeDiff>1 </m_iNodeDiff>
    <m_iNodeKey>1 </m_iNodeKey>
    <m_iRewardType>0 </m_iRewardType>
    <m_iRewardValue>0 </m_iRewardValue>
    <m_iRewardGroup>0 </m_iRewardGroup>
    <m_iVersion>24010001 </m_iVersion>
    <m_iPlayStyle>0 </m_iPlayStyle>
</MapConfig_Client>
<MapConfig_Client version="1">
    <m_iFloorID>103 </m_iFloorID>
    <m_iTimeLimitID>10103 </m_iTimeLimitID>
    <m_iNeedFriendNum>0 </m_iNeedFriendNum>
    <m_iNeedPassID>0x0 </m_iNeedPassID>
    <m_iID>3 </m_iID>
    <m_iNoteType>7 </m_iNoteType>
    <m_iNodeValue>3 </m_iNodeValue>
    <m_iNodeSong>203 </m_iNodeSong>
    <m_iNodeDiff>2 </m_iNodeDiff>
    <m_iNodeKey>2 </m_iNodeKey>
    <m_iRewardType>0 </m_iRewardType>
    <m_iRewardValue>0 </m_iRewardValue>
    <m_iRewardGroup>0 </m_iRewardGroup>
    <m_iVersion>24010001 </m_iVersion>
    <m_iPlayStyle>0 </m_iPlayStyle>
</MapConfig_Client>
<MapConfig_Client version="1">
    <m_iFloorID>104 </m_iFloorID>
    <m_iTimeLimitID>10103 </m_iTimeLimitID>
    <m_iNeedFriendNum>0 </m_iNeedFriendNum>
    <m_iNeedPassID>0x0 </m_iNeedPassID>
    <m_iID>4 </m_iID>
    <m_iNoteType>3 </m_iNoteType>
    <m_iNodeValue>80 </m_iNodeValue>
    <m_iNodeSong>121 </m_iNodeSong>
    <m_iNodeDiff>2 </m_iNodeDiff>
    <m_iNodeKey>2 </m_iNodeKey>
    <m_iRewardType>0 </m_iRewardType>
    <m_iRewardValue>0 </m_iRewardValue>
    <m_iRewardGroup>0 </m_iRewardGroup>
    <m_iVersion>24010001 </m_iVersion>
    <m_iPlayStyle>0 </m_iPlayStyle>
</MapConfig_Client>
<MapConfig_Client version="1">
    <m_iFloorID>105 </m_iFloorID>
    <m_iTimeLimitID>10103 </m_iTimeLimitID>
    <m_iNeedFriendNum>0 </m_iNeedFriendNum>
    <m_iNeedPassID>0x0 </m_iNeedPassID>
    <m_iID>5 </m_iID>
    <m_iNoteType>9 </m_iNoteType>
    <m_iNodeValue>5 </m_iNodeValue>
    <m_iNodeSong>152 </m_iNodeSong>
    <m_iNodeDiff>2 </m_iNodeDiff>
    <m_iNodeKey>1 </m_iNodeKey>
    <m_iRewardType>1 </m_iRewardType>
    <m_iRewardValue>0 </m_iRewardValue>
    <m_iRewardGroup>5 </m_iRewardGroup>
    <m_iVersion>24010001 </m_iVersion>
    <m_iPlayStyle>0 </m_iPlayStyle>
</MapConfig_Client>
<MapConfig_Client version="1">
    <m_iFloorID>106 </m_iFloorID>
    <m_iTimeLimitID>10103 </m_iTimeLimitID>
    <m_iNeedFriendNum>0 </m_iNeedFriendNum>
    <m_iNeedPassID>0x0 </m_iNeedPassID>
    <m_iID>6 </m_iID>
    <m_iNoteType>14 </m_iNoteType>
    <m_iNodeValue>0 </m_iNodeValue>
    <m_iNodeSong>343 </m_iNodeSong>
    <m_iNodeDiff>2 </m_iNodeDiff>
    <m_iNodeKey>1 </m_iNodeKey>
    <m_iRewardType>0 </m_iRewardType>
    <m_iRewardValue>0 </m_iRewardValue>
    <m_iRewardGroup>0 </m_iRewardGroup>
    <m_iVersion>24010001 </m_iVersion>
    <m_iPlayStyle>0 </m_iPlayStyle>
</MapConfig_Client>
<MapConfig_Client version="1">
    <m_iFloorID>107 </m_iFloorID>
    <m_iTimeLimitID>10103 </m_iTimeLimitID>
    <m_iNeedFriendNum>0 </m_iNeedFriendNum>
    <m_iNeedPassID>0x0 </m_iNeedPassID>
    <m_iID>7 </m_iID>
    <m_iNoteType>7 </m_iNoteType>
    <m_iNodeValue>4 </m_iNodeValue>
    <m_iNodeSong>540 </m_iNodeSong>
    <m_iNodeDiff>2 </m_iNodeDiff>
    <m_iNodeKey>2 </m_iNodeKey>
    <m_iRewardType>0 </m_iRewardType>
    <m_iRewardValue>0 </m_iRewardValue>
    <m_iRewardGroup>0 </m_iRewardGroup>
    <m_iVersion>24010001 </m_iVersion>
    <m_iPlayStyle>0 </m_iPlayStyle>
</MapConfig_Client>
<MapConfig_Client version="1">
    <m_iFloorID>108 </m_iFloorID>
    <m_iTimeLimitID>10103 </m_iTimeLimitID>
    <m_iNeedFriendNum>0 </m_iNeedFriendNum>
    <m_iNeedPassID>0x0 </m_iNeedPassID>
    <m_iID>8 </m_iID>
    <m_iNoteType>19 </m_iNoteType>
    <m_iNodeValue>90 </m_iNodeValue>
    <m_iNodeSong>251 </m_iNodeSong>
    <m_iNodeDiff>2 </m_iNodeDiff>
    <m_iNodeKey>1 </m_iNodeKey>
    <m_iRewardType>0 </m_iRewardType>
    <m_iRewardValue>0 </m_iRewardValue>
    <m_iRewardGroup>0 </m_iRewardGroup>
    <m_iVersion>24010001 </m_iVersion>
    <m_iPlayStyle>0 </m_iPlayStyle>
</MapConfig_Client>
<MapConfig_Client version="1">
    <m_iFloorID>109 </m_iFloorID>
    <m_iTimeLimitID>10103 </m_iTimeLimitID>
    <m_iNeedFriendNum>0 </m_iNeedFriendNum>
    <m_iNeedPassID>0x0 </m_iNeedPassID>
    <m_iID>9 </m_iID>
    <m_iNoteType>11 </m_iNoteType>
    <m_iNodeValue>5 </m_iNodeValue>
    <m_iNodeSong>531 </m_iNodeSong>
    <m_iNodeDiff>2 </m_iNodeDiff>
    <m_iNodeKey>1 </m_iNodeKey>
    <m_iRewardType>0 </m_iRewardType>
    <m_iRewardValue>0 </m_iRewardValue>
    <m_iRewardGroup>0 </m_iRewardGroup>
    <m_iVersion>24010001 </m_iVersion>
    <m_iPlayStyle>0 </m_iPlayStyle>
</MapConfig_Client>
<MapConfig_Client version="1">
    <m_iFloorID>110 </m_iFloorID>
    <m_iTimeLimitID>10103 </m_iTimeLimitID>
    <m_iNeedFriendNum>0 </m_iNeedFriendNum>
    <m_iNeedPassID>0x0 </m_iNeedPassID>
    <m_iID>10 </m_iID>
    <m_iNoteType>7 </m_iNoteType>
    <m_iNodeValue>5 </m_iNodeValue>
    <m_iNodeSong>306 </m_iNodeSong>
    <m_iNodeDiff>3 </m_iNodeDiff>
    <m_iNodeKey>1 </m_iNodeKey>
    <m_iRewardType>1 </m_iRewardType>
    <m_iRewardValue>0 </m_iRewardValue>
    <m_iRewardGroup>6 </m_iRewardGroup>
    <m_iVersion>24010001 </m_iVersion>
    <m_iPlayStyle>0 </m_iPlayStyle>
</MapConfig_Client>
<MapConfig_Client version="1">
    <m_iFloorID>111 </m_iFloorID>
    <m_iTimeLimitID>10103 </m_iTimeLimitID>
    <m_iNeedFriendNum>0 </m_iNeedFriendNum>
    <m_iNeedPassID>0x0 </m_iNeedPassID>
    <m_iID>11 </m_iID>
    <m_iNoteType>14 </m_iNoteType>
    <m_iNodeValue>0 </m_iNodeValue>
    <m_iNodeSong>393 </m_iNodeSong>
    <m_iNodeDiff>3 </m_iNodeDiff>
    <m_iNodeKey>1 </m_iNodeKey>
    <m_iRewardType>0 </m_iRewardType>
    <m_iRewardValue>0 </m_iRewardValue>
    <m_iRewardGroup>0 </m_iRewardGroup>
    <m_iVersion>24010001 </m_iVersion>
    <m_iPlayStyle>0 </m_iPlayStyle>
</MapConfig_Client>
<MapConfig_Client version="1">
    <m_iFloorID>112 </m_iFloorID>
    <m_iTimeLimitID>10103 </m_iTimeLimitID>
    <m_iNeedFriendNum>0 </m_iNeedFriendNum>
    <m_iNeedPassID>0x0 </m_iNeedPassID>
    <m_iID>12 </m_iID>
    <m_iNoteType>18 </m_iNoteType>
    <m_iNodeValue>0 </m_iNodeValue>
    <m_iNodeSong>24 </m_iNodeSong>
    <m_iNodeDiff>2 </m_iNodeDiff>
    <m_iNodeKey>2 </m_iNodeKey>
    <m_iRewardType>0 </m_iRewardType>
    <m_iRewardValue>0 </m_iRewardValue>
    <m_iRewardGroup>0 </m_iRewardGroup>
    <m_iVersion>24010001 </m_iVersion>
    <m_iPlayStyle>0 </m_iPlayStyle>
</MapConfig_Client>
<MapConfig_Client version="1">
    <m_iFloorID>113 </m_iFloorID>
    <m_iTimeLimitID>10103 </m_iTimeLimitID>
    <m_iNeedFriendNum>0 </m_iNeedFriendNum>
    <m_iNeedPassID>0x0 </m_iNeedPassID>
    <m_iID>13 </m_iID>
    <m_iNoteType>7 </m_iNoteType>
    <m_iNodeValue>5 </m_iNodeValue>
    <m_iNodeSong>332 </m_iNodeSong>
    <m_iNodeDiff>3 </m_iNodeDiff>
    <m_iNodeKey>2 </m_iNodeKey>
    <m_iRewardType>0 </m_iRewardType>
    <m_iRewardValue>0 </m_iRewardValue>
    <m_iRewardGroup>0 </m_iRewardGroup>
    <m_iVersion>24010001 </m_iVersion>
    <m_iPlayStyle>0 </m_iPlayStyle>
</MapConfig_Client>
<MapConfig_Client version="1">
    <m_iFloorID>114 </m_iFloorID>
    <m_iTimeLimitID>10103 </m_iTimeLimitID>
    <m_iNeedFriendNum>0 </m_iNeedFriendNum>
    <m_iNeedPassID>0x0 </m_iNeedPassID>
    <m_iID>14 </m_iID>
    <m_iNoteType>19 </m_iNoteType>
    <m_iNodeValue>90 </m_iNodeValue>
    <m_iNodeSong>17 </m_iNodeSong>
    <m_iNodeDiff>3 </m_iNodeDiff>
    <m_iNodeKey>1 </m_iNodeKey>
    <m_iRewardType>0 </m_iRewardType>
    <m_iRewardValue>0 </m_iRewardValue>
    <m_iRewardGroup>0 </m_iRewardGroup>
    <m_iVersion>24010001 </m_iVersion>
    <m_iPlayStyle>0 </m_iPlayStyle>
</MapConfig_Client>
<MapConfig_Client version="1">
    <m_iFloorID>115 </m_iFloorID>
    <m_iTimeLimitID>10103 </m_iTimeLimitID>
    <m_iNeedFriendNum>0 </m_iNeedFriendNum>
    <m_iNeedPassID>0x0 </m_iNeedPassID>
    <m_iID>15 </m_iID>
    <m_iNoteType>9 </m_iNoteType>
    <m_iNodeValue>3 </m_iNodeValue>
    <m_iNodeSong>153 </m_iNodeSong>
    <m_iNodeDiff>2 </m_iNodeDiff>
    <m_iNodeKey>2 </m_iNodeKey>
    <m_iRewardType>1 </m_iRewardType>
    <m_iRewardValue>0 </m_iRewardValue>
    <m_iRewardGroup>7 </m_iRewardGroup>
    <m_iVersion>24010001 </m_iVersion>
    <m_iPlayStyle>0 </m_iPlayStyle>
</MapConfig_Client>
<MapConfig_Client version="1">
    <m_iFloorID>116 </m_iFloorID>
    <m_iTimeLimitID>10103 </m_iTimeLimitID>
    <m_iNeedFriendNum>0 </m_iNeedFriendNum>
    <m_iNeedPassID>0x0 </m_iNeedPassID>
    <m_iID>16 </m_iID>
    <m_iNoteType>11 </m_iNoteType>
    <m_iNodeValue>5 </m_iNodeValue>
    <m_iNodeSong>390 </m_iNodeSong>
    <m_iNodeDiff>3 </m_iNodeDiff>
    <m_iNodeKey>2 </m_iNodeKey>
    <m_iRewardType>0 </m_iRewardType>
    <m_iRewardValue>0 </m_iRewardValue>
    <m_iRewardGroup>0 </m_iRewardGroup>
    <m_iVersion>24010001 </m_iVersion>
    <m_iPlayStyle>0 </m_iPlayStyle>
</MapConfig_Client>
<MapConfig_Client version="1">
    <m_iFloorID>117 </m_iFloorID>
    <m_iTimeLimitID>10103 </m_iTimeLimitID>
    <m_iNeedFriendNum>0 </m_iNeedFriendNum>
    <m_iNeedPassID>0x0 </m_iNeedPassID>
    <m_iID>17 </m_iID>
    <m_iNoteType>18 </m_iNoteType>
    <m_iNodeValue>0 </m_iNodeValue>
    <m_iNodeSong>59 </m_iNodeSong>
    <m_iNodeDiff>3 </m_iNodeDiff>
    <m_iNodeKey>1 </m_iNodeKey>
    <m_iRewardType>0 </m_iRewardType>
    <m_iRewardValue>0 </m_iRewardValue>
    <m_iRewardGroup>0 </m_iRewardGroup>
    <m_iVersion>24010001 </m_iVersion>
    <m_iPlayStyle>2 </m_iPlayStyle>
</MapConfig_Client>
<MapConfig_Client version="1">
    <m_iFloorID>118 </m_iFloorID>
    <m_iTimeLimitID>10103 </m_iTimeLimitID>
    <m_iNeedFriendNum>0 </m_iNeedFriendNum>
    <m_iNeedPassID>0x0 </m_iNeedPassID>
    <m_iID>18 </m_iID>
    <m_iNoteType>25 </m_iNoteType>
    <m_iNodeValue>95 </m_iNodeValue>
    <m_iNodeSong>384 </m_iNodeSong>
    <m_iNodeDiff>3 </m_iNodeDiff>
    <m_iNodeKey>2 </m_iNodeKey>
    <m_iRewardType>0 </m_iRewardType>
    <m_iRewardValue>0 </m_iRewardValue>
    <m_iRewardGroup>0 </m_iRewardGroup>
    <m_iVersion>24010001 </m_iVersion>
    <m_iPlayStyle>0 </m_iPlayStyle>
</MapConfig_Client>
<MapConfig_Client version="1">
    <m_iFloorID>119 </m_iFloorID>
    <m_iTimeLimitID>10103 </m_iTimeLimitID>
    <m_iNeedFriendNum>0 </m_iNeedFriendNum>
    <m_iNeedPassID>0x0 </m_iNeedPassID>
    <m_iID>19 </m_iID>
    <m_iNoteType>14 </m_iNoteType>
    <m_iNodeValue>0 </m_iNodeValue>
    <m_iNodeSong>68 </m_iNodeSong>
    <m_iNodeDiff>3 </m_iNodeDiff>
    <m_iNodeKey>2 </m_iNodeKey>
    <m_iRewardType>0 </m_iRewardType>
    <m_iRewardValue>0 </m_iRewardValue>
    <m_iRewardGroup>0 </m_iRewardGroup>
    <m_iVersion>24010001 </m_iVersion>
    <m_iPlayStyle>0 </m_iPlayStyle>
</MapConfig_Client>
<MapConfig_Client version="1">
    <m_iFloorID>120 </m_iFloorID>
    <m_iTimeLimitID>10103 </m_iTimeLimitID>
    <m_iNeedFriendNum>0 </m_iNeedFriendNum>
    <m_iNeedPassID>0x0 </m_iNeedPassID>
    <m_iID>20 </m_iID>
    <m_iNoteType>7 </m_iNoteType>
    <m_iNodeValue>5 </m_iNodeValue>
    <m_iNodeSong>95 </m_iNodeSong>
    <m_iNodeDiff>3 </m_iNodeDiff>
    <m_iNodeKey>1 </m_iNodeKey>
    <m_iRewardType>1 </m_iRewardType>
    <m_iRewardValue>0 </m_iRewardValue>
    <m_iRewardGroup>13 </m_iRewardGroup>
    <m_iVersion>24010001 </m_iVersion>
    <m_iPlayStyle>0 </m_iPlayStyle>
</MapConfig_Client>
<MapConfig_Client version="1">
    <m_iFloorID>151 </m_iFloorID>
    <m_iTimeLimitID>10104 </m_iTimeLimitID>
    <m_iNeedFriendNum>0 </m_iNeedFriendNum>
    <m_iNeedPassID>0x0 </m_iNeedPassID>
    <m_iID>1 </m_iID>
    <m_iNoteType>7 </m_iNoteType>
    <m_iNodeValue>3 </m_iNodeValue>
    <m_iNodeSong>172 </m_iNodeSong>
    <m_iNodeDiff>1 </m_iNodeDiff>
    <m_iNodeKey>1 </m_iNodeKey>
    <m_iRewardType>1 </m_iRewardType>
    <m_iRewardValue>0 </m_iRewardValue>
    <m_iRewardGroup>4 </m_iRewardGroup>
    <m_iVersion>24010001 </m_iVersion>
    <m_iPlayStyle>0 </m_iPlayStyle>
</MapConfig_Client>
<MapConfig_Client version="1">
    <m_iFloorID>152 </m_iFloorID>
    <m_iTimeLimitID>10104 </m_iTimeLimitID>
    <m_iNeedFriendNum>0 </m_iNeedFriendNum>
    <m_iNeedPassID>0x0 </m_iNeedPassID>
    <m_iID>2 </m_iID>
    <m_iNoteType>15 </m_iNoteType>
    <m_iNodeValue>0 </m_iNodeValue>
    <m_iNodeSong>301 </m_iNodeSong>
    <m_iNodeDiff>1 </m_iNodeDiff>
    <m_iNodeKey>2 </m_iNodeKey>
    <m_iRewardType>0 </m_iRewardType>
    <m_iRewardValue>0 </m_iRewardValue>
    <m_iRewardGroup>0 </m_iRewardGroup>
    <m_iVersion>24010001 </m_iVersion>
    <m_iPlayStyle>0 </m_iPlayStyle>
</MapConfig_Client>
<MapConfig_Client version="1">
    <m_iFloorID>153 </m_iFloorID>
    <m_iTimeLimitID>10104 </m_iTimeLimitID>
    <m_iNeedFriendNum>0 </m_iNeedFriendNum>
    <m_iNeedPassID>0x0 </m_iNeedPassID>
    <m_iID>3 </m_iID>
    <m_iNoteType>9 </m_iNoteType>
    <m_iNodeValue>10 </m_iNodeValue>
    <m_iNodeSong>163 </m_iNodeSong>
    <m_iNodeDiff>2 </m_iNodeDiff>
    <m_iNodeKey>2 </m_iNodeKey>
    <m_iRewardType>0 </m_iRewardType>
    <m_iRewardValue>0 </m_iRewardValue>
    <m_iRewardGroup>0 </m_iRewardGroup>
    <m_iVersion>24010001 </m_iVersion>
    <m_iPlayStyle>0 </m_iPlayStyle>
</MapConfig_Client>
<MapConfig_Client version="1">
    <m_iFloorID>154 </m_iFloorID>
    <m_iTimeLimitID>10104 </m_iTimeLimitID>
    <m_iNeedFriendNum>0 </m_iNeedFriendNum>
    <m_iNeedPassID>0x0 </m_iNeedPassID>
    <m_iID>4 </m_iID>
    <m_iNoteType>7 </m_iNoteType>
    <m_iNodeValue>4 </m_iNodeValue>
    <m_iNodeSong>556 </m_iNodeSong>
    <m_iNodeDiff>2 </m_iNodeDiff>
    <m_iNodeKey>1 </m_iNodeKey>
    <m_iRewardType>0 </m_iRewardType>
    <m_iRewardValue>0 </m_iRewardValue>
    <m_iRewardGroup>0 </m_iRewardGroup>
    <m_iVersion>24010001 </m_iVersion>
    <m_iPlayStyle>0 </m_iPlayStyle>
</MapConfig_Client>
<MapConfig_Client version="1">
    <m_iFloorID>155 </m_iFloorID>
    <m_iTimeLimitID>10104 </m_iTimeLimitID>
    <m_iNeedFriendNum>0 </m_iNeedFriendNum>
    <m_iNeedPassID>0x0 </m_iNeedPassID>
    <m_iID>5 </m_iID>
    <m_iNoteType>18 </m_iNoteType>
    <m_iNodeValue>0 </m_iNodeValue>
    <m_iNodeSong>485 </m_iNodeSong>
    <m_iNodeDiff>2 </m_iNodeDiff>
    <m_iNodeKey>1 </m_iNodeKey>
    <m_iRewardType>1 </m_iRewardType>
    <m_iRewardValue>0 </m_iRewardValue>
    <m_iRewardGroup>5 </m_iRewardGroup>
    <m_iVersion>24010001 </m_iVersion>
    <m_iPlayStyle>0 </m_iPlayStyle>
</MapConfig_Client>
<MapConfig_Client version="1">
    <m_iFloorID>156 </m_iFloorID>
    <m_iTimeLimitID>10104 </m_iTimeLimitID>
    <m_iNeedFriendNum>0 </m_iNeedFriendNum>
    <m_iNeedPassID>0x0 </m_iNeedPassID>
    <m_iID>6 </m_iID>
    <m_iNoteType>27 </m_iNoteType>
    <m_iNodeValue>75 </m_iNodeValue>
    <m_iNodeSong>171 </m_iNodeSong>
    <m_iNodeDiff>2 </m_iNodeDiff>
    <m_iNodeKey>1 </m_iNodeKey>
    <m_iRewardType>0 </m_iRewardType>
    <m_iRewardValue>0 </m_iRewardValue>
    <m_iRewardGroup>0 </m_iRewardGroup>
    <m_iVersion>24010001 </m_iVersion>
    <m_iPlayStyle>0 </m_iPlayStyle>
</MapConfig_Client>
<MapConfig_Client version="1">
    <m_iFloorID>157 </m_iFloorID>
    <m_iTimeLimitID>10104 </m_iTimeLimitID>
    <m_iNeedFriendNum>0 </m_iNeedFriendNum>
    <m_iNeedPassID>0x0 </m_iNeedPassID>
    <m_iID>7 </m_iID>
    <m_iNoteType>19 </m_iNoteType>
    <m_iNodeValue>85 </m_iNodeValue>
    <m_iNodeSong>187 </m_iNodeSong>
    <m_iNodeDiff>3 </m_iNodeDiff>
    <m_iNodeKey>1 </m_iNodeKey>
    <m_iRewardType>0 </m_iRewardType>
    <m_iRewardValue>0 </m_iRewardValue>
    <m_iRewardGroup>0 </m_iRewardGroup>
    <m_iVersion>24010001 </m_iVersion>
    <m_iPlayStyle>0 </m_iPlayStyle>
</MapConfig_Client>
<MapConfig_Client version="1">
    <m_iFloorID>158 </m_iFloorID>
    <m_iTimeLimitID>10104 </m_iTimeLimitID>
    <m_iNeedFriendNum>0 </m_iNeedFriendNum>
    <m_iNeedPassID>0x0 </m_iNeedPassID>
    <m_iID>8 </m_iID>
    <m_iNoteType>7 </m_iNoteType>
    <m_iNodeValue>4 </m_iNodeValue>
    <m_iNodeSong>190 </m_iNodeSong>
    <m_iNodeDiff>3 </m_iNodeDiff>
    <m_iNodeKey>1 </m_iNodeKey>
    <m_iRewardType>0 </m_iRewardType>
    <m_iRewardValue>0 </m_iRewardValue>
    <m_iRewardGroup>0 </m_iRewardGroup>
    <m_iVersion>24010001 </m_iVersion>
    <m_iPlayStyle>0 </m_iPlayStyle>
</MapConfig_Client>
<MapConfig_Client version="1">
    <m_iFloorID>159 </m_iFloorID>
    <m_iTimeLimitID>10104 </m_iTimeLimitID>
    <m_iNeedFriendNum>0 </m_iNeedFriendNum>
    <m_iNeedPassID>0x0 </m_iNeedPassID>
    <m_iID>9 </m_iID>
    <m_iNoteType>18 </m_iNoteType>
    <m_iNodeValue>0 </m_iNodeValue>
    <m_iNodeSong>42 </m_iNodeSong>
    <m_iNodeDiff>3 </m_iNodeDiff>
    <m_iNodeKey>1 </m_iNodeKey>
    <m_iRewardType>0 </m_iRewardType>
    <m_iRewardValue>0 </m_iRewardValue>
    <m_iRewardGroup>0 </m_iRewardGroup>
    <m_iVersion>24010001 </m_iVersion>
    <m_iPlayStyle>0 </m_iPlayStyle>
</MapConfig_Client>
<MapConfig_Client version="1">
    <m_iFloorID>160 </m_iFloorID>
    <m_iTimeLimitID>10104 </m_iTimeLimitID>
    <m_iNeedFriendNum>0 </m_iNeedFriendNum>
    <m_iNeedPassID>0x0 </m_iNeedPassID>
    <m_iID>10 </m_iID>
    <m_iNoteType>11 </m_iNoteType>
    <m_iNodeValue>15 </m_iNodeValue>
    <m_iNodeSong>323 </m_iNodeSong>
    <m_iNodeDiff>3 </m_iNodeDiff>
    <m_iNodeKey>1 </m_iNodeKey>
    <m_iRewardType>1 </m_iRewardType>
    <m_iRewardValue>0 </m_iRewardValue>
    <m_iRewardGroup>6 </m_iRewardGroup>
    <m_iVersion>24010001 </m_iVersion>
    <m_iPlayStyle>0 </m_iPlayStyle>
</MapConfig_Client>
<MapConfig_Client version="1">
    <m_iFloorID>161 </m_iFloorID>
    <m_iTimeLimitID>10104 </m_iTimeLimitID>
    <m_iNeedFriendNum>0 </m_iNeedFriendNum>
    <m_iNeedPassID>0x0 </m_iNeedPassID>
    <m_iID>11 </m_iID>
    <m_iNoteType>27 </m_iNoteType>
    <m_iNodeValue>75 </m_iNodeValue>
    <m_iNodeSong>553 </m_iNodeSong>
    <m_iNodeDiff>2 </m_iNodeDiff>
    <m_iNodeKey>1 </m_iNodeKey>
    <m_iRewardType>0 </m_iRewardType>
    <m_iRewardValue>0 </m_iRewardValue>
    <m_iRewardGroup>0 </m_iRewardGroup>
    <m_iVersion>24010001 </m_iVersion>
    <m_iPlayStyle>0 </m_iPlayStyle>
</MapConfig_Client>
<MapConfig_Client version="1">
    <m_iFloorID>162 </m_iFloorID>
    <m_iTimeLimitID>10104 </m_iTimeLimitID>
    <m_iNeedFriendNum>0 </m_iNeedFriendNum>
    <m_iNeedPassID>0x0 </m_iNeedPassID>
    <m_iID>12 </m_iID>
    <m_iNoteType>7 </m_iNoteType>
    <m_iNodeValue>4 </m_iNodeValue>
    <m_iNodeSong>254 </m_iNodeSong>
    <m_iNodeDiff>3 </m_iNodeDiff>
    <m_iNodeKey>1 </m_iNodeKey>
    <m_iRewardType>0 </m_iRewardType>
    <m_iRewardValue>0 </m_iRewardValue>
    <m_iRewardGroup>0 </m_iRewardGroup>
    <m_iVersion>24010001 </m_iVersion>
    <m_iPlayStyle>0 </m_iPlayStyle>
</MapConfig_Client>
<MapConfig_Client version="1">
    <m_iFloorID>163 </m_iFloorID>
    <m_iTimeLimitID>10104 </m_iTimeLimitID>
    <m_iNeedFriendNum>0 </m_iNeedFriendNum>
    <m_iNeedPassID>0x0 </m_iNeedPassID>
    <m_iID>13 </m_iID>
    <m_iNoteType>9 </m_iNoteType>
    <m_iNodeValue>3 </m_iNodeValue>
    <m_iNodeSong>336 </m_iNodeSong>
    <m_iNodeDiff>3 </m_iNodeDiff>
    <m_iNodeKey>2 </m_iNodeKey>
    <m_iRewardType>0 </m_iRewardType>
    <m_iRewardValue>0 </m_iRewardValue>
    <m_iRewardGroup>0 </m_iRewardGroup>
    <m_iVersion>24010001 </m_iVersion>
    <m_iPlayStyle>0 </m_iPlayStyle>
</MapConfig_Client>
<MapConfig_Client version="1">
    <m_iFloorID>164 </m_iFloorID>
    <m_iTimeLimitID>10104 </m_iTimeLimitID>
    <m_iNeedFriendNum>0 </m_iNeedFriendNum>
    <m_iNeedPassID>0x0 </m_iNeedPassID>
    <m_iID>14 </m_iID>
    <m_iNoteType>19 </m_iNoteType>
    <m_iNodeValue>85 </m_iNodeValue>
    <m_iNodeSong>507 </m_iNodeSong>
    <m_iNodeDiff>3 </m_iNodeDiff>
    <m_iNodeKey>2 </m_iNodeKey>
    <m_iRewardType>0 </m_iRewardType>
    <m_iRewardValue>0 </m_iRewardValue>
    <m_iRewardGroup>0 </m_iRewardGroup>
    <m_iVersion>24010001 </m_iVersion>
    <m_iPlayStyle>0 </m_iPlayStyle>
</MapConfig_Client>
<MapConfig_Client version="1">
    <m_iFloorID>165 </m_iFloorID>
    <m_iTimeLimitID>10104 </m_iTimeLimitID>
    <m_iNeedFriendNum>0 </m_iNeedFriendNum>
    <m_iNeedPassID>0x0 </m_iNeedPassID>
    <m_iID>15 </m_iID>
    <m_iNoteType>7 </m_iNoteType>
    <m_iNodeValue>4 </m_iNodeValue>
    <m_iNodeSong>169 </m_iNodeSong>
    <m_iNodeDiff>2 </m_iNodeDiff>
    <m_iNodeKey>1 </m_iNodeKey>
    <m_iRewardType>1 </m_iRewardType>
    <m_iRewardValue>0 </m_iRewardValue>
    <m_iRewardGroup>7 </m_iRewardGroup>
    <m_iVersion>24010001 </m_iVersion>
    <m_iPlayStyle>0 </m_iPlayStyle>
</MapConfig_Client>
<MapConfig_Client version="1">
    <m_iFloorID>166 </m_iFloorID>
    <m_iTimeLimitID>10104 </m_iTimeLimitID>
    <m_iNeedFriendNum>0 </m_iNeedFriendNum>
    <m_iNeedPassID>0x0 </m_iNeedPassID>
    <m_iID>16 </m_iID>
    <m_iNoteType>14 </m_iNoteType>
    <m_iNodeValue>0 </m_iNodeValue>
    <m_iNodeSong>102 </m_iNodeSong>
    <m_iNodeDiff>3 </m_iNodeDiff>
    <m_iNodeKey>2 </m_iNodeKey>
    <m_iRewardType>0 </m_iRewardType>
    <m_iRewardValue>0 </m_iRewardValue>
    <m_iRewardGroup>0 </m_iRewardGroup>
    <m_iVersion>24010001 </m_iVersion>
    <m_iPlayStyle>0 </m_iPlayStyle>
</MapConfig_Client>
<MapConfig_Client version="1">
    <m_iFloorID>167 </m_iFloorID>
    <m_iTimeLimitID>10104 </m_iTimeLimitID>
    <m_iNeedFriendNum>0 </m_iNeedFriendNum>
    <m_iNeedPassID>0x0 </m_iNeedPassID>
    <m_iID>17 </m_iID>
    <m_iNoteType>7 </m_iNoteType>
    <m_iNodeValue>5 </m_iNodeValue>
    <m_iNodeSong>59 </m_iNodeSong>
    <m_iNodeDiff>3 </m_iNodeDiff>
    <m_iNodeKey>2 </m_iNodeKey>
    <m_iRewardType>0 </m_iRewardType>
    <m_iRewardValue>0 </m_iRewardValue>
    <m_iRewardGroup>0 </m_iRewardGroup>
    <m_iVersion>24010001 </m_iVersion>
    <m_iPlayStyle>0 </m_iPlayStyle>
</MapConfig_Client>
<MapConfig_Client version="1">
    <m_iFloorID>168 </m_iFloorID>
    <m_iTimeLimitID>10104 </m_iTimeLimitID>
    <m_iNeedFriendNum>0 </m_iNeedFriendNum>
    <m_iNeedPassID>0x0 </m_iNeedPassID>
    <m_iID>18 </m_iID>
    <m_iNoteType>27 </m_iNoteType>
    <m_iNodeValue>75 </m_iNodeValue>
    <m_iNodeSong>175 </m_iNodeSong>
    <m_iNodeDiff>3 </m_iNodeDiff>
    <m_iNodeKey>1 </m_iNodeKey>
    <m_iRewardType>0 </m_iRewardType>
    <m_iRewardValue>0 </m_iRewardValue>
    <m_iRewardGroup>0 </m_iRewardGroup>
    <m_iVersion>24010001 </m_iVersion>
    <m_iPlayStyle>0 </m_iPlayStyle>
</MapConfig_Client>
<MapConfig_Client version="1">
    <m_iFloorID>169 </m_iFloorID>
    <m_iTimeLimitID>10104 </m_iTimeLimitID>
    <m_iNeedFriendNum>0 </m_iNeedFriendNum>
    <m_iNeedPassID>0x0 </m_iNeedPassID>
    <m_iID>19 </m_iID>
    <m_iNoteType>19 </m_iNoteType>
    <m_iNodeValue>85 </m_iNodeValue>
    <m_iNodeSong>317 </m_iNodeSong>
    <m_iNodeDiff>3 </m_iNodeDiff>
    <m_iNodeKey>1 </m_iNodeKey>
    <m_iRewardType>0 </m_iRewardType>
    <m_iRewardValue>0 </m_iRewardValue>
    <m_iRewardGroup>0 </m_iRewardGroup>
    <m_iVersion>24010001 </m_iVersion>
    <m_iPlayStyle>3 </m_iPlayStyle>
</MapConfig_Client>
<MapConfig_Client version="1">
    <m_iFloorID>170 </m_iFloorID>
    <m_iTimeLimitID>10104 </m_iTimeLimitID>
    <m_iNeedFriendNum>0 </m_iNeedFriendNum>
    <m_iNeedPassID>0x0 </m_iNeedPassID>
    <m_iID>20 </m_iID>
    <m_iNoteType>7 </m_iNoteType>
    <m_iNodeValue>5 </m_iNodeValue>
    <m_iNodeSong>97 </m_iNodeSong>
    <m_iNodeDiff>3 </m_iNodeDiff>
    <m_iNodeKey>1 </m_iNodeKey>
    <m_iRewardType>1 </m_iRewardType>
    <m_iRewardValue>0 </m_iRewardValue>
    <m_iRewardGroup>13 </m_iRewardGroup>
    <m_iVersion>24010001 </m_iVersion>
    <m_iPlayStyle>0 </m_iPlayStyle>
</MapConfig_Client>
</MapConfig_Client_Tab>