<?xml version="1.0" encoding="UTF-8" standalone="yes" ?>
<MarketActConfig_Client_Tab>
<TResHeadAll version="5">
    <resHead type="TResHead">
        <Magic>1397052237 </Magic>
        <Version>6 </Version>
        <Unit>152 </Unit>
        <Count>49 </Count>
        <MetalibHash>aaaaaaaaaaaaaaaaaaaaaaaaaaaaaaaa</MetalibHash>
        <ResVersion>0 </ResVersion>
        <CreateTime>   0-00-00 00:00:00</CreateTime>
        <ResEncording>UTF-8</ResEncording>
        <ContentHash>3f0eb10560f47495efda9f0668b51193</ContentHash>
    </resHead>
    <resHeadExt type="TResHeadExt">
        <DataOffset>136 </DataOffset>
    </resHeadExt>
</TResHeadAll>
<MarketActConfig_Client version="1">
    <m_ushMarketActID>0 </m_ushMarketActID>
    <m_szDescription>0运营活动描述</m_szDescription>
    <m_ucRewardNumber>0x0 </m_ucRewardNumber>
</MarketActConfig_Client>
<MarketActConfig_Client version="1">
    <m_ushMarketActID>88 </m_ushMarketActID>
    <m_szDescription>沃卡用户奖励</m_szDescription>
    <m_ucRewardNumber>0x2 </m_ucRewardNumber>
    <m_astReward type="MarketActReward">
        <m_ucRewardType>0x1 </m_ucRewardType>
        <m_ushRewardID>0 </m_ushRewardID>
        <m_iRewardValue>500 </m_iRewardValue>
    </m_astReward>
    <m_astReward type="MarketActReward">
        <m_ucRewardType>0x2 </m_ucRewardType>
        <m_ushRewardID>0 </m_ushRewardID>
        <m_iRewardValue>5 </m_iRewardValue>
    </m_astReward>
</MarketActConfig_Client>
<MarketActConfig_Client version="1">
    <m_ushMarketActID>89 </m_ushMarketActID>
    <m_szDescription>三星用户首次登录豪华礼包1</m_szDescription>
    <m_ucRewardNumber>0x2 </m_ucRewardNumber>
    <m_astReward type="MarketActReward">
        <m_ucRewardType>0x7 </m_ucRewardType>
        <m_ushRewardID>0 </m_ushRewardID>
        <m_iRewardValue>160 </m_iRewardValue>
    </m_astReward>
    <m_astReward type="MarketActReward">
        <m_ucRewardType>0x1 </m_ucRewardType>
        <m_ushRewardID>0 </m_ushRewardID>
        <m_iRewardValue>800 </m_iRewardValue>
    </m_astReward>
</MarketActConfig_Client>
<MarketActConfig_Client version="1">
    <m_ushMarketActID>90 </m_ushMarketActID>
    <m_szDescription>三星用户首次登录豪华礼包2</m_szDescription>
    <m_ucRewardNumber>0x2 </m_ucRewardNumber>
    <m_astReward type="MarketActReward">
        <m_ucRewardType>0x5 </m_ucRewardType>
        <m_ushRewardID>406 </m_ushRewardID>
        <m_iRewardValue>406 </m_iRewardValue>
    </m_astReward>
    <m_astReward type="MarketActReward">
        <m_ucRewardType>0x5 </m_ucRewardType>
        <m_ushRewardID>403 </m_ushRewardID>
        <m_iRewardValue>403 </m_iRewardValue>
    </m_astReward>
</MarketActConfig_Client>
<MarketActConfig_Client version="1">
    <m_ushMarketActID>999 </m_ushMarketActID>
    <m_szDescription>更新版本送奖励</m_szDescription>
    <m_ucRewardNumber>0x1 </m_ucRewardNumber>
    <m_astReward type="MarketActReward">
        <m_ucRewardType>0x7 </m_ucRewardType>
        <m_ushRewardID>0 </m_ushRewardID>
        <m_iRewardValue>68 </m_iRewardValue>
    </m_astReward>
</MarketActConfig_Client>
<MarketActConfig_Client version="1">
    <m_ushMarketActID>1000 </m_ushMarketActID>
    <m_szDescription>更新版本送奖励</m_szDescription>
    <m_ucRewardNumber>0x1 </m_ucRewardNumber>
    <m_astReward type="MarketActReward">
        <m_ucRewardType>0x7 </m_ucRewardType>
        <m_ushRewardID>0 </m_ushRewardID>
        <m_iRewardValue>68 </m_iRewardValue>
    </m_astReward>
</MarketActConfig_Client>
<MarketActConfig_Client version="1">
    <m_ushMarketActID>1006 </m_ushMarketActID>
    <m_szDescription>更新版本送奖励</m_szDescription>
    <m_ucRewardNumber>0x1 </m_ucRewardNumber>
    <m_astReward type="MarketActReward">
        <m_ucRewardType>0x7 </m_ucRewardType>
        <m_ushRewardID>0 </m_ushRewardID>
        <m_iRewardValue>88 </m_iRewardValue>
    </m_astReward>
</MarketActConfig_Client>
<MarketActConfig_Client version="1">
    <m_ushMarketActID>2724 </m_ushMarketActID>
    <m_szDescription>1月11日登录活动奖励</m_szDescription>
    <m_ucRewardNumber>0x1 </m_ucRewardNumber>
    <m_astReward type="MarketActReward">
        <m_ucRewardType>0x5 </m_ucRewardType>
        <m_ushRewardID>1 </m_ushRewardID>
        <m_iRewardValue>1 </m_iRewardValue>
    </m_astReward>
</MarketActConfig_Client>
<MarketActConfig_Client version="1">
    <m_ushMarketActID>2725 </m_ushMarketActID>
    <m_szDescription>1月12日登录活动奖励</m_szDescription>
    <m_ucRewardNumber>0x1 </m_ucRewardNumber>
    <m_astReward type="MarketActReward">
        <m_ucRewardType>0x5 </m_ucRewardType>
        <m_ushRewardID>6 </m_ushRewardID>
        <m_iRewardValue>6 </m_iRewardValue>
    </m_astReward>
</MarketActConfig_Client>
<MarketActConfig_Client version="1">
    <m_ushMarketActID>2726 </m_ushMarketActID>
    <m_szDescription>1月13日登录活动奖励</m_szDescription>
    <m_ucRewardNumber>0x1 </m_ucRewardNumber>
    <m_astReward type="MarketActReward">
        <m_ucRewardType>0xa </m_ucRewardType>
        <m_ushRewardID>11005 </m_ushRewardID>
        <m_iRewardValue>1 </m_iRewardValue>
    </m_astReward>
</MarketActConfig_Client>
<MarketActConfig_Client version="1">
    <m_ushMarketActID>2727 </m_ushMarketActID>
    <m_szDescription>完成任意3首歌曲获赠奖励</m_szDescription>
    <m_ucRewardNumber>0x2 </m_ucRewardNumber>
    <m_astReward type="MarketActReward">
        <m_ucRewardType>0x5 </m_ucRewardType>
        <m_ushRewardID>8 </m_ushRewardID>
        <m_iRewardValue>8 </m_iRewardValue>
    </m_astReward>
    <m_astReward type="MarketActReward">
        <m_ucRewardType>0x2 </m_ucRewardType>
        <m_ushRewardID>0 </m_ushRewardID>
        <m_iRewardValue>5 </m_iRewardValue>
    </m_astReward>
</MarketActConfig_Client>
<MarketActConfig_Client version="1">
    <m_ushMarketActID>2728 </m_ushMarketActID>
    <m_szDescription>完成任意5首歌曲获赠奖励</m_szDescription>
    <m_ucRewardNumber>0x1 </m_ucRewardNumber>
    <m_astReward type="MarketActReward">
        <m_ucRewardType>0xb </m_ucRewardType>
        <m_ushRewardID>0 </m_ushRewardID>
        <m_iRewardValue>188 </m_iRewardValue>
    </m_astReward>
</MarketActConfig_Client>
<MarketActConfig_Client version="1">
    <m_ushMarketActID>2729 </m_ushMarketActID>
    <m_szDescription>好友齐闯关3首歌达到A获赠奖励</m_szDescription>
    <m_ucRewardNumber>0x1 </m_ucRewardNumber>
    <m_astReward type="MarketActReward">
        <m_ucRewardType>0x5 </m_ucRewardType>
        <m_ushRewardID>2 </m_ushRewardID>
        <m_iRewardValue>2 </m_iRewardValue>
    </m_astReward>
</MarketActConfig_Client>
<MarketActConfig_Client version="1">
    <m_ushMarketActID>2730 </m_ushMarketActID>
    <m_szDescription>好友齐闯关8首歌达到A获赠奖励</m_szDescription>
    <m_ucRewardNumber>0x1 </m_ucRewardNumber>
    <m_astReward type="MarketActReward">
        <m_ucRewardType>0x5 </m_ucRewardType>
        <m_ushRewardID>6 </m_ushRewardID>
        <m_iRewardValue>6 </m_iRewardValue>
    </m_astReward>
</MarketActConfig_Client>
<MarketActConfig_Client version="1">
    <m_ushMarketActID>2731 </m_ushMarketActID>
    <m_szDescription>好友齐闯关15首歌达到A获赠奖励</m_szDescription>
    <m_ucRewardNumber>0x1 </m_ucRewardNumber>
    <m_astReward type="MarketActReward">
        <m_ucRewardType>0x7 </m_ucRewardType>
        <m_ushRewardID>0 </m_ushRewardID>
        <m_iRewardValue>20 </m_iRewardValue>
    </m_astReward>
</MarketActConfig_Client>
<MarketActConfig_Client version="1">
    <m_ushMarketActID>2732 </m_ushMarketActID>
    <m_szDescription>打1次极限模式送奖励</m_szDescription>
    <m_ucRewardNumber>0x1 </m_ucRewardNumber>
    <m_astReward type="MarketActReward">
        <m_ucRewardType>0x5 </m_ucRewardType>
        <m_ushRewardID>1 </m_ushRewardID>
        <m_iRewardValue>1 </m_iRewardValue>
    </m_astReward>
</MarketActConfig_Client>
<MarketActConfig_Client version="1">
    <m_ushMarketActID>2733 </m_ushMarketActID>
    <m_szDescription>打3次极限模式送奖励</m_szDescription>
    <m_ucRewardNumber>0x1 </m_ucRewardNumber>
    <m_astReward type="MarketActReward">
        <m_ucRewardType>0x5 </m_ucRewardType>
        <m_ushRewardID>10 </m_ushRewardID>
        <m_iRewardValue>10 </m_iRewardValue>
    </m_astReward>
</MarketActConfig_Client>
<MarketActConfig_Client version="1">
    <m_ushMarketActID>2734 </m_ushMarketActID>
    <m_szDescription>1月18日登录活动奖励</m_szDescription>
    <m_ucRewardNumber>0x1 </m_ucRewardNumber>
    <m_astReward type="MarketActReward">
        <m_ucRewardType>0x1 </m_ucRewardType>
        <m_ushRewardID>0 </m_ushRewardID>
        <m_iRewardValue>119 </m_iRewardValue>
    </m_astReward>
</MarketActConfig_Client>
<MarketActConfig_Client version="1">
    <m_ushMarketActID>2735 </m_ushMarketActID>
    <m_szDescription>1月19日登录活动奖励</m_szDescription>
    <m_ucRewardNumber>0x1 </m_ucRewardNumber>
    <m_astReward type="MarketActReward">
        <m_ucRewardType>0x5 </m_ucRewardType>
        <m_ushRewardID>1 </m_ushRewardID>
        <m_iRewardValue>1 </m_iRewardValue>
    </m_astReward>
</MarketActConfig_Client>
<MarketActConfig_Client version="1">
    <m_ushMarketActID>2736 </m_ushMarketActID>
    <m_szDescription>1月20日登录活动奖励</m_szDescription>
    <m_ucRewardNumber>0x1 </m_ucRewardNumber>
    <m_astReward type="MarketActReward">
        <m_ucRewardType>0xa </m_ucRewardType>
        <m_ushRewardID>10501 </m_ushRewardID>
        <m_iRewardValue>1 </m_iRewardValue>
    </m_astReward>
</MarketActConfig_Client>
<MarketActConfig_Client version="1">
    <m_ushMarketActID>2737 </m_ushMarketActID>
    <m_szDescription>累计闯过1关获赠奖励</m_szDescription>
    <m_ucRewardNumber>0x2 </m_ucRewardNumber>
    <m_astReward type="MarketActReward">
        <m_ucRewardType>0x5 </m_ucRewardType>
        <m_ushRewardID>8 </m_ushRewardID>
        <m_iRewardValue>8 </m_iRewardValue>
    </m_astReward>
    <m_astReward type="MarketActReward">
        <m_ucRewardType>0x2 </m_ucRewardType>
        <m_ushRewardID>0 </m_ushRewardID>
        <m_iRewardValue>3 </m_iRewardValue>
    </m_astReward>
</MarketActConfig_Client>
<MarketActConfig_Client version="1">
    <m_ushMarketActID>2738 </m_ushMarketActID>
    <m_szDescription>累计闯过3关获赠奖励</m_szDescription>
    <m_ucRewardNumber>0x1 </m_ucRewardNumber>
    <m_astReward type="MarketActReward">
        <m_ucRewardType>0xb </m_ucRewardType>
        <m_ushRewardID>0 </m_ushRewardID>
        <m_iRewardValue>128 </m_iRewardValue>
    </m_astReward>
</MarketActConfig_Client>
<MarketActConfig_Client version="1">
    <m_ushMarketActID>2739 </m_ushMarketActID>
    <m_szDescription>累计闯过5关获赠奖励</m_szDescription>
    <m_ucRewardNumber>0x1 </m_ucRewardNumber>
    <m_astReward type="MarketActReward">
        <m_ucRewardType>0x5 </m_ucRewardType>
        <m_ushRewardID>6 </m_ushRewardID>
        <m_iRewardValue>6 </m_iRewardValue>
    </m_astReward>
</MarketActConfig_Client>
<MarketActConfig_Client version="1">
    <m_ushMarketActID>2740 </m_ushMarketActID>
    <m_szDescription>好友齐闯关完成第6关获赠奖励</m_szDescription>
    <m_ucRewardNumber>0x1 </m_ucRewardNumber>
    <m_astReward type="MarketActReward">
        <m_ucRewardType>0x5 </m_ucRewardType>
        <m_ushRewardID>2 </m_ushRewardID>
        <m_iRewardValue>2 </m_iRewardValue>
    </m_astReward>
</MarketActConfig_Client>
<MarketActConfig_Client version="1">
    <m_ushMarketActID>2741 </m_ushMarketActID>
    <m_szDescription>好友齐闯关完成第12关获赠奖励</m_szDescription>
    <m_ucRewardNumber>0x1 </m_ucRewardNumber>
    <m_astReward type="MarketActReward">
        <m_ucRewardType>0x5 </m_ucRewardType>
        <m_ushRewardID>10 </m_ushRewardID>
        <m_iRewardValue>10 </m_iRewardValue>
    </m_astReward>
</MarketActConfig_Client>
<MarketActConfig_Client version="1">
    <m_ushMarketActID>2742 </m_ushMarketActID>
    <m_szDescription>好友齐闯关完成第20关获赠奖励</m_szDescription>
    <m_ucRewardNumber>0x1 </m_ucRewardNumber>
    <m_astReward type="MarketActReward">
        <m_ucRewardType>0x7 </m_ucRewardType>
        <m_ushRewardID>0 </m_ushRewardID>
        <m_iRewardValue>20 </m_iRewardValue>
    </m_astReward>
</MarketActConfig_Client>
<MarketActConfig_Client version="1">
    <m_ushMarketActID>2743 </m_ushMarketActID>
    <m_szDescription>PK任意房间参与3次获赠</m_szDescription>
    <m_ucRewardNumber>0x1 </m_ucRewardNumber>
    <m_astReward type="MarketActReward">
        <m_ucRewardType>0x1 </m_ucRewardType>
        <m_ushRewardID>0 </m_ushRewardID>
        <m_iRewardValue>88 </m_iRewardValue>
    </m_astReward>
</MarketActConfig_Client>
<MarketActConfig_Client version="1">
    <m_ushMarketActID>2744 </m_ushMarketActID>
    <m_szDescription>PK任意房间胜利3次获赠奖励</m_szDescription>
    <m_ucRewardNumber>0x2 </m_ucRewardNumber>
    <m_astReward type="MarketActReward">
        <m_ucRewardType>0x1 </m_ucRewardType>
        <m_ushRewardID>0 </m_ushRewardID>
        <m_iRewardValue>166 </m_iRewardValue>
    </m_astReward>
    <m_astReward type="MarketActReward">
        <m_ucRewardType>0x5 </m_ucRewardType>
        <m_ushRewardID>1 </m_ushRewardID>
        <m_iRewardValue>1 </m_iRewardValue>
    </m_astReward>
</MarketActConfig_Client>
<MarketActConfig_Client version="1">
    <m_ushMarketActID>2745 </m_ushMarketActID>
    <m_szDescription>1月25日登录活动奖励</m_szDescription>
    <m_ucRewardNumber>0x1 </m_ucRewardNumber>
    <m_astReward type="MarketActReward">
        <m_ucRewardType>0x5 </m_ucRewardType>
        <m_ushRewardID>2 </m_ushRewardID>
        <m_iRewardValue>2 </m_iRewardValue>
    </m_astReward>
</MarketActConfig_Client>
<MarketActConfig_Client version="1">
    <m_ushMarketActID>2746 </m_ushMarketActID>
    <m_szDescription>1月26日登录活动奖励</m_szDescription>
    <m_ucRewardNumber>0x1 </m_ucRewardNumber>
    <m_astReward type="MarketActReward">
        <m_ucRewardType>0x5 </m_ucRewardType>
        <m_ushRewardID>1 </m_ushRewardID>
        <m_iRewardValue>1 </m_iRewardValue>
    </m_astReward>
</MarketActConfig_Client>
<MarketActConfig_Client version="1">
    <m_ushMarketActID>2747 </m_ushMarketActID>
    <m_szDescription>1月27日登录活动奖励</m_szDescription>
    <m_ucRewardNumber>0x1 </m_ucRewardNumber>
    <m_astReward type="MarketActReward">
        <m_ucRewardType>0xa </m_ucRewardType>
        <m_ushRewardID>11601 </m_ushRewardID>
        <m_iRewardValue>1 </m_iRewardValue>
    </m_astReward>
</MarketActConfig_Client>
<MarketActConfig_Client version="1">
    <m_ushMarketActID>2748 </m_ushMarketActID>
    <m_szDescription>完成任意3首歌曲获赠奖励</m_szDescription>
    <m_ucRewardNumber>0x2 </m_ucRewardNumber>
    <m_astReward type="MarketActReward">
        <m_ucRewardType>0x5 </m_ucRewardType>
        <m_ushRewardID>403 </m_ushRewardID>
        <m_iRewardValue>403 </m_iRewardValue>
    </m_astReward>
    <m_astReward type="MarketActReward">
        <m_ucRewardType>0x2 </m_ucRewardType>
        <m_ushRewardID>0 </m_ushRewardID>
        <m_iRewardValue>5 </m_iRewardValue>
    </m_astReward>
</MarketActConfig_Client>
<MarketActConfig_Client version="1">
    <m_ushMarketActID>2749 </m_ushMarketActID>
    <m_szDescription>完成任意5首歌曲获赠奖励</m_szDescription>
    <m_ucRewardNumber>0x1 </m_ucRewardNumber>
    <m_astReward type="MarketActReward">
        <m_ucRewardType>0xb </m_ucRewardType>
        <m_ushRewardID>0 </m_ushRewardID>
        <m_iRewardValue>128 </m_iRewardValue>
    </m_astReward>
</MarketActConfig_Client>
<MarketActConfig_Client version="1">
    <m_ushMarketActID>2750 </m_ushMarketActID>
    <m_szDescription>好友齐闯关3首歌达到A获赠奖励</m_szDescription>
    <m_ucRewardNumber>0x1 </m_ucRewardNumber>
    <m_astReward type="MarketActReward">
        <m_ucRewardType>0xb </m_ucRewardType>
        <m_ushRewardID>0 </m_ushRewardID>
        <m_iRewardValue>128 </m_iRewardValue>
    </m_astReward>
</MarketActConfig_Client>
<MarketActConfig_Client version="1">
    <m_ushMarketActID>2751 </m_ushMarketActID>
    <m_szDescription>好友齐闯关8首歌达到A获赠奖励</m_szDescription>
    <m_ucRewardNumber>0x1 </m_ucRewardNumber>
    <m_astReward type="MarketActReward">
        <m_ucRewardType>0x5 </m_ucRewardType>
        <m_ushRewardID>10 </m_ushRewardID>
        <m_iRewardValue>10 </m_iRewardValue>
    </m_astReward>
</MarketActConfig_Client>
<MarketActConfig_Client version="1">
    <m_ushMarketActID>2752 </m_ushMarketActID>
    <m_szDescription>好友齐闯关15首歌达到A获赠奖励</m_szDescription>
    <m_ucRewardNumber>0x1 </m_ucRewardNumber>
    <m_astReward type="MarketActReward">
        <m_ucRewardType>0x7 </m_ucRewardType>
        <m_ushRewardID>0 </m_ushRewardID>
        <m_iRewardValue>20 </m_iRewardValue>
    </m_astReward>
</MarketActConfig_Client>
<MarketActConfig_Client version="1">
    <m_ushMarketActID>2753 </m_ushMarketActID>
    <m_szDescription>打1次极限模式送奖励</m_szDescription>
    <m_ucRewardNumber>0x1 </m_ucRewardNumber>
    <m_astReward type="MarketActReward">
        <m_ucRewardType>0x5 </m_ucRewardType>
        <m_ushRewardID>403 </m_ushRewardID>
        <m_iRewardValue>403 </m_iRewardValue>
    </m_astReward>
</MarketActConfig_Client>
<MarketActConfig_Client version="1">
    <m_ushMarketActID>2754 </m_ushMarketActID>
    <m_szDescription>打3次极限模式送奖励</m_szDescription>
    <m_ucRewardNumber>0x1 </m_ucRewardNumber>
    <m_astReward type="MarketActReward">
        <m_ucRewardType>0x5 </m_ucRewardType>
        <m_ushRewardID>10 </m_ushRewardID>
        <m_iRewardValue>10 </m_iRewardValue>
    </m_astReward>
</MarketActConfig_Client>
<MarketActConfig_Client version="1">
    <m_ushMarketActID>2755 </m_ushMarketActID>
    <m_szDescription>2月1日登录活动奖励</m_szDescription>
    <m_ucRewardNumber>0x1 </m_ucRewardNumber>
    <m_astReward type="MarketActReward">
        <m_ucRewardType>0x1 </m_ucRewardType>
        <m_ushRewardID>0 </m_ushRewardID>
        <m_iRewardValue>99 </m_iRewardValue>
    </m_astReward>
</MarketActConfig_Client>
<MarketActConfig_Client version="1">
    <m_ushMarketActID>2756 </m_ushMarketActID>
    <m_szDescription>2月2日登录活动奖励</m_szDescription>
    <m_ucRewardNumber>0x1 </m_ucRewardNumber>
    <m_astReward type="MarketActReward">
        <m_ucRewardType>0x5 </m_ucRewardType>
        <m_ushRewardID>6 </m_ushRewardID>
        <m_iRewardValue>6 </m_iRewardValue>
    </m_astReward>
</MarketActConfig_Client>
<MarketActConfig_Client version="1">
    <m_ushMarketActID>2757 </m_ushMarketActID>
    <m_szDescription>2月3日登录活动奖励</m_szDescription>
    <m_ucRewardNumber>0x1 </m_ucRewardNumber>
    <m_astReward type="MarketActReward">
        <m_ucRewardType>0xa </m_ucRewardType>
        <m_ushRewardID>11004 </m_ushRewardID>
        <m_iRewardValue>1 </m_iRewardValue>
    </m_astReward>
</MarketActConfig_Client>
<MarketActConfig_Client version="1">
    <m_ushMarketActID>2758 </m_ushMarketActID>
    <m_szDescription>累计闯过1关获赠奖励</m_szDescription>
    <m_ucRewardNumber>0x2 </m_ucRewardNumber>
    <m_astReward type="MarketActReward">
        <m_ucRewardType>0x2 </m_ucRewardType>
        <m_ushRewardID>0 </m_ushRewardID>
        <m_iRewardValue>3 </m_iRewardValue>
    </m_astReward>
    <m_astReward type="MarketActReward">
        <m_ucRewardType>0x5 </m_ucRewardType>
        <m_ushRewardID>6 </m_ushRewardID>
        <m_iRewardValue>6 </m_iRewardValue>
    </m_astReward>
</MarketActConfig_Client>
<MarketActConfig_Client version="1">
    <m_ushMarketActID>2759 </m_ushMarketActID>
    <m_szDescription>累计闯过3关获赠奖励</m_szDescription>
    <m_ucRewardNumber>0x1 </m_ucRewardNumber>
    <m_astReward type="MarketActReward">
        <m_ucRewardType>0xb </m_ucRewardType>
        <m_ushRewardID>0 </m_ushRewardID>
        <m_iRewardValue>128 </m_iRewardValue>
    </m_astReward>
</MarketActConfig_Client>
<MarketActConfig_Client version="1">
    <m_ushMarketActID>2760 </m_ushMarketActID>
    <m_szDescription>累计闯过5关获赠奖励</m_szDescription>
    <m_ucRewardNumber>0x1 </m_ucRewardNumber>
    <m_astReward type="MarketActReward">
        <m_ucRewardType>0x5 </m_ucRewardType>
        <m_ushRewardID>10 </m_ushRewardID>
        <m_iRewardValue>10 </m_iRewardValue>
    </m_astReward>
</MarketActConfig_Client>
<MarketActConfig_Client version="1">
    <m_ushMarketActID>2761 </m_ushMarketActID>
    <m_szDescription>好友齐闯关完成第6关获赠奖励</m_szDescription>
    <m_ucRewardNumber>0x1 </m_ucRewardNumber>
    <m_astReward type="MarketActReward">
        <m_ucRewardType>0x5 </m_ucRewardType>
        <m_ushRewardID>8 </m_ushRewardID>
        <m_iRewardValue>8 </m_iRewardValue>
    </m_astReward>
</MarketActConfig_Client>
<MarketActConfig_Client version="1">
    <m_ushMarketActID>2762 </m_ushMarketActID>
    <m_szDescription>好友齐闯关完成第12关获赠奖励</m_szDescription>
    <m_ucRewardNumber>0x1 </m_ucRewardNumber>
    <m_astReward type="MarketActReward">
        <m_ucRewardType>0x5 </m_ucRewardType>
        <m_ushRewardID>10 </m_ushRewardID>
        <m_iRewardValue>10 </m_iRewardValue>
    </m_astReward>
</MarketActConfig_Client>
<MarketActConfig_Client version="1">
    <m_ushMarketActID>2763 </m_ushMarketActID>
    <m_szDescription>好友齐闯关完成第20关获赠奖励</m_szDescription>
    <m_ucRewardNumber>0x1 </m_ucRewardNumber>
    <m_astReward type="MarketActReward">
        <m_ucRewardType>0x7 </m_ucRewardType>
        <m_ushRewardID>0 </m_ushRewardID>
        <m_iRewardValue>20 </m_iRewardValue>
    </m_astReward>
</MarketActConfig_Client>
<MarketActConfig_Client version="1">
    <m_ushMarketActID>2764 </m_ushMarketActID>
    <m_szDescription>PK任意房间参与3次获赠</m_szDescription>
    <m_ucRewardNumber>0x1 </m_ucRewardNumber>
    <m_astReward type="MarketActReward">
        <m_ucRewardType>0x1 </m_ucRewardType>
        <m_ushRewardID>0 </m_ushRewardID>
        <m_iRewardValue>88 </m_iRewardValue>
    </m_astReward>
</MarketActConfig_Client>
<MarketActConfig_Client version="1">
    <m_ushMarketActID>2765 </m_ushMarketActID>
    <m_szDescription>PK任意房间胜利3次获赠奖励</m_szDescription>
    <m_ucRewardNumber>0x2 </m_ucRewardNumber>
    <m_astReward type="MarketActReward">
        <m_ucRewardType>0x1 </m_ucRewardType>
        <m_ushRewardID>0 </m_ushRewardID>
        <m_iRewardValue>188 </m_iRewardValue>
    </m_astReward>
    <m_astReward type="MarketActReward">
        <m_ucRewardType>0x5 </m_ucRewardType>
        <m_ushRewardID>10 </m_ushRewardID>
        <m_iRewardValue>10 </m_iRewardValue>
    </m_astReward>
</MarketActConfig_Client>
</MarketActConfig_Client_Tab>