<?xml version="1.0" encoding="UTF-8" standalone="yes" ?>
<MissionConfig_Client_Tab>
<TResHeadAll version="5">
    <resHead type="TResHead">
        <Magic>1397052237 </Magic>
        <Version>6 </Version>
        <Unit>415 </Unit>
        <Count>12 </Count>
        <MetalibHash>aaaaaaaaaaaaaaaaaaaaaaaaaaaaaaaa</MetalibHash>
        <ResVersion>0 </ResVersion>
        <CreateTime>   0-00-00 00:00:00</CreateTime>
        <ResEncording>UTF-8</ResEncording>
        <ContentHash>2d274c65c6c355f97019bd3499c37516</ContentHash>
    </resHead>
    <resHeadExt type="TResHeadExt">
        <DataOffset>136 </DataOffset>
    </resHeadExt>
</TResHeadAll>
<MissionConfig_Client version="1">
    <m_iMissionID>1 </m_iMissionID>
    <m_szTitle>乐享旋律</m_szTitle>
    <m_iIconID>22 </m_iIconID>
    <m_szDiffDesc>普通</m_szDiffDesc>
    <m_szDiffColor>ffffd200</m_szDiffColor>
    <m_szBeginTime>2018-01-11 00:00:00</m_szBeginTime>
    <m_szEndTime>2019-01-17 23:59:00</m_szEndTime>
    <m_iStartFloor>4166 </m_iStartFloor>
    <m_iEndFloor>4170 </m_iEndFloor>
    <m_ucResetable>1 </m_ucResetable>
    <m_iResetCost>100 </m_iResetCost>
    <m_ucRewardType>0x1 </m_ucRewardType>
    <m_ucIsNew>0x1 </m_ucIsNew>
    <m_iSeqID>0 </m_iSeqID>
    <m_ucGameType>0x0 </m_ucGameType>
</MissionConfig_Client>
<MissionConfig_Client version="1">
    <m_iMissionID>2 </m_iMissionID>
    <m_szTitle>周末大挑战</m_szTitle>
    <m_iIconID>8 </m_iIconID>
    <m_szDiffDesc>高级</m_szDiffDesc>
    <m_szDiffColor>ffff6600</m_szDiffColor>
    <m_szBeginTime>2018-01-11 00:00:01</m_szBeginTime>
    <m_szEndTime>2019-01-13 23:59:00</m_szEndTime>
    <m_iStartFloor>4171 </m_iStartFloor>
    <m_iEndFloor>4175 </m_iEndFloor>
    <m_ucResetable>1 </m_ucResetable>
    <m_iResetCost>100 </m_iResetCost>
    <m_ucRewardType>0x1 </m_ucRewardType>
    <m_ucIsNew>0x1 </m_ucIsNew>
    <m_iSeqID>0 </m_iSeqID>
    <m_ucGameType>0x0 </m_ucGameType>
</MissionConfig_Client>
<MissionConfig_Client version="1">
    <m_iMissionID>3 </m_iMissionID>
    <m_szTitle>玩转原创</m_szTitle>
    <m_iIconID>10 </m_iIconID>
    <m_szDiffDesc>进阶</m_szDiffDesc>
    <m_szDiffColor>fff00022</m_szDiffColor>
    <m_szBeginTime>2018-01-11 00:00:02</m_szBeginTime>
    <m_szEndTime>2019-01-17 23:59:00</m_szEndTime>
    <m_iStartFloor>4176 </m_iStartFloor>
    <m_iEndFloor>4180 </m_iEndFloor>
    <m_ucResetable>1 </m_ucResetable>
    <m_iResetCost>100 </m_iResetCost>
    <m_ucRewardType>0x1 </m_ucRewardType>
    <m_ucIsNew>0x1 </m_ucIsNew>
    <m_iSeqID>0 </m_iSeqID>
    <m_ucGameType>0x0 </m_ucGameType>
</MissionConfig_Client>
<MissionConfig_Client version="1">
    <m_iMissionID>4 </m_iMissionID>
    <m_szTitle>律动节奏（星动）</m_szTitle>
    <m_iIconID>17 </m_iIconID>
    <m_szDiffDesc>普通</m_szDiffDesc>
    <m_szDiffColor>ffffd200</m_szDiffColor>
    <m_szBeginTime>2018-01-11 00:00:03</m_szBeginTime>
    <m_szEndTime>2019-01-17 23:59:00</m_szEndTime>
    <m_iStartFloor>4181 </m_iStartFloor>
    <m_iEndFloor>4185 </m_iEndFloor>
    <m_ucResetable>1 </m_ucResetable>
    <m_iResetCost>100 </m_iResetCost>
    <m_ucRewardType>0x1 </m_ucRewardType>
    <m_ucIsNew>0x1 </m_ucIsNew>
    <m_iSeqID>0 </m_iSeqID>
    <m_ucGameType>0x1 </m_ucGameType>
</MissionConfig_Client>
<MissionConfig_Client version="1">
    <m_iMissionID>5 </m_iMissionID>
    <m_szTitle>乐享旋律</m_szTitle>
    <m_iIconID>22 </m_iIconID>
    <m_szDiffDesc>普通</m_szDiffDesc>
    <m_szDiffColor>ffffd200</m_szDiffColor>
    <m_szBeginTime>2018-01-11 00:00:04</m_szBeginTime>
    <m_szEndTime>2019-01-24 23:59:00</m_szEndTime>
    <m_iStartFloor>4186 </m_iStartFloor>
    <m_iEndFloor>4190 </m_iEndFloor>
    <m_ucResetable>1 </m_ucResetable>
    <m_iResetCost>100 </m_iResetCost>
    <m_ucRewardType>0x1 </m_ucRewardType>
    <m_ucIsNew>0x1 </m_ucIsNew>
    <m_iSeqID>0 </m_iSeqID>
    <m_ucGameType>0x0 </m_ucGameType>
</MissionConfig_Client>
<MissionConfig_Client version="1">
    <m_iMissionID>6 </m_iMissionID>
    <m_szTitle>周末大挑战</m_szTitle>
    <m_iIconID>8 </m_iIconID>
    <m_szDiffDesc>普通</m_szDiffDesc>
    <m_szDiffColor>ffffd200</m_szDiffColor>
    <m_szBeginTime>2018-01-11 00:00:05</m_szBeginTime>
    <m_szEndTime>2019-01-20 23:59:00</m_szEndTime>
    <m_iStartFloor>4191 </m_iStartFloor>
    <m_iEndFloor>4195 </m_iEndFloor>
    <m_ucResetable>1 </m_ucResetable>
    <m_iResetCost>100 </m_iResetCost>
    <m_ucRewardType>0x1 </m_ucRewardType>
    <m_ucIsNew>0x1 </m_ucIsNew>
    <m_iSeqID>0 </m_iSeqID>
    <m_ucGameType>0x0 </m_ucGameType>
</MissionConfig_Client>
<MissionConfig_Client version="1">
    <m_iMissionID>7 </m_iMissionID>
    <m_szTitle>韩日精选</m_szTitle>
    <m_iIconID>47 </m_iIconID>
    <m_szDiffDesc>进阶</m_szDiffDesc>
    <m_szDiffColor>fff00022</m_szDiffColor>
    <m_szBeginTime>2018-01-11 00:00:06</m_szBeginTime>
    <m_szEndTime>2019-01-24 23:59:00</m_szEndTime>
    <m_iStartFloor>4196 </m_iStartFloor>
    <m_iEndFloor>4200 </m_iEndFloor>
    <m_ucResetable>1 </m_ucResetable>
    <m_iResetCost>100 </m_iResetCost>
    <m_ucRewardType>0x1 </m_ucRewardType>
    <m_ucIsNew>0x1 </m_ucIsNew>
    <m_iSeqID>0 </m_iSeqID>
    <m_ucGameType>0x0 </m_ucGameType>
</MissionConfig_Client>
<MissionConfig_Client version="1">
    <m_iMissionID>8 </m_iMissionID>
    <m_szTitle>律动节奏（星动）</m_szTitle>
    <m_iIconID>17 </m_iIconID>
    <m_szDiffDesc>普通</m_szDiffDesc>
    <m_szDiffColor>ffffd200</m_szDiffColor>
    <m_szBeginTime>2018-01-11 00:00:07</m_szBeginTime>
    <m_szEndTime>2019-01-24 23:59:00</m_szEndTime>
    <m_iStartFloor>4201 </m_iStartFloor>
    <m_iEndFloor>4205 </m_iEndFloor>
    <m_ucResetable>1 </m_ucResetable>
    <m_iResetCost>100 </m_iResetCost>
    <m_ucRewardType>0x1 </m_ucRewardType>
    <m_ucIsNew>0x1 </m_ucIsNew>
    <m_iSeqID>0 </m_iSeqID>
    <m_ucGameType>0x1 </m_ucGameType>
</MissionConfig_Client>
<MissionConfig_Client version="1">
    <m_iMissionID>9 </m_iMissionID>
    <m_szTitle>乐享旋律</m_szTitle>
    <m_iIconID>22 </m_iIconID>
    <m_szDiffDesc>普通</m_szDiffDesc>
    <m_szDiffColor>ffffd200</m_szDiffColor>
    <m_szBeginTime>2018-01-11 00:00:08</m_szBeginTime>
    <m_szEndTime>2019-01-31 23:59:00</m_szEndTime>
    <m_iStartFloor>4206 </m_iStartFloor>
    <m_iEndFloor>4210 </m_iEndFloor>
    <m_ucResetable>1 </m_ucResetable>
    <m_iResetCost>100 </m_iResetCost>
    <m_ucRewardType>0x1 </m_ucRewardType>
    <m_ucIsNew>0x1 </m_ucIsNew>
    <m_iSeqID>0 </m_iSeqID>
    <m_ucGameType>0x0 </m_ucGameType>
</MissionConfig_Client>
<MissionConfig_Client version="1">
    <m_iMissionID>10 </m_iMissionID>
    <m_szTitle>周末大挑战</m_szTitle>
    <m_iIconID>8 </m_iIconID>
    <m_szDiffDesc>高级</m_szDiffDesc>
    <m_szDiffColor>ffff6600</m_szDiffColor>
    <m_szBeginTime>2018-01-11 00:00:09</m_szBeginTime>
    <m_szEndTime>2019-01-27 23:59:00</m_szEndTime>
    <m_iStartFloor>4211 </m_iStartFloor>
    <m_iEndFloor>4215 </m_iEndFloor>
    <m_ucResetable>1 </m_ucResetable>
    <m_iResetCost>100 </m_iResetCost>
    <m_ucRewardType>0x1 </m_ucRewardType>
    <m_ucIsNew>0x1 </m_ucIsNew>
    <m_iSeqID>0 </m_iSeqID>
    <m_ucGameType>0x0 </m_ucGameType>
</MissionConfig_Client>
<MissionConfig_Client version="1">
    <m_iMissionID>11 </m_iMissionID>
    <m_szTitle>挑战隐藏歌曲</m_szTitle>
    <m_iIconID>13 </m_iIconID>
    <m_szDiffDesc>进阶</m_szDiffDesc>
    <m_szDiffColor>fff00022</m_szDiffColor>
    <m_szBeginTime>2018-01-11 00:00:10</m_szBeginTime>
    <m_szEndTime>2019-01-31 23:59:00</m_szEndTime>
    <m_iStartFloor>4216 </m_iStartFloor>
    <m_iEndFloor>4220 </m_iEndFloor>
    <m_ucResetable>1 </m_ucResetable>
    <m_iResetCost>100 </m_iResetCost>
    <m_ucRewardType>0x1 </m_ucRewardType>
    <m_ucIsNew>0x1 </m_ucIsNew>
    <m_iSeqID>0 </m_iSeqID>
    <m_ucGameType>0x0 </m_ucGameType>
</MissionConfig_Client>
<MissionConfig_Client version="1">
    <m_iMissionID>12 </m_iMissionID>
    <m_szTitle>律动节奏（星动）</m_szTitle>
    <m_iIconID>17 </m_iIconID>
    <m_szDiffDesc>普通</m_szDiffDesc>
    <m_szDiffColor>ffffd200</m_szDiffColor>
    <m_szBeginTime>2018-01-11 00:00:11</m_szBeginTime>
    <m_szEndTime>2019-01-31 23:59:00</m_szEndTime>
    <m_iStartFloor>4221 </m_iStartFloor>
    <m_iEndFloor>4225 </m_iEndFloor>
    <m_ucResetable>1 </m_ucResetable>
    <m_iResetCost>100 </m_iResetCost>
    <m_ucRewardType>0x1 </m_ucRewardType>
    <m_ucIsNew>0x1 </m_ucIsNew>
    <m_iSeqID>0 </m_iSeqID>
    <m_ucGameType>0x1 </m_ucGameType>
</MissionConfig_Client>
</MissionConfig_Client_Tab>