<?xml version="1.0" encoding="utf-8" standalone="yes" ?>
<TableCfg_Tab>
  <TableCfg>
    <ver>276</ver>
  </TableCfg>
  <TableInfo>
	<TableName>mrock.floornode_client.xml</TableName>
	<WebPrior>1</WebPrior>
  </TableInfo>
  <TableInfo>
	<TableName>mrock_match_client.xml</TableName>
	<WebPrior>1</WebPrior>
  </TableInfo>
  <TableInfo>
	<TableName>mrock_match_division_client.xml</TableName>
	<WebPrior>1</WebPrior>
  </TableInfo>
  <TableInfo>
	<TableName>mrock_SongPkg_client.xml</TableName>
	<WebPrior>1</WebPrior>
  </TableInfo>
  <TableInfo>
	<TableName>mrock.floorreward_client.xml</TableName>
	<WebPrior>1</WebPrior>
  </TableInfo>
  <TableInfo>
	<TableName>mrock.active_client.xml</TableName>
	<WebPrior>1</WebPrior>
  </TableInfo>
  <TableInfo>
	<TableName>errno_main_client.xml</TableName>
	<WebPrior>1</WebPrior>
  </TableInfo>
  <TableInfo>
	<TableName>mrock_txt_client.xml</TableName>
	<WebPrior>1</WebPrior>
  </TableInfo>
  <TableInfo>
	<TableName>mrock.innerpublicnotify_client.xml</TableName>
	<WebPrior>1</WebPrior>
  </TableInfo>
  <TableInfo>
	<TableName>mrock.marketact_client.xml</TableName>
	<WebPrior>1</WebPrior>
  </TableInfo>
  <TableInfo>
	<TableName>mrock_song_client.xml</TableName>
	<WebPrior>1</WebPrior>
  </TableInfo>
    <TableInfo>
	<TableName>mrock.mission_client.xml</TableName>
	<WebPrior>1</WebPrior>
  </TableInfo>
    <TableInfo>
	<TableName>mrock.innerrace_client.xml</TableName>
	<WebPrior>1</WebPrior>
  </TableInfo>
    <TableInfo>
	<TableName>mrock_papasong_client.xml</TableName>
	<WebPrior>1</WebPrior>
  </TableInfo>
    <TableInfo>
	<TableName>mrock_buy_client.xml</TableName>
	<WebPrior>1</WebPrior>
  </TableInfo>
</TableCfg_Tab>