<?xml version="1.0" encoding="UTF-8" standalone="yes" ?>
<MapConfig_Client_Tab>
<TResHeadAll version="5">
    <resHead type="TResHead">
        <Magic>1397052237 </Magic>
        <Version>6 </Version>
        <Unit>57 </Unit>
        <Count>81 </Count>
        <MetalibHash>aaaaaaaaaaaaaaaaaaaaaaaaaaaaaaaa</MetalibHash>
        <ResVersion>0 </ResVersion>
        <CreateTime>   0-00-00 00:00:00</CreateTime>
        <ResEncording>UTF-8</ResEncording>
        <ContentHash>85333e6971ac5cd4900f95f85b9a924e</ContentHash>
    </resHead>
    <resHeadExt type="TResHeadExt">
        <DataOffset>136 </DataOffset>
    </resHeadExt>
</TResHeadAll>
<MapConfig_Client version="1">
    <m_iFloorID>0 </m_iFloorID>
    <m_iTimeLimitID>0 </m_iTimeLimitID>
    <m_iNeedFriendNum>0 </m_iNeedFriendNum>
    <m_iNeedPassID>0x0 </m_iNeedPassID>
    <m_iID>0 </m_iID>
    <m_iNoteType>0 </m_iNoteType>
    <m_iNodeValue>0 </m_iNodeValue>
    <m_iNodeSong>0 </m_iNodeSong>
    <m_iNodeDiff>0 </m_iNodeDiff>
    <m_iNodeKey>0 </m_iNodeKey>
    <m_iRewardType>0 </m_iRewardType>
    <m_iRewardValue>0 </m_iRewardValue>
    <m_iRewardGroup>0 </m_iRewardGroup>
    <m_iVersion>0 </m_iVersion>
    <m_iPlayStyle>0 </m_iPlayStyle>
</MapConfig_Client>
<MapConfig_Client version="1">
    <m_iFloorID>1 </m_iFloorID>
    <m_iTimeLimitID>10101 </m_iTimeLimitID>
    <m_iNeedFriendNum>0 </m_iNeedFriendNum>
    <m_iNeedPassID>0x0 </m_iNeedPassID>
    <m_iID>1 </m_iID>
    <m_iNoteType>7 </m_iNoteType>
    <m_iNodeValue>3 </m_iNodeValue>
    <m_iNodeSong>475 </m_iNodeSong>
    <m_iNodeDiff>1 </m_iNodeDiff>
    <m_iNodeKey>2 </m_iNodeKey>
    <m_iRewardType>1 </m_iRewardType>
    <m_iRewardValue>0 </m_iRewardValue>
    <m_iRewardGroup>4 </m_iRewardGroup>
    <m_iVersion>24010001 </m_iVersion>
    <m_iPlayStyle>0 </m_iPlayStyle>
</MapConfig_Client>
<MapConfig_Client version="1">
    <m_iFloorID>2 </m_iFloorID>
    <m_iTimeLimitID>10101 </m_iTimeLimitID>
    <m_iNeedFriendNum>0 </m_iNeedFriendNum>
    <m_iNeedPassID>0x0 </m_iNeedPassID>
    <m_iID>2 </m_iID>
    <m_iNoteType>15 </m_iNoteType>
    <m_iNodeValue>0 </m_iNodeValue>
    <m_iNodeSong>30 </m_iNodeSong>
    <m_iNodeDiff>2 </m_iNodeDiff>
    <m_iNodeKey>1 </m_iNodeKey>
    <m_iRewardType>0 </m_iRewardType>
    <m_iRewardValue>0 </m_iRewardValue>
    <m_iRewardGroup>0 </m_iRewardGroup>
    <m_iVersion>24010001 </m_iVersion>
    <m_iPlayStyle>0 </m_iPlayStyle>
</MapConfig_Client>
<MapConfig_Client version="1">
    <m_iFloorID>3 </m_iFloorID>
    <m_iTimeLimitID>10101 </m_iTimeLimitID>
    <m_iNeedFriendNum>0 </m_iNeedFriendNum>
    <m_iNeedPassID>0x0 </m_iNeedPassID>
    <m_iID>3 </m_iID>
    <m_iNoteType>9 </m_iNoteType>
    <m_iNodeValue>15 </m_iNodeValue>
    <m_iNodeSong>253 </m_iNodeSong>
    <m_iNodeDiff>2 </m_iNodeDiff>
    <m_iNodeKey>1 </m_iNodeKey>
    <m_iRewardType>0 </m_iRewardType>
    <m_iRewardValue>0 </m_iRewardValue>
    <m_iRewardGroup>0 </m_iRewardGroup>
    <m_iVersion>24010001 </m_iVersion>
    <m_iPlayStyle>0 </m_iPlayStyle>
</MapConfig_Client>
<MapConfig_Client version="1">
    <m_iFloorID>4 </m_iFloorID>
    <m_iTimeLimitID>10101 </m_iTimeLimitID>
    <m_iNeedFriendNum>0 </m_iNeedFriendNum>
    <m_iNeedPassID>0x0 </m_iNeedPassID>
    <m_iID>4 </m_iID>
    <m_iNoteType>3 </m_iNoteType>
    <m_iNodeValue>80 </m_iNodeValue>
    <m_iNodeSong>82 </m_iNodeSong>
    <m_iNodeDiff>2 </m_iNodeDiff>
    <m_iNodeKey>2 </m_iNodeKey>
    <m_iRewardType>0 </m_iRewardType>
    <m_iRewardValue>0 </m_iRewardValue>
    <m_iRewardGroup>0 </m_iRewardGroup>
    <m_iVersion>24010001 </m_iVersion>
    <m_iPlayStyle>0 </m_iPlayStyle>
</MapConfig_Client>
<MapConfig_Client version="1">
    <m_iFloorID>5 </m_iFloorID>
    <m_iTimeLimitID>10101 </m_iTimeLimitID>
    <m_iNeedFriendNum>0 </m_iNeedFriendNum>
    <m_iNeedPassID>0x0 </m_iNeedPassID>
    <m_iID>5 </m_iID>
    <m_iNoteType>7 </m_iNoteType>
    <m_iNodeValue>3 </m_iNodeValue>
    <m_iNodeSong>485 </m_iNodeSong>
    <m_iNodeDiff>2 </m_iNodeDiff>
    <m_iNodeKey>2 </m_iNodeKey>
    <m_iRewardType>1 </m_iRewardType>
    <m_iRewardValue>0 </m_iRewardValue>
    <m_iRewardGroup>5 </m_iRewardGroup>
    <m_iVersion>24010001 </m_iVersion>
    <m_iPlayStyle>0 </m_iPlayStyle>
</MapConfig_Client>
<MapConfig_Client version="1">
    <m_iFloorID>6 </m_iFloorID>
    <m_iTimeLimitID>10101 </m_iTimeLimitID>
    <m_iNeedFriendNum>0 </m_iNeedFriendNum>
    <m_iNeedPassID>0x0 </m_iNeedPassID>
    <m_iID>6 </m_iID>
    <m_iNoteType>27 </m_iNoteType>
    <m_iNodeValue>50 </m_iNodeValue>
    <m_iNodeSong>358 </m_iNodeSong>
    <m_iNodeDiff>2 </m_iNodeDiff>
    <m_iNodeKey>1 </m_iNodeKey>
    <m_iRewardType>0 </m_iRewardType>
    <m_iRewardValue>0 </m_iRewardValue>
    <m_iRewardGroup>0 </m_iRewardGroup>
    <m_iVersion>24010001 </m_iVersion>
    <m_iPlayStyle>0 </m_iPlayStyle>
</MapConfig_Client>
<MapConfig_Client version="1">
    <m_iFloorID>7 </m_iFloorID>
    <m_iTimeLimitID>10101 </m_iTimeLimitID>
    <m_iNeedFriendNum>0 </m_iNeedFriendNum>
    <m_iNeedPassID>0x0 </m_iNeedPassID>
    <m_iID>7 </m_iID>
    <m_iNoteType>7 </m_iNoteType>
    <m_iNodeValue>4 </m_iNodeValue>
    <m_iNodeSong>92 </m_iNodeSong>
    <m_iNodeDiff>2 </m_iNodeDiff>
    <m_iNodeKey>2 </m_iNodeKey>
    <m_iRewardType>0 </m_iRewardType>
    <m_iRewardValue>0 </m_iRewardValue>
    <m_iRewardGroup>0 </m_iRewardGroup>
    <m_iVersion>24010001 </m_iVersion>
    <m_iPlayStyle>0 </m_iPlayStyle>
</MapConfig_Client>
<MapConfig_Client version="1">
    <m_iFloorID>8 </m_iFloorID>
    <m_iTimeLimitID>10101 </m_iTimeLimitID>
    <m_iNeedFriendNum>0 </m_iNeedFriendNum>
    <m_iNeedPassID>0x0 </m_iNeedPassID>
    <m_iID>8 </m_iID>
    <m_iNoteType>19 </m_iNoteType>
    <m_iNodeValue>70 </m_iNodeValue>
    <m_iNodeSong>108 </m_iNodeSong>
    <m_iNodeDiff>3 </m_iNodeDiff>
    <m_iNodeKey>1 </m_iNodeKey>
    <m_iRewardType>0 </m_iRewardType>
    <m_iRewardValue>0 </m_iRewardValue>
    <m_iRewardGroup>0 </m_iRewardGroup>
    <m_iVersion>24010001 </m_iVersion>
    <m_iPlayStyle>0 </m_iPlayStyle>
</MapConfig_Client>
<MapConfig_Client version="1">
    <m_iFloorID>9 </m_iFloorID>
    <m_iTimeLimitID>10101 </m_iTimeLimitID>
    <m_iNeedFriendNum>0 </m_iNeedFriendNum>
    <m_iNeedPassID>0x0 </m_iNeedPassID>
    <m_iID>9 </m_iID>
    <m_iNoteType>9 </m_iNoteType>
    <m_iNodeValue>10 </m_iNodeValue>
    <m_iNodeSong>374 </m_iNodeSong>
    <m_iNodeDiff>2 </m_iNodeDiff>
    <m_iNodeKey>1 </m_iNodeKey>
    <m_iRewardType>0 </m_iRewardType>
    <m_iRewardValue>0 </m_iRewardValue>
    <m_iRewardGroup>0 </m_iRewardGroup>
    <m_iVersion>24010001 </m_iVersion>
    <m_iPlayStyle>0 </m_iPlayStyle>
</MapConfig_Client>
<MapConfig_Client version="1">
    <m_iFloorID>10 </m_iFloorID>
    <m_iTimeLimitID>10101 </m_iTimeLimitID>
    <m_iNeedFriendNum>0 </m_iNeedFriendNum>
    <m_iNeedPassID>0x0 </m_iNeedPassID>
    <m_iID>10 </m_iID>
    <m_iNoteType>18 </m_iNoteType>
    <m_iNodeValue>0 </m_iNodeValue>
    <m_iNodeSong>482 </m_iNodeSong>
    <m_iNodeDiff>2 </m_iNodeDiff>
    <m_iNodeKey>1 </m_iNodeKey>
    <m_iRewardType>1 </m_iRewardType>
    <m_iRewardValue>0 </m_iRewardValue>
    <m_iRewardGroup>6 </m_iRewardGroup>
    <m_iVersion>24010001 </m_iVersion>
    <m_iPlayStyle>0 </m_iPlayStyle>
</MapConfig_Client>
<MapConfig_Client version="1">
    <m_iFloorID>11 </m_iFloorID>
    <m_iTimeLimitID>10101 </m_iTimeLimitID>
    <m_iNeedFriendNum>0 </m_iNeedFriendNum>
    <m_iNeedPassID>0x0 </m_iNeedPassID>
    <m_iID>11 </m_iID>
    <m_iNoteType>7 </m_iNoteType>
    <m_iNodeValue>4 </m_iNodeValue>
    <m_iNodeSong>128 </m_iNodeSong>
    <m_iNodeDiff>3 </m_iNodeDiff>
    <m_iNodeKey>2 </m_iNodeKey>
    <m_iRewardType>0 </m_iRewardType>
    <m_iRewardValue>0 </m_iRewardValue>
    <m_iRewardGroup>0 </m_iRewardGroup>
    <m_iVersion>24010001 </m_iVersion>
    <m_iPlayStyle>0 </m_iPlayStyle>
</MapConfig_Client>
<MapConfig_Client version="1">
    <m_iFloorID>12 </m_iFloorID>
    <m_iTimeLimitID>10101 </m_iTimeLimitID>
    <m_iNeedFriendNum>0 </m_iNeedFriendNum>
    <m_iNeedPassID>0x0 </m_iNeedPassID>
    <m_iID>12 </m_iID>
    <m_iNoteType>27 </m_iNoteType>
    <m_iNodeValue>60 </m_iNodeValue>
    <m_iNodeSong>477 </m_iNodeSong>
    <m_iNodeDiff>3 </m_iNodeDiff>
    <m_iNodeKey>2 </m_iNodeKey>
    <m_iRewardType>0 </m_iRewardType>
    <m_iRewardValue>0 </m_iRewardValue>
    <m_iRewardGroup>0 </m_iRewardGroup>
    <m_iVersion>24010001 </m_iVersion>
    <m_iPlayStyle>0 </m_iPlayStyle>
</MapConfig_Client>
<MapConfig_Client version="1">
    <m_iFloorID>13 </m_iFloorID>
    <m_iTimeLimitID>10101 </m_iTimeLimitID>
    <m_iNeedFriendNum>0 </m_iNeedFriendNum>
    <m_iNeedPassID>0x0 </m_iNeedPassID>
    <m_iID>13 </m_iID>
    <m_iNoteType>19 </m_iNoteType>
    <m_iNodeValue>70 </m_iNodeValue>
    <m_iNodeSong>214 </m_iNodeSong>
    <m_iNodeDiff>3 </m_iNodeDiff>
    <m_iNodeKey>1 </m_iNodeKey>
    <m_iRewardType>0 </m_iRewardType>
    <m_iRewardValue>0 </m_iRewardValue>
    <m_iRewardGroup>0 </m_iRewardGroup>
    <m_iVersion>24010001 </m_iVersion>
    <m_iPlayStyle>0 </m_iPlayStyle>
</MapConfig_Client>
<MapConfig_Client version="1">
    <m_iFloorID>14 </m_iFloorID>
    <m_iTimeLimitID>10101 </m_iTimeLimitID>
    <m_iNeedFriendNum>0 </m_iNeedFriendNum>
    <m_iNeedPassID>0x0 </m_iNeedPassID>
    <m_iID>14 </m_iID>
    <m_iNoteType>11 </m_iNoteType>
    <m_iNodeValue>15 </m_iNodeValue>
    <m_iNodeSong>436 </m_iNodeSong>
    <m_iNodeDiff>3 </m_iNodeDiff>
    <m_iNodeKey>1 </m_iNodeKey>
    <m_iRewardType>0 </m_iRewardType>
    <m_iRewardValue>0 </m_iRewardValue>
    <m_iRewardGroup>0 </m_iRewardGroup>
    <m_iVersion>24010001 </m_iVersion>
    <m_iPlayStyle>0 </m_iPlayStyle>
</MapConfig_Client>
<MapConfig_Client version="1">
    <m_iFloorID>15 </m_iFloorID>
    <m_iTimeLimitID>10101 </m_iTimeLimitID>
    <m_iNeedFriendNum>0 </m_iNeedFriendNum>
    <m_iNeedPassID>0x0 </m_iNeedPassID>
    <m_iID>15 </m_iID>
    <m_iNoteType>7 </m_iNoteType>
    <m_iNodeValue>4 </m_iNodeValue>
    <m_iNodeSong>164 </m_iNodeSong>
    <m_iNodeDiff>3 </m_iNodeDiff>
    <m_iNodeKey>1 </m_iNodeKey>
    <m_iRewardType>1 </m_iRewardType>
    <m_iRewardValue>0 </m_iRewardValue>
    <m_iRewardGroup>7 </m_iRewardGroup>
    <m_iVersion>24010001 </m_iVersion>
    <m_iPlayStyle>0 </m_iPlayStyle>
</MapConfig_Client>
<MapConfig_Client version="1">
    <m_iFloorID>16 </m_iFloorID>
    <m_iTimeLimitID>10101 </m_iTimeLimitID>
    <m_iNeedFriendNum>0 </m_iNeedFriendNum>
    <m_iNeedPassID>0x0 </m_iNeedPassID>
    <m_iID>16 </m_iID>
    <m_iNoteType>11 </m_iNoteType>
    <m_iNodeValue>15 </m_iNodeValue>
    <m_iNodeSong>366 </m_iNodeSong>
    <m_iNodeDiff>3 </m_iNodeDiff>
    <m_iNodeKey>2 </m_iNodeKey>
    <m_iRewardType>0 </m_iRewardType>
    <m_iRewardValue>0 </m_iRewardValue>
    <m_iRewardGroup>0 </m_iRewardGroup>
    <m_iVersion>24010001 </m_iVersion>
    <m_iPlayStyle>0 </m_iPlayStyle>
</MapConfig_Client>
<MapConfig_Client version="1">
    <m_iFloorID>17 </m_iFloorID>
    <m_iTimeLimitID>10101 </m_iTimeLimitID>
    <m_iNeedFriendNum>0 </m_iNeedFriendNum>
    <m_iNeedPassID>0x0 </m_iNeedPassID>
    <m_iID>17 </m_iID>
    <m_iNoteType>27 </m_iNoteType>
    <m_iNodeValue>60 </m_iNodeValue>
    <m_iNodeSong>467 </m_iNodeSong>
    <m_iNodeDiff>3 </m_iNodeDiff>
    <m_iNodeKey>2 </m_iNodeKey>
    <m_iRewardType>0 </m_iRewardType>
    <m_iRewardValue>0 </m_iRewardValue>
    <m_iRewardGroup>0 </m_iRewardGroup>
    <m_iVersion>24010001 </m_iVersion>
    <m_iPlayStyle>0 </m_iPlayStyle>
</MapConfig_Client>
<MapConfig_Client version="1">
    <m_iFloorID>18 </m_iFloorID>
    <m_iTimeLimitID>10101 </m_iTimeLimitID>
    <m_iNeedFriendNum>0 </m_iNeedFriendNum>
    <m_iNeedPassID>0x0 </m_iNeedPassID>
    <m_iID>18 </m_iID>
    <m_iNoteType>18 </m_iNoteType>
    <m_iNodeValue>0 </m_iNodeValue>
    <m_iNodeSong>75 </m_iNodeSong>
    <m_iNodeDiff>3 </m_iNodeDiff>
    <m_iNodeKey>2 </m_iNodeKey>
    <m_iRewardType>0 </m_iRewardType>
    <m_iRewardValue>0 </m_iRewardValue>
    <m_iRewardGroup>0 </m_iRewardGroup>
    <m_iVersion>24010001 </m_iVersion>
    <m_iPlayStyle>0 </m_iPlayStyle>
</MapConfig_Client>
<MapConfig_Client version="1">
    <m_iFloorID>19 </m_iFloorID>
    <m_iTimeLimitID>10101 </m_iTimeLimitID>
    <m_iNeedFriendNum>0 </m_iNeedFriendNum>
    <m_iNeedPassID>0x0 </m_iNeedPassID>
    <m_iID>19 </m_iID>
    <m_iNoteType>14 </m_iNoteType>
    <m_iNodeValue>0 </m_iNodeValue>
    <m_iNodeSong>38 </m_iNodeSong>
    <m_iNodeDiff>3 </m_iNodeDiff>
    <m_iNodeKey>2 </m_iNodeKey>
    <m_iRewardType>0 </m_iRewardType>
    <m_iRewardValue>0 </m_iRewardValue>
    <m_iRewardGroup>0 </m_iRewardGroup>
    <m_iVersion>24010001 </m_iVersion>
    <m_iPlayStyle>2 </m_iPlayStyle>
</MapConfig_Client>
<MapConfig_Client version="1">
    <m_iFloorID>20 </m_iFloorID>
    <m_iTimeLimitID>10101 </m_iTimeLimitID>
    <m_iNeedFriendNum>0 </m_iNeedFriendNum>
    <m_iNeedPassID>0x0 </m_iNeedPassID>
    <m_iID>20 </m_iID>
    <m_iNoteType>19 </m_iNoteType>
    <m_iNodeValue>95 </m_iNodeValue>
    <m_iNodeSong>316 </m_iNodeSong>
    <m_iNodeDiff>3 </m_iNodeDiff>
    <m_iNodeKey>1 </m_iNodeKey>
    <m_iRewardType>1 </m_iRewardType>
    <m_iRewardValue>0 </m_iRewardValue>
    <m_iRewardGroup>13 </m_iRewardGroup>
    <m_iVersion>24010001 </m_iVersion>
    <m_iPlayStyle>0 </m_iPlayStyle>
</MapConfig_Client>
<MapConfig_Client version="1">
    <m_iFloorID>21 </m_iFloorID>
    <m_iTimeLimitID>10102 </m_iTimeLimitID>
    <m_iNeedFriendNum>0 </m_iNeedFriendNum>
    <m_iNeedPassID>0x0 </m_iNeedPassID>
    <m_iID>1 </m_iID>
    <m_iNoteType>9 </m_iNoteType>
    <m_iNodeValue>10 </m_iNodeValue>
    <m_iNodeSong>395 </m_iNodeSong>
    <m_iNodeDiff>1 </m_iNodeDiff>
    <m_iNodeKey>2 </m_iNodeKey>
    <m_iRewardType>1 </m_iRewardType>
    <m_iRewardValue>0 </m_iRewardValue>
    <m_iRewardGroup>4 </m_iRewardGroup>
    <m_iVersion>24010001 </m_iVersion>
    <m_iPlayStyle>0 </m_iPlayStyle>
</MapConfig_Client>
<MapConfig_Client version="1">
    <m_iFloorID>22 </m_iFloorID>
    <m_iTimeLimitID>10102 </m_iTimeLimitID>
    <m_iNeedFriendNum>0 </m_iNeedFriendNum>
    <m_iNeedPassID>0x0 </m_iNeedPassID>
    <m_iID>2 </m_iID>
    <m_iNoteType>7 </m_iNoteType>
    <m_iNodeValue>3 </m_iNodeValue>
    <m_iNodeSong>184 </m_iNodeSong>
    <m_iNodeDiff>1 </m_iNodeDiff>
    <m_iNodeKey>1 </m_iNodeKey>
    <m_iRewardType>0 </m_iRewardType>
    <m_iRewardValue>0 </m_iRewardValue>
    <m_iRewardGroup>0 </m_iRewardGroup>
    <m_iVersion>24010001 </m_iVersion>
    <m_iPlayStyle>0 </m_iPlayStyle>
</MapConfig_Client>
<MapConfig_Client version="1">
    <m_iFloorID>23 </m_iFloorID>
    <m_iTimeLimitID>10102 </m_iTimeLimitID>
    <m_iNeedFriendNum>0 </m_iNeedFriendNum>
    <m_iNeedPassID>0x0 </m_iNeedPassID>
    <m_iID>3 </m_iID>
    <m_iNoteType>19 </m_iNoteType>
    <m_iNodeValue>85 </m_iNodeValue>
    <m_iNodeSong>232 </m_iNodeSong>
    <m_iNodeDiff>2 </m_iNodeDiff>
    <m_iNodeKey>2 </m_iNodeKey>
    <m_iRewardType>0 </m_iRewardType>
    <m_iRewardValue>0 </m_iRewardValue>
    <m_iRewardGroup>0 </m_iRewardGroup>
    <m_iVersion>24010001 </m_iVersion>
    <m_iPlayStyle>0 </m_iPlayStyle>
</MapConfig_Client>
<MapConfig_Client version="1">
    <m_iFloorID>24 </m_iFloorID>
    <m_iTimeLimitID>10102 </m_iTimeLimitID>
    <m_iNeedFriendNum>0 </m_iNeedFriendNum>
    <m_iNeedPassID>0x0 </m_iNeedPassID>
    <m_iID>4 </m_iID>
    <m_iNoteType>7 </m_iNoteType>
    <m_iNodeValue>4 </m_iNodeValue>
    <m_iNodeSong>542 </m_iNodeSong>
    <m_iNodeDiff>2 </m_iNodeDiff>
    <m_iNodeKey>1 </m_iNodeKey>
    <m_iRewardType>0 </m_iRewardType>
    <m_iRewardValue>0 </m_iRewardValue>
    <m_iRewardGroup>0 </m_iRewardGroup>
    <m_iVersion>24010001 </m_iVersion>
    <m_iPlayStyle>0 </m_iPlayStyle>
</MapConfig_Client>
<MapConfig_Client version="1">
    <m_iFloorID>25 </m_iFloorID>
    <m_iTimeLimitID>10102 </m_iTimeLimitID>
    <m_iNeedFriendNum>0 </m_iNeedFriendNum>
    <m_iNeedPassID>0x0 </m_iNeedPassID>
    <m_iID>5 </m_iID>
    <m_iNoteType>11 </m_iNoteType>
    <m_iNodeValue>3 </m_iNodeValue>
    <m_iNodeSong>415 </m_iNodeSong>
    <m_iNodeDiff>2 </m_iNodeDiff>
    <m_iNodeKey>2 </m_iNodeKey>
    <m_iRewardType>1 </m_iRewardType>
    <m_iRewardValue>0 </m_iRewardValue>
    <m_iRewardGroup>5 </m_iRewardGroup>
    <m_iVersion>24010001 </m_iVersion>
    <m_iPlayStyle>0 </m_iPlayStyle>
</MapConfig_Client>
<MapConfig_Client version="1">
    <m_iFloorID>26 </m_iFloorID>
    <m_iTimeLimitID>10102 </m_iTimeLimitID>
    <m_iNeedFriendNum>0 </m_iNeedFriendNum>
    <m_iNeedPassID>0x0 </m_iNeedPassID>
    <m_iID>6 </m_iID>
    <m_iNoteType>7 </m_iNoteType>
    <m_iNodeValue>5 </m_iNodeValue>
    <m_iNodeSong>170 </m_iNodeSong>
    <m_iNodeDiff>2 </m_iNodeDiff>
    <m_iNodeKey>1 </m_iNodeKey>
    <m_iRewardType>0 </m_iRewardType>
    <m_iRewardValue>0 </m_iRewardValue>
    <m_iRewardGroup>0 </m_iRewardGroup>
    <m_iVersion>24010001 </m_iVersion>
    <m_iPlayStyle>0 </m_iPlayStyle>
</MapConfig_Client>
<MapConfig_Client version="1">
    <m_iFloorID>27 </m_iFloorID>
    <m_iTimeLimitID>10102 </m_iTimeLimitID>
    <m_iNeedFriendNum>0 </m_iNeedFriendNum>
    <m_iNeedPassID>0x0 </m_iNeedPassID>
    <m_iID>7 </m_iID>
    <m_iNoteType>19 </m_iNoteType>
    <m_iNodeValue>98 </m_iNodeValue>
    <m_iNodeSong>425 </m_iNodeSong>
    <m_iNodeDiff>2 </m_iNodeDiff>
    <m_iNodeKey>2 </m_iNodeKey>
    <m_iRewardType>0 </m_iRewardType>
    <m_iRewardValue>0 </m_iRewardValue>
    <m_iRewardGroup>0 </m_iRewardGroup>
    <m_iVersion>24010001 </m_iVersion>
    <m_iPlayStyle>0 </m_iPlayStyle>
</MapConfig_Client>
<MapConfig_Client version="1">
    <m_iFloorID>28 </m_iFloorID>
    <m_iTimeLimitID>10102 </m_iTimeLimitID>
    <m_iNeedFriendNum>0 </m_iNeedFriendNum>
    <m_iNeedPassID>0x0 </m_iNeedPassID>
    <m_iID>8 </m_iID>
    <m_iNoteType>14 </m_iNoteType>
    <m_iNodeValue>0 </m_iNodeValue>
    <m_iNodeSong>361 </m_iNodeSong>
    <m_iNodeDiff>2 </m_iNodeDiff>
    <m_iNodeKey>1 </m_iNodeKey>
    <m_iRewardType>0 </m_iRewardType>
    <m_iRewardValue>0 </m_iRewardValue>
    <m_iRewardGroup>0 </m_iRewardGroup>
    <m_iVersion>24010001 </m_iVersion>
    <m_iPlayStyle>0 </m_iPlayStyle>
</MapConfig_Client>
<MapConfig_Client version="1">
    <m_iFloorID>29 </m_iFloorID>
    <m_iTimeLimitID>10102 </m_iTimeLimitID>
    <m_iNeedFriendNum>0 </m_iNeedFriendNum>
    <m_iNeedPassID>0x0 </m_iNeedPassID>
    <m_iID>9 </m_iID>
    <m_iNoteType>7 </m_iNoteType>
    <m_iNodeValue>4 </m_iNodeValue>
    <m_iNodeSong>278 </m_iNodeSong>
    <m_iNodeDiff>3 </m_iNodeDiff>
    <m_iNodeKey>1 </m_iNodeKey>
    <m_iRewardType>0 </m_iRewardType>
    <m_iRewardValue>0 </m_iRewardValue>
    <m_iRewardGroup>0 </m_iRewardGroup>
    <m_iVersion>24010001 </m_iVersion>
    <m_iPlayStyle>0 </m_iPlayStyle>
</MapConfig_Client>
<MapConfig_Client version="1">
    <m_iFloorID>30 </m_iFloorID>
    <m_iTimeLimitID>10102 </m_iTimeLimitID>
    <m_iNeedFriendNum>0 </m_iNeedFriendNum>
    <m_iNeedPassID>0x0 </m_iNeedPassID>
    <m_iID>10 </m_iID>
    <m_iNoteType>11 </m_iNoteType>
    <m_iNodeValue>3 </m_iNodeValue>
    <m_iNodeSong>54 </m_iNodeSong>
    <m_iNodeDiff>2 </m_iNodeDiff>
    <m_iNodeKey>1 </m_iNodeKey>
    <m_iRewardType>1 </m_iRewardType>
    <m_iRewardValue>0 </m_iRewardValue>
    <m_iRewardGroup>6 </m_iRewardGroup>
    <m_iVersion>24010001 </m_iVersion>
    <m_iPlayStyle>0 </m_iPlayStyle>
</MapConfig_Client>
<MapConfig_Client version="1">
    <m_iFloorID>31 </m_iFloorID>
    <m_iTimeLimitID>10102 </m_iTimeLimitID>
    <m_iNeedFriendNum>0 </m_iNeedFriendNum>
    <m_iNeedPassID>0x0 </m_iNeedPassID>
    <m_iID>11 </m_iID>
    <m_iNoteType>7 </m_iNoteType>
    <m_iNodeValue>5 </m_iNodeValue>
    <m_iNodeSong>479 </m_iNodeSong>
    <m_iNodeDiff>3 </m_iNodeDiff>
    <m_iNodeKey>2 </m_iNodeKey>
    <m_iRewardType>0 </m_iRewardType>
    <m_iRewardValue>0 </m_iRewardValue>
    <m_iRewardGroup>0 </m_iRewardGroup>
    <m_iVersion>24010001 </m_iVersion>
    <m_iPlayStyle>0 </m_iPlayStyle>
</MapConfig_Client>
<MapConfig_Client version="1">
    <m_iFloorID>32 </m_iFloorID>
    <m_iTimeLimitID>10102 </m_iTimeLimitID>
    <m_iNeedFriendNum>0 </m_iNeedFriendNum>
    <m_iNeedPassID>0x0 </m_iNeedPassID>
    <m_iID>12 </m_iID>
    <m_iNoteType>14 </m_iNoteType>
    <m_iNodeValue>0 </m_iNodeValue>
    <m_iNodeSong>75 </m_iNodeSong>
    <m_iNodeDiff>1 </m_iNodeDiff>
    <m_iNodeKey>1 </m_iNodeKey>
    <m_iRewardType>0 </m_iRewardType>
    <m_iRewardValue>0 </m_iRewardValue>
    <m_iRewardGroup>0 </m_iRewardGroup>
    <m_iVersion>24010001 </m_iVersion>
    <m_iPlayStyle>0 </m_iPlayStyle>
</MapConfig_Client>
<MapConfig_Client version="1">
    <m_iFloorID>33 </m_iFloorID>
    <m_iTimeLimitID>10102 </m_iTimeLimitID>
    <m_iNeedFriendNum>0 </m_iNeedFriendNum>
    <m_iNeedPassID>0x0 </m_iNeedPassID>
    <m_iID>13 </m_iID>
    <m_iNoteType>19 </m_iNoteType>
    <m_iNodeValue>85 </m_iNodeValue>
    <m_iNodeSong>153 </m_iNodeSong>
    <m_iNodeDiff>2 </m_iNodeDiff>
    <m_iNodeKey>2 </m_iNodeKey>
    <m_iRewardType>0 </m_iRewardType>
    <m_iRewardValue>0 </m_iRewardValue>
    <m_iRewardGroup>0 </m_iRewardGroup>
    <m_iVersion>24010001 </m_iVersion>
    <m_iPlayStyle>0 </m_iPlayStyle>
</MapConfig_Client>
<MapConfig_Client version="1">
    <m_iFloorID>34 </m_iFloorID>
    <m_iTimeLimitID>10102 </m_iTimeLimitID>
    <m_iNeedFriendNum>0 </m_iNeedFriendNum>
    <m_iNeedPassID>0x0 </m_iNeedPassID>
    <m_iID>14 </m_iID>
    <m_iNoteType>7 </m_iNoteType>
    <m_iNodeValue>4 </m_iNodeValue>
    <m_iNodeSong>5 </m_iNodeSong>
    <m_iNodeDiff>3 </m_iNodeDiff>
    <m_iNodeKey>2 </m_iNodeKey>
    <m_iRewardType>0 </m_iRewardType>
    <m_iRewardValue>0 </m_iRewardValue>
    <m_iRewardGroup>0 </m_iRewardGroup>
    <m_iVersion>24010001 </m_iVersion>
    <m_iPlayStyle>0 </m_iPlayStyle>
</MapConfig_Client>
<MapConfig_Client version="1">
    <m_iFloorID>35 </m_iFloorID>
    <m_iTimeLimitID>10102 </m_iTimeLimitID>
    <m_iNeedFriendNum>0 </m_iNeedFriendNum>
    <m_iNeedPassID>0x0 </m_iNeedPassID>
    <m_iID>15 </m_iID>
    <m_iNoteType>27 </m_iNoteType>
    <m_iNodeValue>85 </m_iNodeValue>
    <m_iNodeSong>269 </m_iNodeSong>
    <m_iNodeDiff>3 </m_iNodeDiff>
    <m_iNodeKey>1 </m_iNodeKey>
    <m_iRewardType>1 </m_iRewardType>
    <m_iRewardValue>0 </m_iRewardValue>
    <m_iRewardGroup>7 </m_iRewardGroup>
    <m_iVersion>24010001 </m_iVersion>
    <m_iPlayStyle>0 </m_iPlayStyle>
</MapConfig_Client>
<MapConfig_Client version="1">
    <m_iFloorID>36 </m_iFloorID>
    <m_iTimeLimitID>10102 </m_iTimeLimitID>
    <m_iNeedFriendNum>0 </m_iNeedFriendNum>
    <m_iNeedPassID>0x0 </m_iNeedPassID>
    <m_iID>16 </m_iID>
    <m_iNoteType>7 </m_iNoteType>
    <m_iNodeValue>6 </m_iNodeValue>
    <m_iNodeSong>363 </m_iNodeSong>
    <m_iNodeDiff>3 </m_iNodeDiff>
    <m_iNodeKey>2 </m_iNodeKey>
    <m_iRewardType>0 </m_iRewardType>
    <m_iRewardValue>0 </m_iRewardValue>
    <m_iRewardGroup>0 </m_iRewardGroup>
    <m_iVersion>24010001 </m_iVersion>
    <m_iPlayStyle>0 </m_iPlayStyle>
</MapConfig_Client>
<MapConfig_Client version="1">
    <m_iFloorID>37 </m_iFloorID>
    <m_iTimeLimitID>10102 </m_iTimeLimitID>
    <m_iNeedFriendNum>0 </m_iNeedFriendNum>
    <m_iNeedPassID>0x0 </m_iNeedPassID>
    <m_iID>17 </m_iID>
    <m_iNoteType>18 </m_iNoteType>
    <m_iNodeValue>0 </m_iNodeValue>
    <m_iNodeSong>538 </m_iNodeSong>
    <m_iNodeDiff>3 </m_iNodeDiff>
    <m_iNodeKey>2 </m_iNodeKey>
    <m_iRewardType>0 </m_iRewardType>
    <m_iRewardValue>0 </m_iRewardValue>
    <m_iRewardGroup>0 </m_iRewardGroup>
    <m_iVersion>24010001 </m_iVersion>
    <m_iPlayStyle>0 </m_iPlayStyle>
</MapConfig_Client>
<MapConfig_Client version="1">
    <m_iFloorID>38 </m_iFloorID>
    <m_iTimeLimitID>10102 </m_iTimeLimitID>
    <m_iNeedFriendNum>0 </m_iNeedFriendNum>
    <m_iNeedPassID>0x0 </m_iNeedPassID>
    <m_iID>18 </m_iID>
    <m_iNoteType>14 </m_iNoteType>
    <m_iNodeValue>0 </m_iNodeValue>
    <m_iNodeSong>383 </m_iNodeSong>
    <m_iNodeDiff>3 </m_iNodeDiff>
    <m_iNodeKey>2 </m_iNodeKey>
    <m_iRewardType>0 </m_iRewardType>
    <m_iRewardValue>0 </m_iRewardValue>
    <m_iRewardGroup>0 </m_iRewardGroup>
    <m_iVersion>24010001 </m_iVersion>
    <m_iPlayStyle>2 </m_iPlayStyle>
</MapConfig_Client>
<MapConfig_Client version="1">
    <m_iFloorID>39 </m_iFloorID>
    <m_iTimeLimitID>10102 </m_iTimeLimitID>
    <m_iNeedFriendNum>0 </m_iNeedFriendNum>
    <m_iNeedPassID>0x0 </m_iNeedPassID>
    <m_iID>19 </m_iID>
    <m_iNoteType>11 </m_iNoteType>
    <m_iNodeValue>3 </m_iNodeValue>
    <m_iNodeSong>224 </m_iNodeSong>
    <m_iNodeDiff>3 </m_iNodeDiff>
    <m_iNodeKey>1 </m_iNodeKey>
    <m_iRewardType>0 </m_iRewardType>
    <m_iRewardValue>0 </m_iRewardValue>
    <m_iRewardGroup>0 </m_iRewardGroup>
    <m_iVersion>24010001 </m_iVersion>
    <m_iPlayStyle>0 </m_iPlayStyle>
</MapConfig_Client>
<MapConfig_Client version="1">
    <m_iFloorID>40 </m_iFloorID>
    <m_iTimeLimitID>10102 </m_iTimeLimitID>
    <m_iNeedFriendNum>0 </m_iNeedFriendNum>
    <m_iNeedPassID>0x0 </m_iNeedPassID>
    <m_iID>20 </m_iID>
    <m_iNoteType>7 </m_iNoteType>
    <m_iNodeValue>5 </m_iNodeValue>
    <m_iNodeSong>551 </m_iNodeSong>
    <m_iNodeDiff>3 </m_iNodeDiff>
    <m_iNodeKey>1 </m_iNodeKey>
    <m_iRewardType>1 </m_iRewardType>
    <m_iRewardValue>0 </m_iRewardValue>
    <m_iRewardGroup>13 </m_iRewardGroup>
    <m_iVersion>24010001 </m_iVersion>
    <m_iPlayStyle>0 </m_iPlayStyle>
</MapConfig_Client>
<MapConfig_Client version="1">
    <m_iFloorID>41 </m_iFloorID>
    <m_iTimeLimitID>10103 </m_iTimeLimitID>
    <m_iNeedFriendNum>0 </m_iNeedFriendNum>
    <m_iNeedPassID>0x0 </m_iNeedPassID>
    <m_iID>1 </m_iID>
    <m_iNoteType>9 </m_iNoteType>
    <m_iNodeValue>10 </m_iNodeValue>
    <m_iNodeSong>165 </m_iNodeSong>
    <m_iNodeDiff>1 </m_iNodeDiff>
    <m_iNodeKey>1 </m_iNodeKey>
    <m_iRewardType>1 </m_iRewardType>
    <m_iRewardValue>0 </m_iRewardValue>
    <m_iRewardGroup>4 </m_iRewardGroup>
    <m_iVersion>24010001 </m_iVersion>
    <m_iPlayStyle>0 </m_iPlayStyle>
</MapConfig_Client>
<MapConfig_Client version="1">
    <m_iFloorID>42 </m_iFloorID>
    <m_iTimeLimitID>10103 </m_iTimeLimitID>
    <m_iNeedFriendNum>0 </m_iNeedFriendNum>
    <m_iNeedPassID>0x0 </m_iNeedPassID>
    <m_iID>2 </m_iID>
    <m_iNoteType>19 </m_iNoteType>
    <m_iNodeValue>60 </m_iNodeValue>
    <m_iNodeSong>340 </m_iNodeSong>
    <m_iNodeDiff>1 </m_iNodeDiff>
    <m_iNodeKey>2 </m_iNodeKey>
    <m_iRewardType>0 </m_iRewardType>
    <m_iRewardValue>0 </m_iRewardValue>
    <m_iRewardGroup>0 </m_iRewardGroup>
    <m_iVersion>24010001 </m_iVersion>
    <m_iPlayStyle>0 </m_iPlayStyle>
</MapConfig_Client>
<MapConfig_Client version="1">
    <m_iFloorID>43 </m_iFloorID>
    <m_iTimeLimitID>10103 </m_iTimeLimitID>
    <m_iNeedFriendNum>0 </m_iNeedFriendNum>
    <m_iNeedPassID>0x0 </m_iNeedPassID>
    <m_iID>3 </m_iID>
    <m_iNoteType>7 </m_iNoteType>
    <m_iNodeValue>3 </m_iNodeValue>
    <m_iNodeSong>160 </m_iNodeSong>
    <m_iNodeDiff>2 </m_iNodeDiff>
    <m_iNodeKey>1 </m_iNodeKey>
    <m_iRewardType>0 </m_iRewardType>
    <m_iRewardValue>0 </m_iRewardValue>
    <m_iRewardGroup>0 </m_iRewardGroup>
    <m_iVersion>24010001 </m_iVersion>
    <m_iPlayStyle>0 </m_iPlayStyle>
</MapConfig_Client>
<MapConfig_Client version="1">
    <m_iFloorID>44 </m_iFloorID>
    <m_iTimeLimitID>10103 </m_iTimeLimitID>
    <m_iNeedFriendNum>0 </m_iNeedFriendNum>
    <m_iNeedPassID>0x0 </m_iNeedPassID>
    <m_iID>4 </m_iID>
    <m_iNoteType>3 </m_iNoteType>
    <m_iNodeValue>80 </m_iNodeValue>
    <m_iNodeSong>360 </m_iNodeSong>
    <m_iNodeDiff>2 </m_iNodeDiff>
    <m_iNodeKey>2 </m_iNodeKey>
    <m_iRewardType>0 </m_iRewardType>
    <m_iRewardValue>0 </m_iRewardValue>
    <m_iRewardGroup>0 </m_iRewardGroup>
    <m_iVersion>24010001 </m_iVersion>
    <m_iPlayStyle>0 </m_iPlayStyle>
</MapConfig_Client>
<MapConfig_Client version="1">
    <m_iFloorID>45 </m_iFloorID>
    <m_iTimeLimitID>10103 </m_iTimeLimitID>
    <m_iNeedFriendNum>0 </m_iNeedFriendNum>
    <m_iNeedPassID>0x0 </m_iNeedPassID>
    <m_iID>5 </m_iID>
    <m_iNoteType>9 </m_iNoteType>
    <m_iNodeValue>5 </m_iNodeValue>
    <m_iNodeSong>33 </m_iNodeSong>
    <m_iNodeDiff>1 </m_iNodeDiff>
    <m_iNodeKey>2 </m_iNodeKey>
    <m_iRewardType>1 </m_iRewardType>
    <m_iRewardValue>0 </m_iRewardValue>
    <m_iRewardGroup>5 </m_iRewardGroup>
    <m_iVersion>24010001 </m_iVersion>
    <m_iPlayStyle>0 </m_iPlayStyle>
</MapConfig_Client>
<MapConfig_Client version="1">
    <m_iFloorID>46 </m_iFloorID>
    <m_iTimeLimitID>10103 </m_iTimeLimitID>
    <m_iNeedFriendNum>0 </m_iNeedFriendNum>
    <m_iNeedPassID>0x0 </m_iNeedPassID>
    <m_iID>6 </m_iID>
    <m_iNoteType>14 </m_iNoteType>
    <m_iNodeValue>0 </m_iNodeValue>
    <m_iNodeSong>401 </m_iNodeSong>
    <m_iNodeDiff>2 </m_iNodeDiff>
    <m_iNodeKey>1 </m_iNodeKey>
    <m_iRewardType>0 </m_iRewardType>
    <m_iRewardValue>0 </m_iRewardValue>
    <m_iRewardGroup>0 </m_iRewardGroup>
    <m_iVersion>24010001 </m_iVersion>
    <m_iPlayStyle>0 </m_iPlayStyle>
</MapConfig_Client>
<MapConfig_Client version="1">
    <m_iFloorID>47 </m_iFloorID>
    <m_iTimeLimitID>10103 </m_iTimeLimitID>
    <m_iNeedFriendNum>0 </m_iNeedFriendNum>
    <m_iNeedPassID>0x0 </m_iNeedPassID>
    <m_iID>7 </m_iID>
    <m_iNoteType>7 </m_iNoteType>
    <m_iNodeValue>4 </m_iNodeValue>
    <m_iNodeSong>461 </m_iNodeSong>
    <m_iNodeDiff>3 </m_iNodeDiff>
    <m_iNodeKey>2 </m_iNodeKey>
    <m_iRewardType>0 </m_iRewardType>
    <m_iRewardValue>0 </m_iRewardValue>
    <m_iRewardGroup>0 </m_iRewardGroup>
    <m_iVersion>24010001 </m_iVersion>
    <m_iPlayStyle>0 </m_iPlayStyle>
</MapConfig_Client>
<MapConfig_Client version="1">
    <m_iFloorID>48 </m_iFloorID>
    <m_iTimeLimitID>10103 </m_iTimeLimitID>
    <m_iNeedFriendNum>0 </m_iNeedFriendNum>
    <m_iNeedPassID>0x0 </m_iNeedPassID>
    <m_iID>8 </m_iID>
    <m_iNoteType>19 </m_iNoteType>
    <m_iNodeValue>90 </m_iNodeValue>
    <m_iNodeSong>231 </m_iNodeSong>
    <m_iNodeDiff>2 </m_iNodeDiff>
    <m_iNodeKey>1 </m_iNodeKey>
    <m_iRewardType>0 </m_iRewardType>
    <m_iRewardValue>0 </m_iRewardValue>
    <m_iRewardGroup>0 </m_iRewardGroup>
    <m_iVersion>24010001 </m_iVersion>
    <m_iPlayStyle>0 </m_iPlayStyle>
</MapConfig_Client>
<MapConfig_Client version="1">
    <m_iFloorID>49 </m_iFloorID>
    <m_iTimeLimitID>10103 </m_iTimeLimitID>
    <m_iNeedFriendNum>0 </m_iNeedFriendNum>
    <m_iNeedPassID>0x0 </m_iNeedPassID>
    <m_iID>9 </m_iID>
    <m_iNoteType>11 </m_iNoteType>
    <m_iNodeValue>5 </m_iNodeValue>
    <m_iNodeSong>78 </m_iNodeSong>
    <m_iNodeDiff>3 </m_iNodeDiff>
    <m_iNodeKey>2 </m_iNodeKey>
    <m_iRewardType>0 </m_iRewardType>
    <m_iRewardValue>0 </m_iRewardValue>
    <m_iRewardGroup>0 </m_iRewardGroup>
    <m_iVersion>24010001 </m_iVersion>
    <m_iPlayStyle>0 </m_iPlayStyle>
</MapConfig_Client>
<MapConfig_Client version="1">
    <m_iFloorID>50 </m_iFloorID>
    <m_iTimeLimitID>10103 </m_iTimeLimitID>
    <m_iNeedFriendNum>0 </m_iNeedFriendNum>
    <m_iNeedPassID>0x0 </m_iNeedPassID>
    <m_iID>10 </m_iID>
    <m_iNoteType>7 </m_iNoteType>
    <m_iNodeValue>5 </m_iNodeValue>
    <m_iNodeSong>138 </m_iNodeSong>
    <m_iNodeDiff>3 </m_iNodeDiff>
    <m_iNodeKey>2 </m_iNodeKey>
    <m_iRewardType>1 </m_iRewardType>
    <m_iRewardValue>0 </m_iRewardValue>
    <m_iRewardGroup>6 </m_iRewardGroup>
    <m_iVersion>24010001 </m_iVersion>
    <m_iPlayStyle>0 </m_iPlayStyle>
</MapConfig_Client>
<MapConfig_Client version="1">
    <m_iFloorID>51 </m_iFloorID>
    <m_iTimeLimitID>10103 </m_iTimeLimitID>
    <m_iNeedFriendNum>0 </m_iNeedFriendNum>
    <m_iNeedPassID>0x0 </m_iNeedPassID>
    <m_iID>11 </m_iID>
    <m_iNoteType>14 </m_iNoteType>
    <m_iNodeValue>0 </m_iNodeValue>
    <m_iNodeSong>218 </m_iNodeSong>
    <m_iNodeDiff>3 </m_iNodeDiff>
    <m_iNodeKey>2 </m_iNodeKey>
    <m_iRewardType>0 </m_iRewardType>
    <m_iRewardValue>0 </m_iRewardValue>
    <m_iRewardGroup>0 </m_iRewardGroup>
    <m_iVersion>24010001 </m_iVersion>
    <m_iPlayStyle>0 </m_iPlayStyle>
</MapConfig_Client>
<MapConfig_Client version="1">
    <m_iFloorID>52 </m_iFloorID>
    <m_iTimeLimitID>10103 </m_iTimeLimitID>
    <m_iNeedFriendNum>0 </m_iNeedFriendNum>
    <m_iNeedPassID>0x0 </m_iNeedPassID>
    <m_iID>12 </m_iID>
    <m_iNoteType>18 </m_iNoteType>
    <m_iNodeValue>0 </m_iNodeValue>
    <m_iNodeSong>482 </m_iNodeSong>
    <m_iNodeDiff>2 </m_iNodeDiff>
    <m_iNodeKey>1 </m_iNodeKey>
    <m_iRewardType>0 </m_iRewardType>
    <m_iRewardValue>0 </m_iRewardValue>
    <m_iRewardGroup>0 </m_iRewardGroup>
    <m_iVersion>24010001 </m_iVersion>
    <m_iPlayStyle>0 </m_iPlayStyle>
</MapConfig_Client>
<MapConfig_Client version="1">
    <m_iFloorID>53 </m_iFloorID>
    <m_iTimeLimitID>10103 </m_iTimeLimitID>
    <m_iNeedFriendNum>0 </m_iNeedFriendNum>
    <m_iNeedPassID>0x0 </m_iNeedPassID>
    <m_iID>13 </m_iID>
    <m_iNoteType>7 </m_iNoteType>
    <m_iNodeValue>5 </m_iNodeValue>
    <m_iNodeSong>275 </m_iNodeSong>
    <m_iNodeDiff>3 </m_iNodeDiff>
    <m_iNodeKey>2 </m_iNodeKey>
    <m_iRewardType>0 </m_iRewardType>
    <m_iRewardValue>0 </m_iRewardValue>
    <m_iRewardGroup>0 </m_iRewardGroup>
    <m_iVersion>24010001 </m_iVersion>
    <m_iPlayStyle>0 </m_iPlayStyle>
</MapConfig_Client>
<MapConfig_Client version="1">
    <m_iFloorID>54 </m_iFloorID>
    <m_iTimeLimitID>10103 </m_iTimeLimitID>
    <m_iNeedFriendNum>0 </m_iNeedFriendNum>
    <m_iNeedPassID>0x0 </m_iNeedPassID>
    <m_iID>14 </m_iID>
    <m_iNoteType>19 </m_iNoteType>
    <m_iNodeValue>90 </m_iNodeValue>
    <m_iNodeSong>215 </m_iNodeSong>
    <m_iNodeDiff>3 </m_iNodeDiff>
    <m_iNodeKey>2 </m_iNodeKey>
    <m_iRewardType>0 </m_iRewardType>
    <m_iRewardValue>0 </m_iRewardValue>
    <m_iRewardGroup>0 </m_iRewardGroup>
    <m_iVersion>24010001 </m_iVersion>
    <m_iPlayStyle>0 </m_iPlayStyle>
</MapConfig_Client>
<MapConfig_Client version="1">
    <m_iFloorID>55 </m_iFloorID>
    <m_iTimeLimitID>10103 </m_iTimeLimitID>
    <m_iNeedFriendNum>0 </m_iNeedFriendNum>
    <m_iNeedPassID>0x0 </m_iNeedPassID>
    <m_iID>15 </m_iID>
    <m_iNoteType>9 </m_iNoteType>
    <m_iNodeValue>3 </m_iNodeValue>
    <m_iNodeSong>39 </m_iNodeSong>
    <m_iNodeDiff>3 </m_iNodeDiff>
    <m_iNodeKey>1 </m_iNodeKey>
    <m_iRewardType>1 </m_iRewardType>
    <m_iRewardValue>0 </m_iRewardValue>
    <m_iRewardGroup>7 </m_iRewardGroup>
    <m_iVersion>24010001 </m_iVersion>
    <m_iPlayStyle>0 </m_iPlayStyle>
</MapConfig_Client>
<MapConfig_Client version="1">
    <m_iFloorID>56 </m_iFloorID>
    <m_iTimeLimitID>10103 </m_iTimeLimitID>
    <m_iNeedFriendNum>0 </m_iNeedFriendNum>
    <m_iNeedPassID>0x0 </m_iNeedPassID>
    <m_iID>16 </m_iID>
    <m_iNoteType>11 </m_iNoteType>
    <m_iNodeValue>5 </m_iNodeValue>
    <m_iNodeSong>167 </m_iNodeSong>
    <m_iNodeDiff>3 </m_iNodeDiff>
    <m_iNodeKey>2 </m_iNodeKey>
    <m_iRewardType>0 </m_iRewardType>
    <m_iRewardValue>0 </m_iRewardValue>
    <m_iRewardGroup>0 </m_iRewardGroup>
    <m_iVersion>24010001 </m_iVersion>
    <m_iPlayStyle>0 </m_iPlayStyle>
</MapConfig_Client>
<MapConfig_Client version="1">
    <m_iFloorID>57 </m_iFloorID>
    <m_iTimeLimitID>10103 </m_iTimeLimitID>
    <m_iNeedFriendNum>0 </m_iNeedFriendNum>
    <m_iNeedPassID>0x0 </m_iNeedPassID>
    <m_iID>17 </m_iID>
    <m_iNoteType>18 </m_iNoteType>
    <m_iNodeValue>0 </m_iNodeValue>
    <m_iNodeSong>56 </m_iNodeSong>
    <m_iNodeDiff>3 </m_iNodeDiff>
    <m_iNodeKey>1 </m_iNodeKey>
    <m_iRewardType>0 </m_iRewardType>
    <m_iRewardValue>0 </m_iRewardValue>
    <m_iRewardGroup>0 </m_iRewardGroup>
    <m_iVersion>24010001 </m_iVersion>
    <m_iPlayStyle>2 </m_iPlayStyle>
</MapConfig_Client>
<MapConfig_Client version="1">
    <m_iFloorID>58 </m_iFloorID>
    <m_iTimeLimitID>10103 </m_iTimeLimitID>
    <m_iNeedFriendNum>0 </m_iNeedFriendNum>
    <m_iNeedPassID>0x0 </m_iNeedPassID>
    <m_iID>18 </m_iID>
    <m_iNoteType>25 </m_iNoteType>
    <m_iNodeValue>95 </m_iNodeValue>
    <m_iNodeSong>54 </m_iNodeSong>
    <m_iNodeDiff>3 </m_iNodeDiff>
    <m_iNodeKey>2 </m_iNodeKey>
    <m_iRewardType>0 </m_iRewardType>
    <m_iRewardValue>0 </m_iRewardValue>
    <m_iRewardGroup>0 </m_iRewardGroup>
    <m_iVersion>24010001 </m_iVersion>
    <m_iPlayStyle>0 </m_iPlayStyle>
</MapConfig_Client>
<MapConfig_Client version="1">
    <m_iFloorID>59 </m_iFloorID>
    <m_iTimeLimitID>10103 </m_iTimeLimitID>
    <m_iNeedFriendNum>0 </m_iNeedFriendNum>
    <m_iNeedPassID>0x0 </m_iNeedPassID>
    <m_iID>19 </m_iID>
    <m_iNoteType>14 </m_iNoteType>
    <m_iNodeValue>0 </m_iNodeValue>
    <m_iNodeSong>75 </m_iNodeSong>
    <m_iNodeDiff>3 </m_iNodeDiff>
    <m_iNodeKey>1 </m_iNodeKey>
    <m_iRewardType>0 </m_iRewardType>
    <m_iRewardValue>0 </m_iRewardValue>
    <m_iRewardGroup>0 </m_iRewardGroup>
    <m_iVersion>24010001 </m_iVersion>
    <m_iPlayStyle>0 </m_iPlayStyle>
</MapConfig_Client>
<MapConfig_Client version="1">
    <m_iFloorID>60 </m_iFloorID>
    <m_iTimeLimitID>10103 </m_iTimeLimitID>
    <m_iNeedFriendNum>0 </m_iNeedFriendNum>
    <m_iNeedPassID>0x0 </m_iNeedPassID>
    <m_iID>20 </m_iID>
    <m_iNoteType>7 </m_iNoteType>
    <m_iNodeValue>5 </m_iNodeValue>
    <m_iNodeSong>224 </m_iNodeSong>
    <m_iNodeDiff>3 </m_iNodeDiff>
    <m_iNodeKey>2 </m_iNodeKey>
    <m_iRewardType>1 </m_iRewardType>
    <m_iRewardValue>0 </m_iRewardValue>
    <m_iRewardGroup>13 </m_iRewardGroup>
    <m_iVersion>24010001 </m_iVersion>
    <m_iPlayStyle>0 </m_iPlayStyle>
</MapConfig_Client>
<MapConfig_Client version="1">
    <m_iFloorID>61 </m_iFloorID>
    <m_iTimeLimitID>10104 </m_iTimeLimitID>
    <m_iNeedFriendNum>0 </m_iNeedFriendNum>
    <m_iNeedPassID>0x0 </m_iNeedPassID>
    <m_iID>1 </m_iID>
    <m_iNoteType>7 </m_iNoteType>
    <m_iNodeValue>3 </m_iNodeValue>
    <m_iNodeSong>342 </m_iNodeSong>
    <m_iNodeDiff>1 </m_iNodeDiff>
    <m_iNodeKey>2 </m_iNodeKey>
    <m_iRewardType>1 </m_iRewardType>
    <m_iRewardValue>0 </m_iRewardValue>
    <m_iRewardGroup>4 </m_iRewardGroup>
    <m_iVersion>24010001 </m_iVersion>
    <m_iPlayStyle>0 </m_iPlayStyle>
</MapConfig_Client>
<MapConfig_Client version="1">
    <m_iFloorID>62 </m_iFloorID>
    <m_iTimeLimitID>10104 </m_iTimeLimitID>
    <m_iNeedFriendNum>0 </m_iNeedFriendNum>
    <m_iNeedPassID>0x0 </m_iNeedPassID>
    <m_iID>2 </m_iID>
    <m_iNoteType>15 </m_iNoteType>
    <m_iNodeValue>0 </m_iNodeValue>
    <m_iNodeSong>485 </m_iNodeSong>
    <m_iNodeDiff>1 </m_iNodeDiff>
    <m_iNodeKey>2 </m_iNodeKey>
    <m_iRewardType>0 </m_iRewardType>
    <m_iRewardValue>0 </m_iRewardValue>
    <m_iRewardGroup>0 </m_iRewardGroup>
    <m_iVersion>24010001 </m_iVersion>
    <m_iPlayStyle>0 </m_iPlayStyle>
</MapConfig_Client>
<MapConfig_Client version="1">
    <m_iFloorID>63 </m_iFloorID>
    <m_iTimeLimitID>10104 </m_iTimeLimitID>
    <m_iNeedFriendNum>0 </m_iNeedFriendNum>
    <m_iNeedPassID>0x0 </m_iNeedPassID>
    <m_iID>3 </m_iID>
    <m_iNoteType>9 </m_iNoteType>
    <m_iNodeValue>10 </m_iNodeValue>
    <m_iNodeSong>74 </m_iNodeSong>
    <m_iNodeDiff>2 </m_iNodeDiff>
    <m_iNodeKey>2 </m_iNodeKey>
    <m_iRewardType>0 </m_iRewardType>
    <m_iRewardValue>0 </m_iRewardValue>
    <m_iRewardGroup>0 </m_iRewardGroup>
    <m_iVersion>24010001 </m_iVersion>
    <m_iPlayStyle>0 </m_iPlayStyle>
</MapConfig_Client>
<MapConfig_Client version="1">
    <m_iFloorID>64 </m_iFloorID>
    <m_iTimeLimitID>10104 </m_iTimeLimitID>
    <m_iNeedFriendNum>0 </m_iNeedFriendNum>
    <m_iNeedPassID>0x0 </m_iNeedPassID>
    <m_iID>4 </m_iID>
    <m_iNoteType>7 </m_iNoteType>
    <m_iNodeValue>4 </m_iNodeValue>
    <m_iNodeSong>321 </m_iNodeSong>
    <m_iNodeDiff>2 </m_iNodeDiff>
    <m_iNodeKey>2 </m_iNodeKey>
    <m_iRewardType>0 </m_iRewardType>
    <m_iRewardValue>0 </m_iRewardValue>
    <m_iRewardGroup>0 </m_iRewardGroup>
    <m_iVersion>24010001 </m_iVersion>
    <m_iPlayStyle>0 </m_iPlayStyle>
</MapConfig_Client>
<MapConfig_Client version="1">
    <m_iFloorID>65 </m_iFloorID>
    <m_iTimeLimitID>10104 </m_iTimeLimitID>
    <m_iNeedFriendNum>0 </m_iNeedFriendNum>
    <m_iNeedPassID>0x0 </m_iNeedPassID>
    <m_iID>5 </m_iID>
    <m_iNoteType>18 </m_iNoteType>
    <m_iNodeValue>0 </m_iNodeValue>
    <m_iNodeSong>497 </m_iNodeSong>
    <m_iNodeDiff>2 </m_iNodeDiff>
    <m_iNodeKey>2 </m_iNodeKey>
    <m_iRewardType>1 </m_iRewardType>
    <m_iRewardValue>0 </m_iRewardValue>
    <m_iRewardGroup>5 </m_iRewardGroup>
    <m_iVersion>24010001 </m_iVersion>
    <m_iPlayStyle>0 </m_iPlayStyle>
</MapConfig_Client>
<MapConfig_Client version="1">
    <m_iFloorID>66 </m_iFloorID>
    <m_iTimeLimitID>10104 </m_iTimeLimitID>
    <m_iNeedFriendNum>0 </m_iNeedFriendNum>
    <m_iNeedPassID>0x0 </m_iNeedPassID>
    <m_iID>6 </m_iID>
    <m_iNoteType>27 </m_iNoteType>
    <m_iNodeValue>75 </m_iNodeValue>
    <m_iNodeSong>411 </m_iNodeSong>
    <m_iNodeDiff>2 </m_iNodeDiff>
    <m_iNodeKey>2 </m_iNodeKey>
    <m_iRewardType>0 </m_iRewardType>
    <m_iRewardValue>0 </m_iRewardValue>
    <m_iRewardGroup>0 </m_iRewardGroup>
    <m_iVersion>24010001 </m_iVersion>
    <m_iPlayStyle>0 </m_iPlayStyle>
</MapConfig_Client>
<MapConfig_Client version="1">
    <m_iFloorID>67 </m_iFloorID>
    <m_iTimeLimitID>10104 </m_iTimeLimitID>
    <m_iNeedFriendNum>0 </m_iNeedFriendNum>
    <m_iNeedPassID>0x0 </m_iNeedPassID>
    <m_iID>7 </m_iID>
    <m_iNoteType>19 </m_iNoteType>
    <m_iNodeValue>85 </m_iNodeValue>
    <m_iNodeSong>17 </m_iNodeSong>
    <m_iNodeDiff>2 </m_iNodeDiff>
    <m_iNodeKey>1 </m_iNodeKey>
    <m_iRewardType>0 </m_iRewardType>
    <m_iRewardValue>0 </m_iRewardValue>
    <m_iRewardGroup>0 </m_iRewardGroup>
    <m_iVersion>24010001 </m_iVersion>
    <m_iPlayStyle>0 </m_iPlayStyle>
</MapConfig_Client>
<MapConfig_Client version="1">
    <m_iFloorID>68 </m_iFloorID>
    <m_iTimeLimitID>10104 </m_iTimeLimitID>
    <m_iNeedFriendNum>0 </m_iNeedFriendNum>
    <m_iNeedPassID>0x0 </m_iNeedPassID>
    <m_iID>8 </m_iID>
    <m_iNoteType>7 </m_iNoteType>
    <m_iNodeValue>4 </m_iNodeValue>
    <m_iNodeSong>496 </m_iNodeSong>
    <m_iNodeDiff>2 </m_iNodeDiff>
    <m_iNodeKey>1 </m_iNodeKey>
    <m_iRewardType>0 </m_iRewardType>
    <m_iRewardValue>0 </m_iRewardValue>
    <m_iRewardGroup>0 </m_iRewardGroup>
    <m_iVersion>24010001 </m_iVersion>
    <m_iPlayStyle>0 </m_iPlayStyle>
</MapConfig_Client>
<MapConfig_Client version="1">
    <m_iFloorID>69 </m_iFloorID>
    <m_iTimeLimitID>10104 </m_iTimeLimitID>
    <m_iNeedFriendNum>0 </m_iNeedFriendNum>
    <m_iNeedPassID>0x0 </m_iNeedPassID>
    <m_iID>9 </m_iID>
    <m_iNoteType>18 </m_iNoteType>
    <m_iNodeValue>0 </m_iNodeValue>
    <m_iNodeSong>555 </m_iNodeSong>
    <m_iNodeDiff>2 </m_iNodeDiff>
    <m_iNodeKey>1 </m_iNodeKey>
    <m_iRewardType>0 </m_iRewardType>
    <m_iRewardValue>0 </m_iRewardValue>
    <m_iRewardGroup>0 </m_iRewardGroup>
    <m_iVersion>24010001 </m_iVersion>
    <m_iPlayStyle>0 </m_iPlayStyle>
</MapConfig_Client>
<MapConfig_Client version="1">
    <m_iFloorID>70 </m_iFloorID>
    <m_iTimeLimitID>10104 </m_iTimeLimitID>
    <m_iNeedFriendNum>0 </m_iNeedFriendNum>
    <m_iNeedPassID>0x0 </m_iNeedPassID>
    <m_iID>10 </m_iID>
    <m_iNoteType>11 </m_iNoteType>
    <m_iNodeValue>15 </m_iNodeValue>
    <m_iNodeSong>162 </m_iNodeSong>
    <m_iNodeDiff>2 </m_iNodeDiff>
    <m_iNodeKey>1 </m_iNodeKey>
    <m_iRewardType>1 </m_iRewardType>
    <m_iRewardValue>0 </m_iRewardValue>
    <m_iRewardGroup>6 </m_iRewardGroup>
    <m_iVersion>24010001 </m_iVersion>
    <m_iPlayStyle>0 </m_iPlayStyle>
</MapConfig_Client>
<MapConfig_Client version="1">
    <m_iFloorID>71 </m_iFloorID>
    <m_iTimeLimitID>10104 </m_iTimeLimitID>
    <m_iNeedFriendNum>0 </m_iNeedFriendNum>
    <m_iNeedPassID>0x0 </m_iNeedPassID>
    <m_iID>11 </m_iID>
    <m_iNoteType>27 </m_iNoteType>
    <m_iNodeValue>75 </m_iNodeValue>
    <m_iNodeSong>414 </m_iNodeSong>
    <m_iNodeDiff>3 </m_iNodeDiff>
    <m_iNodeKey>2 </m_iNodeKey>
    <m_iRewardType>0 </m_iRewardType>
    <m_iRewardValue>0 </m_iRewardValue>
    <m_iRewardGroup>0 </m_iRewardGroup>
    <m_iVersion>24010001 </m_iVersion>
    <m_iPlayStyle>0 </m_iPlayStyle>
</MapConfig_Client>
<MapConfig_Client version="1">
    <m_iFloorID>72 </m_iFloorID>
    <m_iTimeLimitID>10104 </m_iTimeLimitID>
    <m_iNeedFriendNum>0 </m_iNeedFriendNum>
    <m_iNeedPassID>0x0 </m_iNeedPassID>
    <m_iID>12 </m_iID>
    <m_iNoteType>7 </m_iNoteType>
    <m_iNodeValue>4 </m_iNodeValue>
    <m_iNodeSong>278 </m_iNodeSong>
    <m_iNodeDiff>3 </m_iNodeDiff>
    <m_iNodeKey>1 </m_iNodeKey>
    <m_iRewardType>0 </m_iRewardType>
    <m_iRewardValue>0 </m_iRewardValue>
    <m_iRewardGroup>0 </m_iRewardGroup>
    <m_iVersion>24010001 </m_iVersion>
    <m_iPlayStyle>0 </m_iPlayStyle>
</MapConfig_Client>
<MapConfig_Client version="1">
    <m_iFloorID>73 </m_iFloorID>
    <m_iTimeLimitID>10104 </m_iTimeLimitID>
    <m_iNeedFriendNum>0 </m_iNeedFriendNum>
    <m_iNeedPassID>0x0 </m_iNeedPassID>
    <m_iID>13 </m_iID>
    <m_iNoteType>9 </m_iNoteType>
    <m_iNodeValue>3 </m_iNodeValue>
    <m_iNodeSong>141 </m_iNodeSong>
    <m_iNodeDiff>3 </m_iNodeDiff>
    <m_iNodeKey>2 </m_iNodeKey>
    <m_iRewardType>0 </m_iRewardType>
    <m_iRewardValue>0 </m_iRewardValue>
    <m_iRewardGroup>0 </m_iRewardGroup>
    <m_iVersion>24010001 </m_iVersion>
    <m_iPlayStyle>0 </m_iPlayStyle>
</MapConfig_Client>
<MapConfig_Client version="1">
    <m_iFloorID>74 </m_iFloorID>
    <m_iTimeLimitID>10104 </m_iTimeLimitID>
    <m_iNeedFriendNum>0 </m_iNeedFriendNum>
    <m_iNeedPassID>0x0 </m_iNeedPassID>
    <m_iID>14 </m_iID>
    <m_iNoteType>19 </m_iNoteType>
    <m_iNodeValue>85 </m_iNodeValue>
    <m_iNodeSong>530 </m_iNodeSong>
    <m_iNodeDiff>3 </m_iNodeDiff>
    <m_iNodeKey>1 </m_iNodeKey>
    <m_iRewardType>0 </m_iRewardType>
    <m_iRewardValue>0 </m_iRewardValue>
    <m_iRewardGroup>0 </m_iRewardGroup>
    <m_iVersion>24010001 </m_iVersion>
    <m_iPlayStyle>0 </m_iPlayStyle>
</MapConfig_Client>
<MapConfig_Client version="1">
    <m_iFloorID>75 </m_iFloorID>
    <m_iTimeLimitID>10104 </m_iTimeLimitID>
    <m_iNeedFriendNum>0 </m_iNeedFriendNum>
    <m_iNeedPassID>0x0 </m_iNeedPassID>
    <m_iID>15 </m_iID>
    <m_iNoteType>7 </m_iNoteType>
    <m_iNodeValue>4 </m_iNodeValue>
    <m_iNodeSong>531 </m_iNodeSong>
    <m_iNodeDiff>3 </m_iNodeDiff>
    <m_iNodeKey>2 </m_iNodeKey>
    <m_iRewardType>1 </m_iRewardType>
    <m_iRewardValue>0 </m_iRewardValue>
    <m_iRewardGroup>7 </m_iRewardGroup>
    <m_iVersion>24010001 </m_iVersion>
    <m_iPlayStyle>0 </m_iPlayStyle>
</MapConfig_Client>
<MapConfig_Client version="1">
    <m_iFloorID>76 </m_iFloorID>
    <m_iTimeLimitID>10104 </m_iTimeLimitID>
    <m_iNeedFriendNum>0 </m_iNeedFriendNum>
    <m_iNeedPassID>0x0 </m_iNeedPassID>
    <m_iID>16 </m_iID>
    <m_iNoteType>14 </m_iNoteType>
    <m_iNodeValue>0 </m_iNodeValue>
    <m_iNodeSong>177 </m_iNodeSong>
    <m_iNodeDiff>3 </m_iNodeDiff>
    <m_iNodeKey>1 </m_iNodeKey>
    <m_iRewardType>0 </m_iRewardType>
    <m_iRewardValue>0 </m_iRewardValue>
    <m_iRewardGroup>0 </m_iRewardGroup>
    <m_iVersion>24010001 </m_iVersion>
    <m_iPlayStyle>0 </m_iPlayStyle>
</MapConfig_Client>
<MapConfig_Client version="1">
    <m_iFloorID>77 </m_iFloorID>
    <m_iTimeLimitID>10104 </m_iTimeLimitID>
    <m_iNeedFriendNum>0 </m_iNeedFriendNum>
    <m_iNeedPassID>0x0 </m_iNeedPassID>
    <m_iID>17 </m_iID>
    <m_iNoteType>7 </m_iNoteType>
    <m_iNodeValue>5 </m_iNodeValue>
    <m_iNodeSong>92 </m_iNodeSong>
    <m_iNodeDiff>3 </m_iNodeDiff>
    <m_iNodeKey>2 </m_iNodeKey>
    <m_iRewardType>0 </m_iRewardType>
    <m_iRewardValue>0 </m_iRewardValue>
    <m_iRewardGroup>0 </m_iRewardGroup>
    <m_iVersion>24010001 </m_iVersion>
    <m_iPlayStyle>0 </m_iPlayStyle>
</MapConfig_Client>
<MapConfig_Client version="1">
    <m_iFloorID>78 </m_iFloorID>
    <m_iTimeLimitID>10104 </m_iTimeLimitID>
    <m_iNeedFriendNum>0 </m_iNeedFriendNum>
    <m_iNeedPassID>0x0 </m_iNeedPassID>
    <m_iID>18 </m_iID>
    <m_iNoteType>27 </m_iNoteType>
    <m_iNodeValue>75 </m_iNodeValue>
    <m_iNodeSong>523 </m_iNodeSong>
    <m_iNodeDiff>3 </m_iNodeDiff>
    <m_iNodeKey>1 </m_iNodeKey>
    <m_iRewardType>0 </m_iRewardType>
    <m_iRewardValue>0 </m_iRewardValue>
    <m_iRewardGroup>0 </m_iRewardGroup>
    <m_iVersion>24010001 </m_iVersion>
    <m_iPlayStyle>0 </m_iPlayStyle>
</MapConfig_Client>
<MapConfig_Client version="1">
    <m_iFloorID>79 </m_iFloorID>
    <m_iTimeLimitID>10104 </m_iTimeLimitID>
    <m_iNeedFriendNum>0 </m_iNeedFriendNum>
    <m_iNeedPassID>0x0 </m_iNeedPassID>
    <m_iID>19 </m_iID>
    <m_iNoteType>19 </m_iNoteType>
    <m_iNodeValue>85 </m_iNodeValue>
    <m_iNodeSong>9 </m_iNodeSong>
    <m_iNodeDiff>3 </m_iNodeDiff>
    <m_iNodeKey>2 </m_iNodeKey>
    <m_iRewardType>0 </m_iRewardType>
    <m_iRewardValue>0 </m_iRewardValue>
    <m_iRewardGroup>0 </m_iRewardGroup>
    <m_iVersion>24010001 </m_iVersion>
    <m_iPlayStyle>2 </m_iPlayStyle>
</MapConfig_Client>
<MapConfig_Client version="1">
    <m_iFloorID>80 </m_iFloorID>
    <m_iTimeLimitID>10104 </m_iTimeLimitID>
    <m_iNeedFriendNum>0 </m_iNeedFriendNum>
    <m_iNeedPassID>0x0 </m_iNeedPassID>
    <m_iID>20 </m_iID>
    <m_iNoteType>7 </m_iNoteType>
    <m_iNodeValue>5 </m_iNodeValue>
    <m_iNodeSong>58 </m_iNodeSong>
    <m_iNodeDiff>3 </m_iNodeDiff>
    <m_iNodeKey>2 </m_iNodeKey>
    <m_iRewardType>1 </m_iRewardType>
    <m_iRewardValue>0 </m_iRewardValue>
    <m_iRewardGroup>13 </m_iRewardGroup>
    <m_iVersion>24010001 </m_iVersion>
    <m_iPlayStyle>0 </m_iPlayStyle>
</MapConfig_Client>
</MapConfig_Client_Tab>