<?xml version="1.0" encoding="UTF-8" standalone="yes" ?>
<MissionConfig_Client_Tab>
<TResHeadAll version="5">
    <resHead type="TResHead">
        <Magic>1397052237 </Magic>
        <Version>6 </Version>
        <Unit>415 </Unit>
        <Count>56 </Count>
        <MetalibHash>aaaaaaaaaaaaaaaaaaaaaaaaaaaaaaaa</MetalibHash>
        <ResVersion>0 </ResVersion>
        <CreateTime>   0-00-00 00:00:00</CreateTime>
        <ResEncording>UTF-8</ResEncording>
        <ContentHash>02fedf366b2d4586837bb8508e318579</ContentHash>
    </resHead>
    <resHeadExt type="TResHeadExt">
        <DataOffset>136 </DataOffset>
    </resHeadExt>
</TResHeadAll>
<MissionConfig_Client version="1">
    <m_iMissionID>1 </m_iMissionID>
    <m_szTitle>乐享旋律</m_szTitle>
    <m_iIconID>22 </m_iIconID>
    <m_szDiffDesc>普通</m_szDiffDesc>
    <m_szDiffColor>ffffd200</m_szDiffColor>
    <m_szBeginTime>2021-01-22 00:00:00</m_szBeginTime>
    <m_szEndTime>2021-01-28 23:59:00</m_szEndTime>
    <m_iStartFloor>5256 </m_iStartFloor>
    <m_iEndFloor>5260 </m_iEndFloor>
    <m_ucResetable>1 </m_ucResetable>
    <m_iResetCost>100 </m_iResetCost>
    <m_ucRewardType>0x1 </m_ucRewardType>
    <m_ucIsNew>0x1 </m_ucIsNew>
    <m_iSeqID>0 </m_iSeqID>
    <m_ucGameType>0x0 </m_ucGameType>
</MissionConfig_Client>
<MissionConfig_Client version="1">
    <m_iMissionID>2 </m_iMissionID>
    <m_szTitle>周末大挑战</m_szTitle>
    <m_iIconID>8 </m_iIconID>
    <m_szDiffDesc>普通</m_szDiffDesc>
    <m_szDiffColor>ffffd200</m_szDiffColor>
    <m_szBeginTime>2021-01-23 00:00:00</m_szBeginTime>
    <m_szEndTime>2021-01-24 23:59:00</m_szEndTime>
    <m_iStartFloor>5261 </m_iStartFloor>
    <m_iEndFloor>5265 </m_iEndFloor>
    <m_ucResetable>1 </m_ucResetable>
    <m_iResetCost>100 </m_iResetCost>
    <m_ucRewardType>0x1 </m_ucRewardType>
    <m_ucIsNew>0x1 </m_ucIsNew>
    <m_iSeqID>0 </m_iSeqID>
    <m_ucGameType>0x0 </m_ucGameType>
</MissionConfig_Client>
<MissionConfig_Client version="1">
    <m_iMissionID>3 </m_iMissionID>
    <m_szTitle>韩日精选</m_szTitle>
    <m_iIconID>47 </m_iIconID>
    <m_szDiffDesc>进阶</m_szDiffDesc>
    <m_szDiffColor>fff00022</m_szDiffColor>
    <m_szBeginTime>2021-01-25 00:00:00</m_szBeginTime>
    <m_szEndTime>2021-01-28 23:59:00</m_szEndTime>
    <m_iStartFloor>5266 </m_iStartFloor>
    <m_iEndFloor>5270 </m_iEndFloor>
    <m_ucResetable>1 </m_ucResetable>
    <m_iResetCost>100 </m_iResetCost>
    <m_ucRewardType>0x1 </m_ucRewardType>
    <m_ucIsNew>0x1 </m_ucIsNew>
    <m_iSeqID>0 </m_iSeqID>
    <m_ucGameType>0x0 </m_ucGameType>
</MissionConfig_Client>
<MissionConfig_Client version="1">
    <m_iMissionID>4 </m_iMissionID>
    <m_szTitle>律动节奏（星动）</m_szTitle>
    <m_iIconID>17 </m_iIconID>
    <m_szDiffDesc>普通</m_szDiffDesc>
    <m_szDiffColor>ffffd200</m_szDiffColor>
    <m_szBeginTime>2021-01-22 00:00:00</m_szBeginTime>
    <m_szEndTime>2021-01-28 23:59:00</m_szEndTime>
    <m_iStartFloor>5271 </m_iStartFloor>
    <m_iEndFloor>5275 </m_iEndFloor>
    <m_ucResetable>1 </m_ucResetable>
    <m_iResetCost>100 </m_iResetCost>
    <m_ucRewardType>0x1 </m_ucRewardType>
    <m_ucIsNew>0x1 </m_ucIsNew>
    <m_iSeqID>0 </m_iSeqID>
    <m_ucGameType>0x1 </m_ucGameType>
</MissionConfig_Client>
<MissionConfig_Client version="1">
    <m_iMissionID>5 </m_iMissionID>
    <m_szTitle>乐享旋律</m_szTitle>
    <m_iIconID>22 </m_iIconID>
    <m_szDiffDesc>普通</m_szDiffDesc>
    <m_szDiffColor>ffffd200</m_szDiffColor>
    <m_szBeginTime>2021-01-29 00:00:00</m_szBeginTime>
    <m_szEndTime>2021-02-04 23:59:00</m_szEndTime>
    <m_iStartFloor>5276 </m_iStartFloor>
    <m_iEndFloor>5280 </m_iEndFloor>
    <m_ucResetable>1 </m_ucResetable>
    <m_iResetCost>100 </m_iResetCost>
    <m_ucRewardType>0x1 </m_ucRewardType>
    <m_ucIsNew>0x1 </m_ucIsNew>
    <m_iSeqID>0 </m_iSeqID>
    <m_ucGameType>0x0 </m_ucGameType>
</MissionConfig_Client>
<MissionConfig_Client version="1">
    <m_iMissionID>6 </m_iMissionID>
    <m_szTitle>乐享新春</m_szTitle>
    <m_iIconID>51 </m_iIconID>
    <m_szDiffDesc>普通</m_szDiffDesc>
    <m_szDiffColor>ffffd200</m_szDiffColor>
    <m_szBeginTime>2021-01-30 00:00:00</m_szBeginTime>
    <m_szEndTime>2021-01-31 23:59:00</m_szEndTime>
    <m_iStartFloor>5281 </m_iStartFloor>
    <m_iEndFloor>5300 </m_iEndFloor>
    <m_ucResetable>1 </m_ucResetable>
    <m_iResetCost>100 </m_iResetCost>
    <m_ucRewardType>0x1 </m_ucRewardType>
    <m_ucIsNew>0x1 </m_ucIsNew>
    <m_iSeqID>0 </m_iSeqID>
    <m_ucGameType>0x0 </m_ucGameType>
</MissionConfig_Client>
<MissionConfig_Client version="1">
    <m_iMissionID>7 </m_iMissionID>
    <m_szTitle>春节专属</m_szTitle>
    <m_iIconID>50 </m_iIconID>
    <m_szDiffDesc>进阶</m_szDiffDesc>
    <m_szDiffColor>fff00022</m_szDiffColor>
    <m_szBeginTime>2021-02-01 00:00:00</m_szBeginTime>
    <m_szEndTime>2021-02-04 23:59:00</m_szEndTime>
    <m_iStartFloor>5301 </m_iStartFloor>
    <m_iEndFloor>5320 </m_iEndFloor>
    <m_ucResetable>1 </m_ucResetable>
    <m_iResetCost>100 </m_iResetCost>
    <m_ucRewardType>0x1 </m_ucRewardType>
    <m_ucIsNew>0x1 </m_ucIsNew>
    <m_iSeqID>0 </m_iSeqID>
    <m_ucGameType>0x0 </m_ucGameType>
</MissionConfig_Client>
<MissionConfig_Client version="1">
    <m_iMissionID>8 </m_iMissionID>
    <m_szTitle>律动节奏（星动）</m_szTitle>
    <m_iIconID>17 </m_iIconID>
    <m_szDiffDesc>普通</m_szDiffDesc>
    <m_szDiffColor>ffffd200</m_szDiffColor>
    <m_szBeginTime>2021-01-29 00:00:00</m_szBeginTime>
    <m_szEndTime>2021-02-04 23:59:00</m_szEndTime>
    <m_iStartFloor>5321 </m_iStartFloor>
    <m_iEndFloor>5325 </m_iEndFloor>
    <m_ucResetable>1 </m_ucResetable>
    <m_iResetCost>100 </m_iResetCost>
    <m_ucRewardType>0x1 </m_ucRewardType>
    <m_ucIsNew>0x1 </m_ucIsNew>
    <m_iSeqID>0 </m_iSeqID>
    <m_ucGameType>0x1 </m_ucGameType>
</MissionConfig_Client>
<MissionConfig_Client version="1">
    <m_iMissionID>9 </m_iMissionID>
    <m_szTitle>乐享旋律</m_szTitle>
    <m_iIconID>22 </m_iIconID>
    <m_szDiffDesc>普通</m_szDiffDesc>
    <m_szDiffColor>ffffd200</m_szDiffColor>
    <m_szBeginTime>2021-02-05 00:00:00</m_szBeginTime>
    <m_szEndTime>2021-02-11 23:59:00</m_szEndTime>
    <m_iStartFloor>5326 </m_iStartFloor>
    <m_iEndFloor>5330 </m_iEndFloor>
    <m_ucResetable>1 </m_ucResetable>
    <m_iResetCost>100 </m_iResetCost>
    <m_ucRewardType>0x1 </m_ucRewardType>
    <m_ucIsNew>0x1 </m_ucIsNew>
    <m_iSeqID>0 </m_iSeqID>
    <m_ucGameType>0x0 </m_ucGameType>
</MissionConfig_Client>
<MissionConfig_Client version="1">
    <m_iMissionID>10 </m_iMissionID>
    <m_szTitle>周末大挑战</m_szTitle>
    <m_iIconID>8 </m_iIconID>
    <m_szDiffDesc>高级</m_szDiffDesc>
    <m_szDiffColor>ffff6600</m_szDiffColor>
    <m_szBeginTime>2021-02-06 00:00:00</m_szBeginTime>
    <m_szEndTime>2021-02-07 23:59:00</m_szEndTime>
    <m_iStartFloor>5331 </m_iStartFloor>
    <m_iEndFloor>5335 </m_iEndFloor>
    <m_ucResetable>1 </m_ucResetable>
    <m_iResetCost>100 </m_iResetCost>
    <m_ucRewardType>0x1 </m_ucRewardType>
    <m_ucIsNew>0x1 </m_ucIsNew>
    <m_iSeqID>0 </m_iSeqID>
    <m_ucGameType>0x0 </m_ucGameType>
</MissionConfig_Client>
<MissionConfig_Client version="1">
    <m_iMissionID>11 </m_iMissionID>
    <m_szTitle>华语组合</m_szTitle>
    <m_iIconID>56 </m_iIconID>
    <m_szDiffDesc>进阶</m_szDiffDesc>
    <m_szDiffColor>fff00022</m_szDiffColor>
    <m_szBeginTime>2021-02-08 00:00:00</m_szBeginTime>
    <m_szEndTime>2021-02-11 23:59:00</m_szEndTime>
    <m_iStartFloor>5336 </m_iStartFloor>
    <m_iEndFloor>5340 </m_iEndFloor>
    <m_ucResetable>1 </m_ucResetable>
    <m_iResetCost>100 </m_iResetCost>
    <m_ucRewardType>0x1 </m_ucRewardType>
    <m_ucIsNew>0x1 </m_ucIsNew>
    <m_iSeqID>0 </m_iSeqID>
    <m_ucGameType>0x0 </m_ucGameType>
</MissionConfig_Client>
<MissionConfig_Client version="1">
    <m_iMissionID>12 </m_iMissionID>
    <m_szTitle>律动节奏（星动）</m_szTitle>
    <m_iIconID>17 </m_iIconID>
    <m_szDiffDesc>普通</m_szDiffDesc>
    <m_szDiffColor>ffffd200</m_szDiffColor>
    <m_szBeginTime>2021-02-05 00:00:00</m_szBeginTime>
    <m_szEndTime>2021-02-11 23:59:00</m_szEndTime>
    <m_iStartFloor>5341 </m_iStartFloor>
    <m_iEndFloor>5345 </m_iEndFloor>
    <m_ucResetable>1 </m_ucResetable>
    <m_iResetCost>100 </m_iResetCost>
    <m_ucRewardType>0x1 </m_ucRewardType>
    <m_ucIsNew>0x1 </m_ucIsNew>
    <m_iSeqID>0 </m_iSeqID>
    <m_ucGameType>0x1 </m_ucGameType>
</MissionConfig_Client>
<MissionConfig_Client version="1">
    <m_iMissionID>13 </m_iMissionID>
    <m_szTitle>乐享旋律</m_szTitle>
    <m_iIconID>22 </m_iIconID>
    <m_szDiffDesc>普通</m_szDiffDesc>
    <m_szDiffColor>ffffd200</m_szDiffColor>
    <m_szBeginTime>2021-02-12 00:00:00</m_szBeginTime>
    <m_szEndTime>2021-02-18 23:59:00</m_szEndTime>
    <m_iStartFloor>5346 </m_iStartFloor>
    <m_iEndFloor>5350 </m_iEndFloor>
    <m_ucResetable>1 </m_ucResetable>
    <m_iResetCost>100 </m_iResetCost>
    <m_ucRewardType>0x1 </m_ucRewardType>
    <m_ucIsNew>0x1 </m_ucIsNew>
    <m_iSeqID>0 </m_iSeqID>
    <m_ucGameType>0x0 </m_ucGameType>
</MissionConfig_Client>
<MissionConfig_Client version="1">
    <m_iMissionID>14 </m_iMissionID>
    <m_szTitle>浪漫情人节</m_szTitle>
    <m_iIconID>53 </m_iIconID>
    <m_szDiffDesc>普通</m_szDiffDesc>
    <m_szDiffColor>ffffd200</m_szDiffColor>
    <m_szBeginTime>2021-02-13 00:00:00</m_szBeginTime>
    <m_szEndTime>2021-02-14 23:59:00</m_szEndTime>
    <m_iStartFloor>5351 </m_iStartFloor>
    <m_iEndFloor>5355 </m_iEndFloor>
    <m_ucResetable>1 </m_ucResetable>
    <m_iResetCost>100 </m_iResetCost>
    <m_ucRewardType>0x1 </m_ucRewardType>
    <m_ucIsNew>0x1 </m_ucIsNew>
    <m_iSeqID>0 </m_iSeqID>
    <m_ucGameType>0x0 </m_ucGameType>
</MissionConfig_Client>
<MissionConfig_Client version="1">
    <m_iMissionID>15 </m_iMissionID>
    <m_szTitle>情歌对唱</m_szTitle>
    <m_iIconID>45 </m_iIconID>
    <m_szDiffDesc>进阶</m_szDiffDesc>
    <m_szDiffColor>fff00022</m_szDiffColor>
    <m_szBeginTime>2021-02-15 00:00:00</m_szBeginTime>
    <m_szEndTime>2021-02-18 23:59:00</m_szEndTime>
    <m_iStartFloor>5356 </m_iStartFloor>
    <m_iEndFloor>5360 </m_iEndFloor>
    <m_ucResetable>1 </m_ucResetable>
    <m_iResetCost>100 </m_iResetCost>
    <m_ucRewardType>0x1 </m_ucRewardType>
    <m_ucIsNew>0x1 </m_ucIsNew>
    <m_iSeqID>0 </m_iSeqID>
    <m_ucGameType>0x0 </m_ucGameType>
</MissionConfig_Client>
<MissionConfig_Client version="1">
    <m_iMissionID>16 </m_iMissionID>
    <m_szTitle>律动节奏（星动）</m_szTitle>
    <m_iIconID>17 </m_iIconID>
    <m_szDiffDesc>普通</m_szDiffDesc>
    <m_szDiffColor>ffffd200</m_szDiffColor>
    <m_szBeginTime>2021-02-12 00:00:00</m_szBeginTime>
    <m_szEndTime>2021-02-18 23:59:00</m_szEndTime>
    <m_iStartFloor>5361 </m_iStartFloor>
    <m_iEndFloor>5365 </m_iEndFloor>
    <m_ucResetable>1 </m_ucResetable>
    <m_iResetCost>100 </m_iResetCost>
    <m_ucRewardType>0x1 </m_ucRewardType>
    <m_ucIsNew>0x1 </m_ucIsNew>
    <m_iSeqID>0 </m_iSeqID>
    <m_ucGameType>0x1 </m_ucGameType>
</MissionConfig_Client>
<MissionConfig_Client version="1">
    <m_iMissionID>17 </m_iMissionID>
    <m_szTitle>乐享旋律</m_szTitle>
    <m_iIconID>22 </m_iIconID>
    <m_szDiffDesc>普通</m_szDiffDesc>
    <m_szDiffColor>ffffd200</m_szDiffColor>
    <m_szBeginTime>2021-02-19 00:00:00</m_szBeginTime>
    <m_szEndTime>2021-02-25 23:59:00</m_szEndTime>
    <m_iStartFloor>5386 </m_iStartFloor>
    <m_iEndFloor>5390 </m_iEndFloor>
    <m_ucResetable>1 </m_ucResetable>
    <m_iResetCost>100 </m_iResetCost>
    <m_ucRewardType>0x1 </m_ucRewardType>
    <m_ucIsNew>0x1 </m_ucIsNew>
    <m_iSeqID>0 </m_iSeqID>
    <m_ucGameType>0x0 </m_ucGameType>
</MissionConfig_Client>
<MissionConfig_Client version="1">
    <m_iMissionID>18 </m_iMissionID>
    <m_szTitle>周末大挑战</m_szTitle>
    <m_iIconID>8 </m_iIconID>
    <m_szDiffDesc>高级</m_szDiffDesc>
    <m_szDiffColor>ffff6600</m_szDiffColor>
    <m_szBeginTime>2021-02-20 00:00:00</m_szBeginTime>
    <m_szEndTime>2021-02-21 23:59:00</m_szEndTime>
    <m_iStartFloor>5391 </m_iStartFloor>
    <m_iEndFloor>5395 </m_iEndFloor>
    <m_ucResetable>1 </m_ucResetable>
    <m_iResetCost>100 </m_iResetCost>
    <m_ucRewardType>0x1 </m_ucRewardType>
    <m_ucIsNew>0x1 </m_ucIsNew>
    <m_iSeqID>0 </m_iSeqID>
    <m_ucGameType>0x0 </m_ucGameType>
</MissionConfig_Client>
<MissionConfig_Client version="1">
    <m_iMissionID>19 </m_iMissionID>
    <m_szTitle>玩转原创</m_szTitle>
    <m_iIconID>10 </m_iIconID>
    <m_szDiffDesc>进阶</m_szDiffDesc>
    <m_szDiffColor>fff00022</m_szDiffColor>
    <m_szBeginTime>2021-02-22 00:00:00</m_szBeginTime>
    <m_szEndTime>2021-02-25 23:59:00</m_szEndTime>
    <m_iStartFloor>5396 </m_iStartFloor>
    <m_iEndFloor>5400 </m_iEndFloor>
    <m_ucResetable>1 </m_ucResetable>
    <m_iResetCost>100 </m_iResetCost>
    <m_ucRewardType>0x1 </m_ucRewardType>
    <m_ucIsNew>0x1 </m_ucIsNew>
    <m_iSeqID>0 </m_iSeqID>
    <m_ucGameType>0x0 </m_ucGameType>
</MissionConfig_Client>
<MissionConfig_Client version="1">
    <m_iMissionID>20 </m_iMissionID>
    <m_szTitle>律动节奏（星动）</m_szTitle>
    <m_iIconID>17 </m_iIconID>
    <m_szDiffDesc>普通</m_szDiffDesc>
    <m_szDiffColor>ffffd200</m_szDiffColor>
    <m_szBeginTime>2021-02-19 00:00:00</m_szBeginTime>
    <m_szEndTime>2021-02-25 23:59:00</m_szEndTime>
    <m_iStartFloor>5401 </m_iStartFloor>
    <m_iEndFloor>5405 </m_iEndFloor>
    <m_ucResetable>1 </m_ucResetable>
    <m_iResetCost>100 </m_iResetCost>
    <m_ucRewardType>0x1 </m_ucRewardType>
    <m_ucIsNew>0x1 </m_ucIsNew>
    <m_iSeqID>0 </m_iSeqID>
    <m_ucGameType>0x1 </m_ucGameType>
</MissionConfig_Client>
<MissionConfig_Client version="1">
    <m_iMissionID>21 </m_iMissionID>
    <m_szTitle>乐享旋律</m_szTitle>
    <m_iIconID>22 </m_iIconID>
    <m_szDiffDesc>普通</m_szDiffDesc>
    <m_szDiffColor>ffffd200</m_szDiffColor>
    <m_szBeginTime>2021-02-26 00:00:00</m_szBeginTime>
    <m_szEndTime>2021-03-04 23:59:00</m_szEndTime>
    <m_iStartFloor>5406 </m_iStartFloor>
    <m_iEndFloor>5410 </m_iEndFloor>
    <m_ucResetable>1 </m_ucResetable>
    <m_iResetCost>100 </m_iResetCost>
    <m_ucRewardType>0x1 </m_ucRewardType>
    <m_ucIsNew>0x1 </m_ucIsNew>
    <m_iSeqID>0 </m_iSeqID>
    <m_ucGameType>0x0 </m_ucGameType>
</MissionConfig_Client>
<MissionConfig_Client version="1">
    <m_iMissionID>22 </m_iMissionID>
    <m_szTitle>周末大挑战</m_szTitle>
    <m_iIconID>8 </m_iIconID>
    <m_szDiffDesc>高级</m_szDiffDesc>
    <m_szDiffColor>ffff6600</m_szDiffColor>
    <m_szBeginTime>2021-02-27 00:00:00</m_szBeginTime>
    <m_szEndTime>2021-02-28 23:59:00</m_szEndTime>
    <m_iStartFloor>5411 </m_iStartFloor>
    <m_iEndFloor>5415 </m_iEndFloor>
    <m_ucResetable>1 </m_ucResetable>
    <m_iResetCost>100 </m_iResetCost>
    <m_ucRewardType>0x1 </m_ucRewardType>
    <m_ucIsNew>0x1 </m_ucIsNew>
    <m_iSeqID>0 </m_iSeqID>
    <m_ucGameType>0x0 </m_ucGameType>
</MissionConfig_Client>
<MissionConfig_Client version="1">
    <m_iMissionID>23 </m_iMissionID>
    <m_szTitle>华语组合</m_szTitle>
    <m_iIconID>56 </m_iIconID>
    <m_szDiffDesc>进阶</m_szDiffDesc>
    <m_szDiffColor>fff00022</m_szDiffColor>
    <m_szBeginTime>2021-03-01 00:00:00</m_szBeginTime>
    <m_szEndTime>2021-03-04 23:59:00</m_szEndTime>
    <m_iStartFloor>5416 </m_iStartFloor>
    <m_iEndFloor>5420 </m_iEndFloor>
    <m_ucResetable>1 </m_ucResetable>
    <m_iResetCost>100 </m_iResetCost>
    <m_ucRewardType>0x1 </m_ucRewardType>
    <m_ucIsNew>0x1 </m_ucIsNew>
    <m_iSeqID>0 </m_iSeqID>
    <m_ucGameType>0x0 </m_ucGameType>
</MissionConfig_Client>
<MissionConfig_Client version="1">
    <m_iMissionID>24 </m_iMissionID>
    <m_szTitle>律动节奏（星动）</m_szTitle>
    <m_iIconID>17 </m_iIconID>
    <m_szDiffDesc>普通</m_szDiffDesc>
    <m_szDiffColor>ffffd200</m_szDiffColor>
    <m_szBeginTime>2021-02-26 00:00:00</m_szBeginTime>
    <m_szEndTime>2021-03-04 23:59:00</m_szEndTime>
    <m_iStartFloor>5421 </m_iStartFloor>
    <m_iEndFloor>5425 </m_iEndFloor>
    <m_ucResetable>1 </m_ucResetable>
    <m_iResetCost>100 </m_iResetCost>
    <m_ucRewardType>0x1 </m_ucRewardType>
    <m_ucIsNew>0x1 </m_ucIsNew>
    <m_iSeqID>0 </m_iSeqID>
    <m_ucGameType>0x1 </m_ucGameType>
</MissionConfig_Client>
<MissionConfig_Client version="1">
    <m_iMissionID>25 </m_iMissionID>
    <m_szTitle>乐享旋律</m_szTitle>
    <m_iIconID>22 </m_iIconID>
    <m_szDiffDesc>普通</m_szDiffDesc>
    <m_szDiffColor>ffffd200</m_szDiffColor>
    <m_szBeginTime>2021-03-05 00:00:00</m_szBeginTime>
    <m_szEndTime>2021-03-11 23:59:00</m_szEndTime>
    <m_iStartFloor>5426 </m_iStartFloor>
    <m_iEndFloor>5430 </m_iEndFloor>
    <m_ucResetable>1 </m_ucResetable>
    <m_iResetCost>100 </m_iResetCost>
    <m_ucRewardType>0x1 </m_ucRewardType>
    <m_ucIsNew>0x1 </m_ucIsNew>
    <m_iSeqID>0 </m_iSeqID>
    <m_ucGameType>0x0 </m_ucGameType>
</MissionConfig_Client>
<MissionConfig_Client version="1">
    <m_iMissionID>26 </m_iMissionID>
    <m_szTitle>周末大挑战</m_szTitle>
    <m_iIconID>8 </m_iIconID>
    <m_szDiffDesc>高级</m_szDiffDesc>
    <m_szDiffColor>ffff6600</m_szDiffColor>
    <m_szBeginTime>2021-03-06 00:00:00</m_szBeginTime>
    <m_szEndTime>2021-03-07 23:59:00</m_szEndTime>
    <m_iStartFloor>5431 </m_iStartFloor>
    <m_iEndFloor>5435 </m_iEndFloor>
    <m_ucResetable>1 </m_ucResetable>
    <m_iResetCost>100 </m_iResetCost>
    <m_ucRewardType>0x1 </m_ucRewardType>
    <m_ucIsNew>0x1 </m_ucIsNew>
    <m_iSeqID>0 </m_iSeqID>
    <m_ucGameType>0x0 </m_ucGameType>
</MissionConfig_Client>
<MissionConfig_Client version="1">
    <m_iMissionID>27 </m_iMissionID>
    <m_szTitle>魅力男声</m_szTitle>
    <m_iIconID>29 </m_iIconID>
    <m_szDiffDesc>进阶</m_szDiffDesc>
    <m_szDiffColor>fff00022</m_szDiffColor>
    <m_szBeginTime>2021-03-08 00:00:00</m_szBeginTime>
    <m_szEndTime>2021-03-11 23:59:00</m_szEndTime>
    <m_iStartFloor>5436 </m_iStartFloor>
    <m_iEndFloor>5440 </m_iEndFloor>
    <m_ucResetable>1 </m_ucResetable>
    <m_iResetCost>100 </m_iResetCost>
    <m_ucRewardType>0x1 </m_ucRewardType>
    <m_ucIsNew>0x1 </m_ucIsNew>
    <m_iSeqID>0 </m_iSeqID>
    <m_ucGameType>0x0 </m_ucGameType>
</MissionConfig_Client>
<MissionConfig_Client version="1">
    <m_iMissionID>28 </m_iMissionID>
    <m_szTitle>律动节奏（星动）</m_szTitle>
    <m_iIconID>17 </m_iIconID>
    <m_szDiffDesc>普通</m_szDiffDesc>
    <m_szDiffColor>ffffd200</m_szDiffColor>
    <m_szBeginTime>2021-03-05 00:00:00</m_szBeginTime>
    <m_szEndTime>2021-03-11 23:59:00</m_szEndTime>
    <m_iStartFloor>5441 </m_iStartFloor>
    <m_iEndFloor>5445 </m_iEndFloor>
    <m_ucResetable>1 </m_ucResetable>
    <m_iResetCost>100 </m_iResetCost>
    <m_ucRewardType>0x1 </m_ucRewardType>
    <m_ucIsNew>0x1 </m_ucIsNew>
    <m_iSeqID>0 </m_iSeqID>
    <m_ucGameType>0x1 </m_ucGameType>
</MissionConfig_Client>
<MissionConfig_Client version="1">
    <m_iMissionID>29 </m_iMissionID>
    <m_szTitle>乐享旋律</m_szTitle>
    <m_iIconID>22 </m_iIconID>
    <m_szDiffDesc>普通</m_szDiffDesc>
    <m_szDiffColor>ffffd200</m_szDiffColor>
    <m_szBeginTime>2021-03-12 00:00:00</m_szBeginTime>
    <m_szEndTime>2021-03-18 23:59:00</m_szEndTime>
    <m_iStartFloor>5446 </m_iStartFloor>
    <m_iEndFloor>5450 </m_iEndFloor>
    <m_ucResetable>1 </m_ucResetable>
    <m_iResetCost>100 </m_iResetCost>
    <m_ucRewardType>0x1 </m_ucRewardType>
    <m_ucIsNew>0x1 </m_ucIsNew>
    <m_iSeqID>0 </m_iSeqID>
    <m_ucGameType>0x0 </m_ucGameType>
</MissionConfig_Client>
<MissionConfig_Client version="1">
    <m_iMissionID>30 </m_iMissionID>
    <m_szTitle>周末大挑战</m_szTitle>
    <m_iIconID>8 </m_iIconID>
    <m_szDiffDesc>高级</m_szDiffDesc>
    <m_szDiffColor>ffff6600</m_szDiffColor>
    <m_szBeginTime>2021-03-13 00:00:00</m_szBeginTime>
    <m_szEndTime>2021-03-14 23:59:00</m_szEndTime>
    <m_iStartFloor>5451 </m_iStartFloor>
    <m_iEndFloor>5455 </m_iEndFloor>
    <m_ucResetable>1 </m_ucResetable>
    <m_iResetCost>100 </m_iResetCost>
    <m_ucRewardType>0x1 </m_ucRewardType>
    <m_ucIsNew>0x1 </m_ucIsNew>
    <m_iSeqID>0 </m_iSeqID>
    <m_ucGameType>0x0 </m_ucGameType>
</MissionConfig_Client>
<MissionConfig_Client version="1">
    <m_iMissionID>31 </m_iMissionID>
    <m_szTitle>女团来袭</m_szTitle>
    <m_iIconID>43 </m_iIconID>
    <m_szDiffDesc>进阶</m_szDiffDesc>
    <m_szDiffColor>fff00022</m_szDiffColor>
    <m_szBeginTime>2021-03-15 00:00:00</m_szBeginTime>
    <m_szEndTime>2021-03-18 23:59:00</m_szEndTime>
    <m_iStartFloor>5456 </m_iStartFloor>
    <m_iEndFloor>5460 </m_iEndFloor>
    <m_ucResetable>1 </m_ucResetable>
    <m_iResetCost>100 </m_iResetCost>
    <m_ucRewardType>0x1 </m_ucRewardType>
    <m_ucIsNew>0x1 </m_ucIsNew>
    <m_iSeqID>0 </m_iSeqID>
    <m_ucGameType>0x0 </m_ucGameType>
</MissionConfig_Client>
<MissionConfig_Client version="1">
    <m_iMissionID>32 </m_iMissionID>
    <m_szTitle>律动节奏（星动）</m_szTitle>
    <m_iIconID>17 </m_iIconID>
    <m_szDiffDesc>普通</m_szDiffDesc>
    <m_szDiffColor>ffffd200</m_szDiffColor>
    <m_szBeginTime>2021-03-12 00:00:00</m_szBeginTime>
    <m_szEndTime>2021-03-18 23:59:00</m_szEndTime>
    <m_iStartFloor>5461 </m_iStartFloor>
    <m_iEndFloor>5465 </m_iEndFloor>
    <m_ucResetable>1 </m_ucResetable>
    <m_iResetCost>100 </m_iResetCost>
    <m_ucRewardType>0x1 </m_ucRewardType>
    <m_ucIsNew>0x1 </m_ucIsNew>
    <m_iSeqID>0 </m_iSeqID>
    <m_ucGameType>0x1 </m_ucGameType>
</MissionConfig_Client>
<MissionConfig_Client version="1">
    <m_iMissionID>33 </m_iMissionID>
    <m_szTitle>乐享旋律</m_szTitle>
    <m_iIconID>22 </m_iIconID>
    <m_szDiffDesc>普通</m_szDiffDesc>
    <m_szDiffColor>ffffd200</m_szDiffColor>
    <m_szBeginTime>2021-03-19 00:00:00</m_szBeginTime>
    <m_szEndTime>2021-03-25 23:59:00</m_szEndTime>
    <m_iStartFloor>5466 </m_iStartFloor>
    <m_iEndFloor>5470 </m_iEndFloor>
    <m_ucResetable>1 </m_ucResetable>
    <m_iResetCost>100 </m_iResetCost>
    <m_ucRewardType>0x1 </m_ucRewardType>
    <m_ucIsNew>0x1 </m_ucIsNew>
    <m_iSeqID>0 </m_iSeqID>
    <m_ucGameType>0x0 </m_ucGameType>
</MissionConfig_Client>
<MissionConfig_Client version="1">
    <m_iMissionID>34 </m_iMissionID>
    <m_szTitle>周末大挑战</m_szTitle>
    <m_iIconID>8 </m_iIconID>
    <m_szDiffDesc>普通</m_szDiffDesc>
    <m_szDiffColor>ffffd200</m_szDiffColor>
    <m_szBeginTime>2021-03-20 00:00:00</m_szBeginTime>
    <m_szEndTime>2021-03-21 23:59:00</m_szEndTime>
    <m_iStartFloor>5471 </m_iStartFloor>
    <m_iEndFloor>5475 </m_iEndFloor>
    <m_ucResetable>1 </m_ucResetable>
    <m_iResetCost>100 </m_iResetCost>
    <m_ucRewardType>0x1 </m_ucRewardType>
    <m_ucIsNew>0x1 </m_ucIsNew>
    <m_iSeqID>0 </m_iSeqID>
    <m_ucGameType>0x0 </m_ucGameType>
</MissionConfig_Client>
<MissionConfig_Client version="1">
    <m_iMissionID>35 </m_iMissionID>
    <m_szTitle>韩日精选</m_szTitle>
    <m_iIconID>47 </m_iIconID>
    <m_szDiffDesc>进阶</m_szDiffDesc>
    <m_szDiffColor>fff00022</m_szDiffColor>
    <m_szBeginTime>2021-03-22 00:00:00</m_szBeginTime>
    <m_szEndTime>2021-03-25 23:59:00</m_szEndTime>
    <m_iStartFloor>5476 </m_iStartFloor>
    <m_iEndFloor>5480 </m_iEndFloor>
    <m_ucResetable>1 </m_ucResetable>
    <m_iResetCost>100 </m_iResetCost>
    <m_ucRewardType>0x1 </m_ucRewardType>
    <m_ucIsNew>0x1 </m_ucIsNew>
    <m_iSeqID>0 </m_iSeqID>
    <m_ucGameType>0x0 </m_ucGameType>
</MissionConfig_Client>
<MissionConfig_Client version="1">
    <m_iMissionID>36 </m_iMissionID>
    <m_szTitle>律动节奏（星动）</m_szTitle>
    <m_iIconID>17 </m_iIconID>
    <m_szDiffDesc>普通</m_szDiffDesc>
    <m_szDiffColor>ffffd200</m_szDiffColor>
    <m_szBeginTime>2021-03-19 00:00:00</m_szBeginTime>
    <m_szEndTime>2021-03-25 23:59:00</m_szEndTime>
    <m_iStartFloor>5481 </m_iStartFloor>
    <m_iEndFloor>5485 </m_iEndFloor>
    <m_ucResetable>1 </m_ucResetable>
    <m_iResetCost>100 </m_iResetCost>
    <m_ucRewardType>0x1 </m_ucRewardType>
    <m_ucIsNew>0x1 </m_ucIsNew>
    <m_iSeqID>0 </m_iSeqID>
    <m_ucGameType>0x1 </m_ucGameType>
</MissionConfig_Client>
<MissionConfig_Client version="1">
    <m_iMissionID>69 </m_iMissionID>
    <m_szTitle>乐享旋律</m_szTitle>
    <m_iIconID>22 </m_iIconID>
    <m_szDiffDesc>普通</m_szDiffDesc>
    <m_szDiffColor>ffffd200</m_szDiffColor>
    <m_szBeginTime>2020-12-18 00:00:00</m_szBeginTime>
    <m_szEndTime>2020-12-24 23:59:00</m_szEndTime>
    <m_iStartFloor>6246 </m_iStartFloor>
    <m_iEndFloor>6250 </m_iEndFloor>
    <m_ucResetable>1 </m_ucResetable>
    <m_iResetCost>100 </m_iResetCost>
    <m_ucRewardType>0x1 </m_ucRewardType>
    <m_ucIsNew>0x1 </m_ucIsNew>
    <m_iSeqID>0 </m_iSeqID>
    <m_ucGameType>0x0 </m_ucGameType>
</MissionConfig_Client>
<MissionConfig_Client version="1">
    <m_iMissionID>70 </m_iMissionID>
    <m_szTitle>周末大挑战</m_szTitle>
    <m_iIconID>8 </m_iIconID>
    <m_szDiffDesc>高级</m_szDiffDesc>
    <m_szDiffColor>ffff6600</m_szDiffColor>
    <m_szBeginTime>2020-12-19 00:00:00</m_szBeginTime>
    <m_szEndTime>2020-12-20 23:59:00</m_szEndTime>
    <m_iStartFloor>6251 </m_iStartFloor>
    <m_iEndFloor>6255 </m_iEndFloor>
    <m_ucResetable>1 </m_ucResetable>
    <m_iResetCost>100 </m_iResetCost>
    <m_ucRewardType>0x1 </m_ucRewardType>
    <m_ucIsNew>0x1 </m_ucIsNew>
    <m_iSeqID>0 </m_iSeqID>
    <m_ucGameType>0x0 </m_ucGameType>
</MissionConfig_Client>
<MissionConfig_Client version="1">
    <m_iMissionID>71 </m_iMissionID>
    <m_szTitle>S大挑战</m_szTitle>
    <m_iIconID>57 </m_iIconID>
    <m_szDiffDesc>进阶</m_szDiffDesc>
    <m_szDiffColor>fff00022</m_szDiffColor>
    <m_szBeginTime>2020-12-21 00:00:00</m_szBeginTime>
    <m_szEndTime>2020-12-24 23:59:00</m_szEndTime>
    <m_iStartFloor>6256 </m_iStartFloor>
    <m_iEndFloor>6260 </m_iEndFloor>
    <m_ucResetable>1 </m_ucResetable>
    <m_iResetCost>100 </m_iResetCost>
    <m_ucRewardType>0x1 </m_ucRewardType>
    <m_ucIsNew>0x1 </m_ucIsNew>
    <m_iSeqID>0 </m_iSeqID>
    <m_ucGameType>0x0 </m_ucGameType>
</MissionConfig_Client>
<MissionConfig_Client version="1">
    <m_iMissionID>72 </m_iMissionID>
    <m_szTitle>律动节奏（星动）</m_szTitle>
    <m_iIconID>17 </m_iIconID>
    <m_szDiffDesc>普通</m_szDiffDesc>
    <m_szDiffColor>ffffd200</m_szDiffColor>
    <m_szBeginTime>2020-12-18 00:00:00</m_szBeginTime>
    <m_szEndTime>2020-12-24 23:59:00</m_szEndTime>
    <m_iStartFloor>6261 </m_iStartFloor>
    <m_iEndFloor>6265 </m_iEndFloor>
    <m_ucResetable>1 </m_ucResetable>
    <m_iResetCost>100 </m_iResetCost>
    <m_ucRewardType>0x1 </m_ucRewardType>
    <m_ucIsNew>0x1 </m_ucIsNew>
    <m_iSeqID>0 </m_iSeqID>
    <m_ucGameType>0x1 </m_ucGameType>
</MissionConfig_Client>
<MissionConfig_Client version="1">
    <m_iMissionID>73 </m_iMissionID>
    <m_szTitle>乐享旋律</m_szTitle>
    <m_iIconID>22 </m_iIconID>
    <m_szDiffDesc>高级</m_szDiffDesc>
    <m_szDiffColor>ffff6600</m_szDiffColor>
    <m_szBeginTime>2020-12-25 00:00:00</m_szBeginTime>
    <m_szEndTime>2020-12-31 23:59:00</m_szEndTime>
    <m_iStartFloor>5176 </m_iStartFloor>
    <m_iEndFloor>5180 </m_iEndFloor>
    <m_ucResetable>1 </m_ucResetable>
    <m_iResetCost>100 </m_iResetCost>
    <m_ucRewardType>0x1 </m_ucRewardType>
    <m_ucIsNew>0x1 </m_ucIsNew>
    <m_iSeqID>0 </m_iSeqID>
    <m_ucGameType>0x0 </m_ucGameType>
</MissionConfig_Client>
<MissionConfig_Client version="1">
    <m_iMissionID>74 </m_iMissionID>
    <m_szTitle>圣诞节大放送</m_szTitle>
    <m_iIconID>37 </m_iIconID>
    <m_szDiffDesc>普通</m_szDiffDesc>
    <m_szDiffColor>ffffd200</m_szDiffColor>
    <m_szBeginTime>2020-12-25 00:00:00</m_szBeginTime>
    <m_szEndTime>2020-12-26 23:59:00</m_szEndTime>
    <m_iStartFloor>5181 </m_iStartFloor>
    <m_iEndFloor>5185 </m_iEndFloor>
    <m_ucResetable>1 </m_ucResetable>
    <m_iResetCost>100 </m_iResetCost>
    <m_ucRewardType>0x1 </m_ucRewardType>
    <m_ucIsNew>0x1 </m_ucIsNew>
    <m_iSeqID>0 </m_iSeqID>
    <m_ucGameType>0x0 </m_ucGameType>
</MissionConfig_Client>
<MissionConfig_Client version="1">
    <m_iMissionID>75 </m_iMissionID>
    <m_szTitle>玩转原创</m_szTitle>
    <m_iIconID>10 </m_iIconID>
    <m_szDiffDesc>进阶</m_szDiffDesc>
    <m_szDiffColor>fff00022</m_szDiffColor>
    <m_szBeginTime>2020-12-28 00:00:00</m_szBeginTime>
    <m_szEndTime>2020-12-31 23:59:00</m_szEndTime>
    <m_iStartFloor>5186 </m_iStartFloor>
    <m_iEndFloor>5190 </m_iEndFloor>
    <m_ucResetable>1 </m_ucResetable>
    <m_iResetCost>100 </m_iResetCost>
    <m_ucRewardType>0x1 </m_ucRewardType>
    <m_ucIsNew>0x1 </m_ucIsNew>
    <m_iSeqID>0 </m_iSeqID>
    <m_ucGameType>0x0 </m_ucGameType>
</MissionConfig_Client>
<MissionConfig_Client version="1">
    <m_iMissionID>76 </m_iMissionID>
    <m_szTitle>律动节奏（星动）</m_szTitle>
    <m_iIconID>17 </m_iIconID>
    <m_szDiffDesc>普通</m_szDiffDesc>
    <m_szDiffColor>ffffd200</m_szDiffColor>
    <m_szBeginTime>2020-12-25 00:00:00</m_szBeginTime>
    <m_szEndTime>2020-12-31 23:59:00</m_szEndTime>
    <m_iStartFloor>5191 </m_iStartFloor>
    <m_iEndFloor>5195 </m_iEndFloor>
    <m_ucResetable>1 </m_ucResetable>
    <m_iResetCost>100 </m_iResetCost>
    <m_ucRewardType>0x1 </m_ucRewardType>
    <m_ucIsNew>0x1 </m_ucIsNew>
    <m_iSeqID>0 </m_iSeqID>
    <m_ucGameType>0x1 </m_ucGameType>
</MissionConfig_Client>
<MissionConfig_Client version="1">
    <m_iMissionID>77 </m_iMissionID>
    <m_szTitle>乐享旋律</m_szTitle>
    <m_iIconID>22 </m_iIconID>
    <m_szDiffDesc>普通</m_szDiffDesc>
    <m_szDiffColor>ffffd200</m_szDiffColor>
    <m_szBeginTime>2021-01-01 00:00:00</m_szBeginTime>
    <m_szEndTime>2021-01-07 23:59:00</m_szEndTime>
    <m_iStartFloor>5196 </m_iStartFloor>
    <m_iEndFloor>5200 </m_iEndFloor>
    <m_ucResetable>1 </m_ucResetable>
    <m_iResetCost>100 </m_iResetCost>
    <m_ucRewardType>0x1 </m_ucRewardType>
    <m_ucIsNew>0x1 </m_ucIsNew>
    <m_iSeqID>0 </m_iSeqID>
    <m_ucGameType>0x0 </m_ucGameType>
</MissionConfig_Client>
<MissionConfig_Client version="1">
    <m_iMissionID>78 </m_iMissionID>
    <m_szTitle>元旦狂欢</m_szTitle>
    <m_iIconID>41 </m_iIconID>
    <m_szDiffDesc>高级</m_szDiffDesc>
    <m_szDiffColor>ffff6600</m_szDiffColor>
    <m_szBeginTime>2021-01-01 00:00:00</m_szBeginTime>
    <m_szEndTime>2021-01-02 23:59:00</m_szEndTime>
    <m_iStartFloor>5201 </m_iStartFloor>
    <m_iEndFloor>5205 </m_iEndFloor>
    <m_ucResetable>1 </m_ucResetable>
    <m_iResetCost>100 </m_iResetCost>
    <m_ucRewardType>0x1 </m_ucRewardType>
    <m_ucIsNew>0x1 </m_ucIsNew>
    <m_iSeqID>0 </m_iSeqID>
    <m_ucGameType>0x0 </m_ucGameType>
</MissionConfig_Client>
<MissionConfig_Client version="1">
    <m_iMissionID>79 </m_iMissionID>
    <m_szTitle>S大挑战</m_szTitle>
    <m_iIconID>10 </m_iIconID>
    <m_szDiffDesc>进阶</m_szDiffDesc>
    <m_szDiffColor>fff00022</m_szDiffColor>
    <m_szBeginTime>2021-01-04 00:00:00</m_szBeginTime>
    <m_szEndTime>2021-01-07 23:59:00</m_szEndTime>
    <m_iStartFloor>5206 </m_iStartFloor>
    <m_iEndFloor>5210 </m_iEndFloor>
    <m_ucResetable>1 </m_ucResetable>
    <m_iResetCost>100 </m_iResetCost>
    <m_ucRewardType>0x1 </m_ucRewardType>
    <m_ucIsNew>0x1 </m_ucIsNew>
    <m_iSeqID>0 </m_iSeqID>
    <m_ucGameType>0x0 </m_ucGameType>
</MissionConfig_Client>
<MissionConfig_Client version="1">
    <m_iMissionID>80 </m_iMissionID>
    <m_szTitle>律动节奏（星动）</m_szTitle>
    <m_iIconID>17 </m_iIconID>
    <m_szDiffDesc>普通</m_szDiffDesc>
    <m_szDiffColor>ffffd200</m_szDiffColor>
    <m_szBeginTime>2021-01-01 00:00:00</m_szBeginTime>
    <m_szEndTime>2021-01-07 23:59:00</m_szEndTime>
    <m_iStartFloor>5211 </m_iStartFloor>
    <m_iEndFloor>5215 </m_iEndFloor>
    <m_ucResetable>1 </m_ucResetable>
    <m_iResetCost>100 </m_iResetCost>
    <m_ucRewardType>0x1 </m_ucRewardType>
    <m_ucIsNew>0x1 </m_ucIsNew>
    <m_iSeqID>0 </m_iSeqID>
    <m_ucGameType>0x1 </m_ucGameType>
</MissionConfig_Client>
<MissionConfig_Client version="1">
    <m_iMissionID>81 </m_iMissionID>
    <m_szTitle>乐享旋律</m_szTitle>
    <m_iIconID>22 </m_iIconID>
    <m_szDiffDesc>普通</m_szDiffDesc>
    <m_szDiffColor>ffffd200</m_szDiffColor>
    <m_szBeginTime>2021-01-08 00:00:00</m_szBeginTime>
    <m_szEndTime>2021-01-14 23:59:00</m_szEndTime>
    <m_iStartFloor>5216 </m_iStartFloor>
    <m_iEndFloor>5220 </m_iEndFloor>
    <m_ucResetable>1 </m_ucResetable>
    <m_iResetCost>100 </m_iResetCost>
    <m_ucRewardType>0x1 </m_ucRewardType>
    <m_ucIsNew>0x1 </m_ucIsNew>
    <m_iSeqID>0 </m_iSeqID>
    <m_ucGameType>0x0 </m_ucGameType>
</MissionConfig_Client>
<MissionConfig_Client version="1">
    <m_iMissionID>82 </m_iMissionID>
    <m_szTitle>周末大挑战</m_szTitle>
    <m_iIconID>8 </m_iIconID>
    <m_szDiffDesc>高级</m_szDiffDesc>
    <m_szDiffColor>ffff6600</m_szDiffColor>
    <m_szBeginTime>2021-01-09 00:00:00</m_szBeginTime>
    <m_szEndTime>2021-01-10 23:59:00</m_szEndTime>
    <m_iStartFloor>5221 </m_iStartFloor>
    <m_iEndFloor>5225 </m_iEndFloor>
    <m_ucResetable>1 </m_ucResetable>
    <m_iResetCost>100 </m_iResetCost>
    <m_ucRewardType>0x1 </m_ucRewardType>
    <m_ucIsNew>0x1 </m_ucIsNew>
    <m_iSeqID>0 </m_iSeqID>
    <m_ucGameType>0x0 </m_ucGameType>
</MissionConfig_Client>
<MissionConfig_Client version="1">
    <m_iMissionID>83 </m_iMissionID>
    <m_szTitle>华语组合</m_szTitle>
    <m_iIconID>56 </m_iIconID>
    <m_szDiffDesc>进阶</m_szDiffDesc>
    <m_szDiffColor>fff00022</m_szDiffColor>
    <m_szBeginTime>2021-01-11 00:00:00</m_szBeginTime>
    <m_szEndTime>2021-01-14 23:59:00</m_szEndTime>
    <m_iStartFloor>5226 </m_iStartFloor>
    <m_iEndFloor>5230 </m_iEndFloor>
    <m_ucResetable>1 </m_ucResetable>
    <m_iResetCost>100 </m_iResetCost>
    <m_ucRewardType>0x1 </m_ucRewardType>
    <m_ucIsNew>0x1 </m_ucIsNew>
    <m_iSeqID>0 </m_iSeqID>
    <m_ucGameType>0x0 </m_ucGameType>
</MissionConfig_Client>
<MissionConfig_Client version="1">
    <m_iMissionID>84 </m_iMissionID>
    <m_szTitle>律动节奏（星动）</m_szTitle>
    <m_iIconID>17 </m_iIconID>
    <m_szDiffDesc>普通</m_szDiffDesc>
    <m_szDiffColor>ffffd200</m_szDiffColor>
    <m_szBeginTime>2021-01-08 00:00:00</m_szBeginTime>
    <m_szEndTime>2021-01-14 23:59:00</m_szEndTime>
    <m_iStartFloor>5231 </m_iStartFloor>
    <m_iEndFloor>5235 </m_iEndFloor>
    <m_ucResetable>1 </m_ucResetable>
    <m_iResetCost>100 </m_iResetCost>
    <m_ucRewardType>0x1 </m_ucRewardType>
    <m_ucIsNew>0x1 </m_ucIsNew>
    <m_iSeqID>0 </m_iSeqID>
    <m_ucGameType>0x1 </m_ucGameType>
</MissionConfig_Client>
<MissionConfig_Client version="1">
    <m_iMissionID>85 </m_iMissionID>
    <m_szTitle>乐享旋律</m_szTitle>
    <m_iIconID>22 </m_iIconID>
    <m_szDiffDesc>普通</m_szDiffDesc>
    <m_szDiffColor>ffffd200</m_szDiffColor>
    <m_szBeginTime>2021-01-15 00:00:00</m_szBeginTime>
    <m_szEndTime>2021-01-21 23:59:00</m_szEndTime>
    <m_iStartFloor>5236 </m_iStartFloor>
    <m_iEndFloor>5240 </m_iEndFloor>
    <m_ucResetable>1 </m_ucResetable>
    <m_iResetCost>100 </m_iResetCost>
    <m_ucRewardType>0x1 </m_ucRewardType>
    <m_ucIsNew>0x1 </m_ucIsNew>
    <m_iSeqID>0 </m_iSeqID>
    <m_ucGameType>0x0 </m_ucGameType>
</MissionConfig_Client>
<MissionConfig_Client version="1">
    <m_iMissionID>86 </m_iMissionID>
    <m_szTitle>周末大挑战</m_szTitle>
    <m_iIconID>8 </m_iIconID>
    <m_szDiffDesc>高级</m_szDiffDesc>
    <m_szDiffColor>ffff6600</m_szDiffColor>
    <m_szBeginTime>2021-01-16 00:00:00</m_szBeginTime>
    <m_szEndTime>2021-01-17 23:59:00</m_szEndTime>
    <m_iStartFloor>5241 </m_iStartFloor>
    <m_iEndFloor>5245 </m_iEndFloor>
    <m_ucResetable>1 </m_ucResetable>
    <m_iResetCost>100 </m_iResetCost>
    <m_ucRewardType>0x1 </m_ucRewardType>
    <m_ucIsNew>0x1 </m_ucIsNew>
    <m_iSeqID>0 </m_iSeqID>
    <m_ucGameType>0x0 </m_ucGameType>
</MissionConfig_Client>
<MissionConfig_Client version="1">
    <m_iMissionID>87 </m_iMissionID>
    <m_szTitle>玩转原创</m_szTitle>
    <m_iIconID>10 </m_iIconID>
    <m_szDiffDesc>进阶</m_szDiffDesc>
    <m_szDiffColor>fff00022</m_szDiffColor>
    <m_szBeginTime>2021-01-18 00:00:00</m_szBeginTime>
    <m_szEndTime>2021-01-21 23:59:00</m_szEndTime>
    <m_iStartFloor>5246 </m_iStartFloor>
    <m_iEndFloor>5250 </m_iEndFloor>
    <m_ucResetable>1 </m_ucResetable>
    <m_iResetCost>100 </m_iResetCost>
    <m_ucRewardType>0x1 </m_ucRewardType>
    <m_ucIsNew>0x1 </m_ucIsNew>
    <m_iSeqID>0 </m_iSeqID>
    <m_ucGameType>0x0 </m_ucGameType>
</MissionConfig_Client>
<MissionConfig_Client version="1">
    <m_iMissionID>88 </m_iMissionID>
    <m_szTitle>律动节奏（星动）</m_szTitle>
    <m_iIconID>17 </m_iIconID>
    <m_szDiffDesc>普通</m_szDiffDesc>
    <m_szDiffColor>ffffd200</m_szDiffColor>
    <m_szBeginTime>2021-01-15 00:00:00</m_szBeginTime>
    <m_szEndTime>2021-01-21 23:59:00</m_szEndTime>
    <m_iStartFloor>5251 </m_iStartFloor>
    <m_iEndFloor>5255 </m_iEndFloor>
    <m_ucResetable>1 </m_ucResetable>
    <m_iResetCost>100 </m_iResetCost>
    <m_ucRewardType>0x1 </m_ucRewardType>
    <m_ucIsNew>0x1 </m_ucIsNew>
    <m_iSeqID>0 </m_iSeqID>
    <m_ucGameType>0x1 </m_ucGameType>
</MissionConfig_Client>
</MissionConfig_Client_Tab>