<?xml version="1.0" encoding="utf-8" standalone="yes" ?>
<TableCfg_Tab>
  <TableCfg>
    <ver>1486</ver>
  </TableCfg>
  <TableInfo>
	<TableName>mrock.floornode_client.xml</TableName>
	<WebPrior>1</WebPrior>
  </TableInfo>
  <TableInfo>
	<TableName>mrock_match_client.xml</TableName>
	<WebPrior>1</WebPrior>
  </TableInfo>
  <TableInfo>
	<TableName>mrock_match_division_client.xml</TableName>
	<WebPrior>1</WebPrior>
  </TableInfo>
  <TableInfo>
	<TableName>mrock_SongPkg_client.xml</TableName>
	<WebPrior>1</WebPrior>
  </TableInfo>
  <TableInfo>
	<TableName>mrock.floorreward_client.xml</TableName>
	<WebPrior>1</WebPrior>
  </TableInfo>
  <TableInfo>
	<TableName>mrock.active_client.xml</TableName>
	<WebPrior>1</WebPrior>
  </TableInfo>
  <TableInfo>
	<TableName>errno_main_client.xml</TableName>
	<WebPrior>1</WebPrior>
  </TableInfo>
  <TableInfo>
	<TableName>mrock_txt_client.xml</TableName>
	<WebPrior>1</WebPrior>
  </TableInfo>
  <TableInfo>
	<TableName>mrock.innerpublicnotify_client.xml</TableName>
	<WebPrior>1</WebPrior>
  </TableInfo>
  <TableInfo>
	<TableName>mrock.marketact_client.xml</TableName>
	<WebPrior>1</WebPrior>
  </TableInfo>
  <TableInfo>
	<TableName>mrock_song_client.xml</TableName>
	<WebPrior>1</WebPrior>
  </TableInfo>
    <TableInfo>
	<TableName>mrock.mission_client.xml</TableName>
	<WebPrior>1</WebPrior>
  </TableInfo>
    <TableInfo>
	<TableName>mrock.innerrace_client.xml</TableName>
	<WebPrior>1</WebPrior>
  </TableInfo>
    <TableInfo>
	<TableName>mrock_papasong_client.xml</TableName>
	<WebPrior>1</WebPrior>
  </TableInfo>
    <TableInfo>
	<TableName>mrock_questconfig_client.xml</TableName>
	<WebPrior>1</WebPrior>
  </TableInfo>
    <TableInfo>
	<TableName>mrock.scoreexchange_client.xml</TableName>
	<WebPrior>1</WebPrior>
  </TableInfo>
    <TableInfo>
	<TableName>mrock_room_client.xml</TableName>
	<WebPrior>1</WebPrior>
  </TableInfo>
    <TableInfo>
	<TableName>mrock.surviveact_client.xml</TableName>
	<WebPrior>1</WebPrior>
  </TableInfo>
    <TableInfo>
	<TableName>mrock.character_client.xml</TableName>
	<WebPrior>1</WebPrior>
  </TableInfo>
    <TableInfo>
	<TableName>mrock.scorebuy_client.xml</TableName>
	<WebPrior>1</WebPrior>
  </TableInfo>
    <TableInfo>
	<TableName>mrock_SysParam_client.xml</TableName>
	<WebPrior>1</WebPrior>
  </TableInfo>
    <TableInfo>
	<TableName>mrock.timelimitcharacter_client.xml</TableName>
	<WebPrior>1</WebPrior>
  </TableInfo>
    <TableInfo>
	<TableName>mrock_buynew_client.xml</TableName>
	<WebPrior>1</WebPrior>
  </TableInfo>
    <TableInfo>
	<TableName>mrock.characterproperty_client.xml</TableName>
	<WebPrior>1</WebPrior>
  </TableInfo>
    <TableInfo>
	<TableName>mrock.luckyturntablereward_client.xml</TableName>
	<WebPrior>1</WebPrior>
  </TableInfo>
    <TableInfo>
	<TableName>mrock.luckyturntabletypeshow_client.xml</TableName>
	<WebPrior>1</WebPrior>
  </TableInfo>
    <TableInfo>
	<TableName>mrock.thingbuy_client.xml</TableName>
	<WebPrior>1</WebPrior>
  </TableInfo>
<TableInfo>
	<TableName>mrock_Map_client.xml</TableName>
	<WebPrior>1</WebPrior>
  </TableInfo>
  <TableInfo>
	<TableName>mrock_share_client.xml</TableName>
	<WebPrior>1</WebPrior>
  </TableInfo>
  <TableInfo>
	<TableName>mrock_scoreexchange_client.xml</TableName>
	<WebPrior>1</WebPrior>
  </TableInfo>
  <TableInfo>
	<TableName>mrock_noble_client.xml</TableName>
	<WebPrior>1</WebPrior>
  </TableInfo>
  <TableInfo>
	<TableName>mrock_guildactivity_client.xml</TableName>
	<WebPrior>1</WebPrior>
  </TableInfo>
  <TableInfo>
	<TableName>mrock_guild_song_client.xml</TableName>
	<WebPrior>1</WebPrior>
  </TableInfo>
  <TableInfo>
	<TableName>mrock_noble_gift_client.xml</TableName>
	<WebPrior>1</WebPrior>
  </TableInfo>
  <TableInfo>
	<TableName>mrock_recharge_ios_client.xml</TableName>
	<WebPrior>1</WebPrior>
  </TableInfo>
<TableInfo>
	<TableName>mrock_dailyactive_client.xml</TableName>
	<WebPrior>1</WebPrior>
  </TableInfo>
  <TableInfo>
	<TableName>mrock_medal_client.xml</TableName>
	<WebPrior>1</WebPrior>
  </TableInfo>
  <TableInfo>
	<TableName>mrock_starmall_exchange_client.xml</TableName>
	<WebPrior>1</WebPrior>
  </TableInfo>
  <TableInfo>
	<TableName>mrock_songlevel_client.xml</TableName>
	<WebPrior>1</WebPrior>
  </TableInfo>
</TableCfg_Tab>